Iso3,StartDate,EndDate,Area Code,Area Code (M49),Area,Item Code,Item,Element Code,Element,Year Code,Year,Unit,Value,Flag,Note
BFA,2000-01-01,2002-12-31,233,'854,Burkina Faso,21010,Average dietary energy supply adequacy (percent) (3-year average),6121,Value,20002002,2002,%,108,E,
BFA,2001-01-01,2003-12-31,233,'854,Burkina Faso,21010,Average dietary energy supply adequacy (percent) (3-year average),6121,Value,20012003,2003,%,111,E,
BFA,2002-01-01,2004-12-31,233,'854,Burkina Faso,21010,Average dietary energy supply adequacy (percent) (3-year average),6121,Value,20022004,2004,%,113,E,
BFA,2003-01-01,2005-12-31,233,'854,Burkina Faso,21010,Average dietary energy supply adequacy (percent) (3-year average),6121,Value,20032005,2005,%,115,E,
BFA,2004-01-01,2006-12-31,233,'854,Burkina Faso,21010,Average dietary energy supply adequacy (percent) (3-year average),6121,Value,20042006,2006,%,115,E,
BFA,2005-01-01,2007-12-31,233,'854,Burkina Faso,21010,Average dietary energy supply adequacy (percent) (3-year average),6121,Value,20052007,2007,%,116,E,
BFA,2006-01-01,2008-12-31,233,'854,Burkina Faso,21010,Average dietary energy supply adequacy (percent) (3-year average),6121,Value,20062008,2008,%,117,E,
BFA,2007-01-01,2009-12-31,233,'854,Burkina Faso,21010,Average dietary energy supply adequacy (percent) (3-year average),6121,Value,20072009,2009,%,117,E,
BFA,2008-01-01,2010-12-31,233,'854,Burkina Faso,21010,Average dietary energy supply adequacy (percent) (3-year average),6121,Value,20082010,2010,%,118,E,
BFA,2009-01-01,2011-12-31,233,'854,Burkina Faso,21010,Average dietary energy supply adequacy (percent) (3-year average),6121,Value,20092011,2011,%,118,E,
BFA,2010-01-01,2012-12-31,233,'854,Burkina Faso,21010,Average dietary energy supply adequacy (percent) (3-year average),6121,Value,20102012,2012,%,119,E,
BFA,2011-01-01,2013-12-31,233,'854,Burkina Faso,21010,Average dietary energy supply adequacy (percent) (3-year average),6121,Value,20112013,2013,%,120,E,
BFA,2012-01-01,2014-12-31,233,'854,Burkina Faso,21010,Average dietary energy supply adequacy (percent) (3-year average),6121,Value,20122014,2014,%,120,E,
BFA,2013-01-01,2015-12-31,233,'854,Burkina Faso,21010,Average dietary energy supply adequacy (percent) (3-year average),6121,Value,20132015,2015,%,120,E,
BFA,2014-01-01,2016-12-31,233,'854,Burkina Faso,21010,Average dietary energy supply adequacy (percent) (3-year average),6121,Value,20142016,2016,%,120,E,
BFA,2015-01-01,2017-12-31,233,'854,Burkina Faso,21010,Average dietary energy supply adequacy (percent) (3-year average),6121,Value,20152017,2017,%,119,E,
BFA,2016-01-01,2018-12-31,233,'854,Burkina Faso,21010,Average dietary energy supply adequacy (percent) (3-year average),6121,Value,20162018,2018,%,119,E,
BFA,2017-01-01,2019-12-31,233,'854,Burkina Faso,21010,Average dietary energy supply adequacy (percent) (3-year average),6121,Value,20172019,2019,%,119,E,
BFA,2018-01-01,2020-12-31,233,'854,Burkina Faso,21010,Average dietary energy supply adequacy (percent) (3-year average),6121,Value,20182020,2020,%,119,E,
BFA,2019-01-01,2021-12-31,233,'854,Burkina Faso,21010,Average dietary energy supply adequacy (percent) (3-year average),6121,Value,20192021,2021,%,118,E,
BFA,2020-01-01,2022-12-31,233,'854,Burkina Faso,21010,Average dietary energy supply adequacy (percent) (3-year average),6121,Value,20202022,2022,%,119,E,
BFA,2021-01-01,2023-12-31,233,'854,Burkina Faso,21010,Average dietary energy supply adequacy (percent) (3-year average),6121,Value,20212023,2023,%,120,E,
BFA,2022-01-01,2024-12-31,233,'854,Burkina Faso,21010,Average dietary energy supply adequacy (percent) (3-year average),6121,Value,20222024,2024,%,121,E,
BFA,2001-01-01,2001-12-31,233,'854,Burkina Faso,220001,Dietary energy supply used in the estimation of the prevalence of undernourishment (kcal/cap/day),6128,Value,2001,2001,kcal/cap/d,2341,E,
BFA,2002-01-01,2002-12-31,233,'854,Burkina Faso,220001,Dietary energy supply used in the estimation of the prevalence of undernourishment (kcal/cap/day),6128,Value,2002,2002,kcal/cap/d,2421,E,
BFA,2003-01-01,2003-12-31,233,'854,Burkina Faso,220001,Dietary energy supply used in the estimation of the prevalence of undernourishment (kcal/cap/day),6128,Value,2003,2003,kcal/cap/d,2503,E,
BFA,2004-01-01,2004-12-31,233,'854,Burkina Faso,220001,Dietary energy supply used in the estimation of the prevalence of undernourishment (kcal/cap/day),6128,Value,2004,2004,kcal/cap/d,2516,E,
BFA,2005-01-01,2005-12-31,233,'854,Burkina Faso,220001,Dietary energy supply used in the estimation of the prevalence of undernourishment (kcal/cap/day),6128,Value,2005,2005,kcal/cap/d,2533,E,
BFA,2006-01-01,2006-12-31,233,'854,Burkina Faso,220001,Dietary energy supply used in the estimation of the prevalence of undernourishment (kcal/cap/day),6128,Value,2006,2006,kcal/cap/d,2549,E,
BFA,2007-01-01,2007-12-31,233,'854,Burkina Faso,220001,Dietary energy supply used in the estimation of the prevalence of undernourishment (kcal/cap/day),6128,Value,2007,2007,kcal/cap/d,2566,E,
BFA,2008-01-01,2008-12-31,233,'854,Burkina Faso,220001,Dietary energy supply used in the estimation of the prevalence of undernourishment (kcal/cap/day),6128,Value,2008,2008,kcal/cap/d,2582,E,
BFA,2009-01-01,2009-12-31,233,'854,Burkina Faso,220001,Dietary energy supply used in the estimation of the prevalence of undernourishment (kcal/cap/day),6128,Value,2009,2009,kcal/cap/d,2599,E,
BFA,2010-01-01,2010-12-31,233,'854,Burkina Faso,220001,Dietary energy supply used in the estimation of the prevalence of undernourishment (kcal/cap/day),6128,Value,2010,2010,kcal/cap/d,2605,E,
BFA,2011-01-01,2011-12-31,233,'854,Burkina Faso,220001,Dietary energy supply used in the estimation of the prevalence of undernourishment (kcal/cap/day),6128,Value,2011,2011,kcal/cap/d,2582,E,
BFA,2012-01-01,2012-12-31,233,'854,Burkina Faso,220001,Dietary energy supply used in the estimation of the prevalence of undernourishment (kcal/cap/day),6128,Value,2012,2012,kcal/cap/d,2642,E,
BFA,2013-01-01,2013-12-31,233,'854,Burkina Faso,220001,Dietary energy supply used in the estimation of the prevalence of undernourishment (kcal/cap/day),6128,Value,2013,2013,kcal/cap/d,2661,E,
BFA,2014-01-01,2014-12-31,233,'854,Burkina Faso,220001,Dietary energy supply used in the estimation of the prevalence of undernourishment (kcal/cap/day),6128,Value,2014,2014,kcal/cap/d,2648,E,
BFA,2015-01-01,2015-12-31,233,'854,Burkina Faso,220001,Dietary energy supply used in the estimation of the prevalence of undernourishment (kcal/cap/day),6128,Value,2015,2015,kcal/cap/d,2653,E,
BFA,2016-01-01,2016-12-31,233,'854,Burkina Faso,220001,Dietary energy supply used in the estimation of the prevalence of undernourishment (kcal/cap/day),6128,Value,2016,2016,kcal/cap/d,2644,E,
BFA,2017-01-01,2017-12-31,233,'854,Burkina Faso,220001,Dietary energy supply used in the estimation of the prevalence of undernourishment (kcal/cap/day),6128,Value,2017,2017,kcal/cap/d,2618,E,
BFA,2018-01-01,2018-12-31,233,'854,Burkina Faso,220001,Dietary energy supply used in the estimation of the prevalence of undernourishment (kcal/cap/day),6128,Value,2018,2018,kcal/cap/d,2655,E,
BFA,2019-01-01,2019-12-31,233,'854,Burkina Faso,220001,Dietary energy supply used in the estimation of the prevalence of undernourishment (kcal/cap/day),6128,Value,2019,2019,kcal/cap/d,2629,E,
BFA,2020-01-01,2020-12-31,233,'854,Burkina Faso,220001,Dietary energy supply used in the estimation of the prevalence of undernourishment (kcal/cap/day),6128,Value,2020,2020,kcal/cap/d,2679,E,
BFA,2021-01-01,2021-12-31,233,'854,Burkina Faso,220001,Dietary energy supply used in the estimation of the prevalence of undernourishment (kcal/cap/day),6128,Value,2021,2021,kcal/cap/d,2651,E,
BFA,2022-01-01,2022-12-31,233,'854,Burkina Faso,220001,Dietary energy supply used in the estimation of the prevalence of undernourishment (kcal/cap/day),6128,Value,2022,2022,kcal/cap/d,2739,E,
BFA,2023-01-01,2023-12-31,233,'854,Burkina Faso,220001,Dietary energy supply used in the estimation of the prevalence of undernourishment (kcal/cap/day),6128,Value,2023,2023,kcal/cap/d,2764,E,
BFA,2000-01-01,2002-12-31,233,'854,Burkina Faso,22000,Dietary energy supply used in the estimation of the prevalence of undernourishment (kcal/cap/day) (3-year average),6128,Value,20002002,2002,kcal/cap/d,2363,E,
BFA,2001-01-01,2003-12-31,233,'854,Burkina Faso,22000,Dietary energy supply used in the estimation of the prevalence of undernourishment (kcal/cap/day) (3-year average),6128,Value,20012003,2003,kcal/cap/d,2423,E,
BFA,2002-01-01,2004-12-31,233,'854,Burkina Faso,22000,Dietary energy supply used in the estimation of the prevalence of undernourishment (kcal/cap/day) (3-year average),6128,Value,20022004,2004,kcal/cap/d,2481,E,
BFA,2003-01-01,2005-12-31,233,'854,Burkina Faso,22000,Dietary energy supply used in the estimation of the prevalence of undernourishment (kcal/cap/day) (3-year average),6128,Value,20032005,2005,kcal/cap/d,2517,E,
BFA,2004-01-01,2006-12-31,233,'854,Burkina Faso,22000,Dietary energy supply used in the estimation of the prevalence of undernourishment (kcal/cap/day) (3-year average),6128,Value,20042006,2006,kcal/cap/d,2533,E,
BFA,2005-01-01,2007-12-31,233,'854,Burkina Faso,22000,Dietary energy supply used in the estimation of the prevalence of undernourishment (kcal/cap/day) (3-year average),6128,Value,20052007,2007,kcal/cap/d,2550,E,
BFA,2006-01-01,2008-12-31,233,'854,Burkina Faso,22000,Dietary energy supply used in the estimation of the prevalence of undernourishment (kcal/cap/day) (3-year average),6128,Value,20062008,2008,kcal/cap/d,2566,E,
BFA,2007-01-01,2009-12-31,233,'854,Burkina Faso,22000,Dietary energy supply used in the estimation of the prevalence of undernourishment (kcal/cap/day) (3-year average),6128,Value,20072009,2009,kcal/cap/d,2582,E,
BFA,2008-01-01,2010-12-31,233,'854,Burkina Faso,22000,Dietary energy supply used in the estimation of the prevalence of undernourishment (kcal/cap/day) (3-year average),6128,Value,20082010,2010,kcal/cap/d,2595,E,
BFA,2009-01-01,2011-12-31,233,'854,Burkina Faso,22000,Dietary energy supply used in the estimation of the prevalence of undernourishment (kcal/cap/day) (3-year average),6128,Value,20092011,2011,kcal/cap/d,2595,E,
BFA,2010-01-01,2012-12-31,233,'854,Burkina Faso,22000,Dietary energy supply used in the estimation of the prevalence of undernourishment (kcal/cap/day) (3-year average),6128,Value,20102012,2012,kcal/cap/d,2610,E,
BFA,2011-01-01,2013-12-31,233,'854,Burkina Faso,22000,Dietary energy supply used in the estimation of the prevalence of undernourishment (kcal/cap/day) (3-year average),6128,Value,20112013,2013,kcal/cap/d,2629,E,
BFA,2012-01-01,2014-12-31,233,'854,Burkina Faso,22000,Dietary energy supply used in the estimation of the prevalence of undernourishment (kcal/cap/day) (3-year average),6128,Value,20122014,2014,kcal/cap/d,2650,E,
BFA,2013-01-01,2015-12-31,233,'854,Burkina Faso,22000,Dietary energy supply used in the estimation of the prevalence of undernourishment (kcal/cap/day) (3-year average),6128,Value,20132015,2015,kcal/cap/d,2653,E,
BFA,2014-01-01,2016-12-31,233,'854,Burkina Faso,22000,Dietary energy supply used in the estimation of the prevalence of undernourishment (kcal/cap/day) (3-year average),6128,Value,20142016,2016,kcal/cap/d,2648,E,
BFA,2015-01-01,2017-12-31,233,'854,Burkina Faso,22000,Dietary energy supply used in the estimation of the prevalence of undernourishment (kcal/cap/day) (3-year average),6128,Value,20152017,2017,kcal/cap/d,2638,E,
BFA,2016-01-01,2018-12-31,233,'854,Burkina Faso,22000,Dietary energy supply used in the estimation of the prevalence of undernourishment (kcal/cap/day) (3-year average),6128,Value,20162018,2018,kcal/cap/d,2638,E,
BFA,2017-01-01,2019-12-31,233,'854,Burkina Faso,22000,Dietary energy supply used in the estimation of the prevalence of undernourishment (kcal/cap/day) (3-year average),6128,Value,20172019,2019,kcal/cap/d,2633,E,
BFA,2018-01-01,2020-12-31,233,'854,Burkina Faso,22000,Dietary energy supply used in the estimation of the prevalence of undernourishment (kcal/cap/day) (3-year average),6128,Value,20182020,2020,kcal/cap/d,2654,E,
BFA,2019-01-01,2021-12-31,233,'854,Burkina Faso,22000,Dietary energy supply used in the estimation of the prevalence of undernourishment (kcal/cap/day) (3-year average),6128,Value,20192021,2021,kcal/cap/d,2653,E,
BFA,2020-01-01,2022-12-31,233,'854,Burkina Faso,22000,Dietary energy supply used in the estimation of the prevalence of undernourishment (kcal/cap/day) (3-year average),6128,Value,20202022,2022,kcal/cap/d,2689,E,
BFA,2021-01-01,2023-12-31,233,'854,Burkina Faso,22000,Dietary energy supply used in the estimation of the prevalence of undernourishment (kcal/cap/day) (3-year average),6128,Value,20212023,2023,kcal/cap/d,2718,E,
BFA,2022-01-01,2024-12-31,233,'854,Burkina Faso,22000,Dietary energy supply used in the estimation of the prevalence of undernourishment (kcal/cap/day) (3-year average),6128,Value,20222024,2024,kcal/cap/d,2760,E,
BFA,2000-01-01,2002-12-31,233,'854,Burkina Faso,21012,"Share of dietary energy supply derived from cereals, roots and tubers (percent) (3-year average)",6121,Value,20002002,2002,%,65,E,
BFA,2001-01-01,2003-12-31,233,'854,Burkina Faso,21012,"Share of dietary energy supply derived from cereals, roots and tubers (percent) (3-year average)",6121,Value,20012003,2003,%,64,E,
BFA,2002-01-01,2004-12-31,233,'854,Burkina Faso,21012,"Share of dietary energy supply derived from cereals, roots and tubers (percent) (3-year average)",6121,Value,20022004,2004,%,64,E,
BFA,2003-01-01,2005-12-31,233,'854,Burkina Faso,21012,"Share of dietary energy supply derived from cereals, roots and tubers (percent) (3-year average)",6121,Value,20032005,2005,%,65,E,
BFA,2004-01-01,2006-12-31,233,'854,Burkina Faso,21012,"Share of dietary energy supply derived from cereals, roots and tubers (percent) (3-year average)",6121,Value,20042006,2006,%,66,E,
BFA,2005-01-01,2007-12-31,233,'854,Burkina Faso,21012,"Share of dietary energy supply derived from cereals, roots and tubers (percent) (3-year average)",6121,Value,20052007,2007,%,66,E,
BFA,2006-01-01,2008-12-31,233,'854,Burkina Faso,21012,"Share of dietary energy supply derived from cereals, roots and tubers (percent) (3-year average)",6121,Value,20062008,2008,%,66,E,
BFA,2007-01-01,2009-12-31,233,'854,Burkina Faso,21012,"Share of dietary energy supply derived from cereals, roots and tubers (percent) (3-year average)",6121,Value,20072009,2009,%,66,E,
BFA,2008-01-01,2010-12-31,233,'854,Burkina Faso,21012,"Share of dietary energy supply derived from cereals, roots and tubers (percent) (3-year average)",6121,Value,20082010,2010,%,65,E,
BFA,2009-01-01,2011-12-31,233,'854,Burkina Faso,21012,"Share of dietary energy supply derived from cereals, roots and tubers (percent) (3-year average)",6121,Value,20092011,2011,%,65,E,
BFA,2010-01-01,2012-12-31,233,'854,Burkina Faso,21012,"Share of dietary energy supply derived from cereals, roots and tubers (percent) (3-year average)",6121,Value,20102012,2012,%,65,E,
BFA,2011-01-01,2013-12-31,233,'854,Burkina Faso,21012,"Share of dietary energy supply derived from cereals, roots and tubers (percent) (3-year average)",6121,Value,20112013,2013,%,65,E,
BFA,2012-01-01,2014-12-31,233,'854,Burkina Faso,21012,"Share of dietary energy supply derived from cereals, roots and tubers (percent) (3-year average)",6121,Value,20122014,2014,%,65,E,
BFA,2013-01-01,2015-12-31,233,'854,Burkina Faso,21012,"Share of dietary energy supply derived from cereals, roots and tubers (percent) (3-year average)",6121,Value,20132015,2015,%,65,E,
BFA,2014-01-01,2016-12-31,233,'854,Burkina Faso,21012,"Share of dietary energy supply derived from cereals, roots and tubers (percent) (3-year average)",6121,Value,20142016,2016,%,64,E,
BFA,2015-01-01,2017-12-31,233,'854,Burkina Faso,21012,"Share of dietary energy supply derived from cereals, roots and tubers (percent) (3-year average)",6121,Value,20152017,2017,%,64,E,
BFA,2016-01-01,2018-12-31,233,'854,Burkina Faso,21012,"Share of dietary energy supply derived from cereals, roots and tubers (percent) (3-year average)",6121,Value,20162018,2018,%,65,E,
BFA,2017-01-01,2019-12-31,233,'854,Burkina Faso,21012,"Share of dietary energy supply derived from cereals, roots and tubers (percent) (3-year average)",6121,Value,20172019,2019,%,62,E,
BFA,2018-01-01,2020-12-31,233,'854,Burkina Faso,21012,"Share of dietary energy supply derived from cereals, roots and tubers (percent) (3-year average)",6121,Value,20182020,2020,%,59,E,
BFA,2019-01-01,2021-12-31,233,'854,Burkina Faso,21012,"Share of dietary energy supply derived from cereals, roots and tubers (percent) (3-year average)",6121,Value,20192021,2021,%,58,E,
BFA,2020-01-01,2022-12-31,233,'854,Burkina Faso,21012,"Share of dietary energy supply derived from cereals, roots and tubers (percent) (3-year average)",6121,Value,20202022,2022,%,58,E,
BFA,2000-01-01,2002-12-31,233,'854,Burkina Faso,21013,Average protein supply (g/cap/day) (3-year average),6123,Value,20002002,2002,g/cap/d,69.6,E,
BFA,2001-01-01,2003-12-31,233,'854,Burkina Faso,21013,Average protein supply (g/cap/day) (3-year average),6123,Value,20012003,2003,g/cap/d,71.9,E,
BFA,2002-01-01,2004-12-31,233,'854,Burkina Faso,21013,Average protein supply (g/cap/day) (3-year average),6123,Value,20022004,2004,g/cap/d,73.9,E,
BFA,2003-01-01,2005-12-31,233,'854,Burkina Faso,21013,Average protein supply (g/cap/day) (3-year average),6123,Value,20032005,2005,g/cap/d,74.7,E,
BFA,2004-01-01,2006-12-31,233,'854,Burkina Faso,21013,Average protein supply (g/cap/day) (3-year average),6123,Value,20042006,2006,g/cap/d,74.5,E,
BFA,2005-01-01,2007-12-31,233,'854,Burkina Faso,21013,Average protein supply (g/cap/day) (3-year average),6123,Value,20052007,2007,g/cap/d,74.9,E,
BFA,2006-01-01,2008-12-31,233,'854,Burkina Faso,21013,Average protein supply (g/cap/day) (3-year average),6123,Value,20062008,2008,g/cap/d,76.7,E,
BFA,2007-01-01,2009-12-31,233,'854,Burkina Faso,21013,Average protein supply (g/cap/day) (3-year average),6123,Value,20072009,2009,g/cap/d,78.1,E,
BFA,2008-01-01,2010-12-31,233,'854,Burkina Faso,21013,Average protein supply (g/cap/day) (3-year average),6123,Value,20082010,2010,g/cap/d,78.5,E,
BFA,2009-01-01,2011-12-31,233,'854,Burkina Faso,21013,Average protein supply (g/cap/day) (3-year average),6123,Value,20092011,2011,g/cap/d,77.3,E,
BFA,2010-01-01,2012-12-31,233,'854,Burkina Faso,21013,Average protein supply (g/cap/day) (3-year average),6123,Value,20102012,2012,g/cap/d,76.4,E,
BFA,2011-01-01,2013-12-31,233,'854,Burkina Faso,21013,Average protein supply (g/cap/day) (3-year average),6123,Value,20112013,2013,g/cap/d,76,E,
BFA,2012-01-01,2014-12-31,233,'854,Burkina Faso,21013,Average protein supply (g/cap/day) (3-year average),6123,Value,20122014,2014,g/cap/d,76.4,E,
BFA,2013-01-01,2015-12-31,233,'854,Burkina Faso,21013,Average protein supply (g/cap/day) (3-year average),6123,Value,20132015,2015,g/cap/d,75.8,E,
BFA,2014-01-01,2016-12-31,233,'854,Burkina Faso,21013,Average protein supply (g/cap/day) (3-year average),6123,Value,20142016,2016,g/cap/d,75.4,E,
BFA,2015-01-01,2017-12-31,233,'854,Burkina Faso,21013,Average protein supply (g/cap/day) (3-year average),6123,Value,20152017,2017,g/cap/d,74.6,E,
BFA,2016-01-01,2018-12-31,233,'854,Burkina Faso,21013,Average protein supply (g/cap/day) (3-year average),6123,Value,20162018,2018,g/cap/d,74.7,E,
BFA,2017-01-01,2019-12-31,233,'854,Burkina Faso,21013,Average protein supply (g/cap/day) (3-year average),6123,Value,20172019,2019,g/cap/d,80.9,E,
BFA,2018-01-01,2020-12-31,233,'854,Burkina Faso,21013,Average protein supply (g/cap/day) (3-year average),6123,Value,20182020,2020,g/cap/d,87.6,E,
BFA,2019-01-01,2021-12-31,233,'854,Burkina Faso,21013,Average protein supply (g/cap/day) (3-year average),6123,Value,20192021,2021,g/cap/d,91.9,E,
BFA,2020-01-01,2022-12-31,233,'854,Burkina Faso,21013,Average protein supply (g/cap/day) (3-year average),6123,Value,20202022,2022,g/cap/d,91.8,E,
BFA,2000-01-01,2002-12-31,233,'854,Burkina Faso,21014,Average supply of protein of animal origin (g/cap/day) (3-year average),6123,Value,20002002,2002,g/cap/d,9.7,E,
BFA,2001-01-01,2003-12-31,233,'854,Burkina Faso,21014,Average supply of protein of animal origin (g/cap/day) (3-year average),6123,Value,20012003,2003,g/cap/d,10.1,E,
BFA,2002-01-01,2004-12-31,233,'854,Burkina Faso,21014,Average supply of protein of animal origin (g/cap/day) (3-year average),6123,Value,20022004,2004,g/cap/d,10.6,E,
BFA,2003-01-01,2005-12-31,233,'854,Burkina Faso,21014,Average supply of protein of animal origin (g/cap/day) (3-year average),6123,Value,20032005,2005,g/cap/d,11.2,E,
BFA,2004-01-01,2006-12-31,233,'854,Burkina Faso,21014,Average supply of protein of animal origin (g/cap/day) (3-year average),6123,Value,20042006,2006,g/cap/d,11.4,E,
BFA,2005-01-01,2007-12-31,233,'854,Burkina Faso,21014,Average supply of protein of animal origin (g/cap/day) (3-year average),6123,Value,20052007,2007,g/cap/d,11.5,E,
BFA,2006-01-01,2008-12-31,233,'854,Burkina Faso,21014,Average supply of protein of animal origin (g/cap/day) (3-year average),6123,Value,20062008,2008,g/cap/d,11.4,E,
BFA,2007-01-01,2009-12-31,233,'854,Burkina Faso,21014,Average supply of protein of animal origin (g/cap/day) (3-year average),6123,Value,20072009,2009,g/cap/d,11.4,E,
BFA,2008-01-01,2010-12-31,233,'854,Burkina Faso,21014,Average supply of protein of animal origin (g/cap/day) (3-year average),6123,Value,20082010,2010,g/cap/d,11.8,E,
BFA,2009-01-01,2011-12-31,233,'854,Burkina Faso,21014,Average supply of protein of animal origin (g/cap/day) (3-year average),6123,Value,20092011,2011,g/cap/d,12.3,E,
BFA,2010-01-01,2012-12-31,233,'854,Burkina Faso,21014,Average supply of protein of animal origin (g/cap/day) (3-year average),6123,Value,20102012,2012,g/cap/d,12.6,E,
BFA,2011-01-01,2013-12-31,233,'854,Burkina Faso,21014,Average supply of protein of animal origin (g/cap/day) (3-year average),6123,Value,20112013,2013,g/cap/d,12.5,E,
BFA,2012-01-01,2014-12-31,233,'854,Burkina Faso,21014,Average supply of protein of animal origin (g/cap/day) (3-year average),6123,Value,20122014,2014,g/cap/d,12.3,E,
BFA,2013-01-01,2015-12-31,233,'854,Burkina Faso,21014,Average supply of protein of animal origin (g/cap/day) (3-year average),6123,Value,20132015,2015,g/cap/d,12.1,E,
BFA,2014-01-01,2016-12-31,233,'854,Burkina Faso,21014,Average supply of protein of animal origin (g/cap/day) (3-year average),6123,Value,20142016,2016,g/cap/d,11.8,E,
BFA,2015-01-01,2017-12-31,233,'854,Burkina Faso,21014,Average supply of protein of animal origin (g/cap/day) (3-year average),6123,Value,20152017,2017,g/cap/d,11.4,E,
BFA,2016-01-01,2018-12-31,233,'854,Burkina Faso,21014,Average supply of protein of animal origin (g/cap/day) (3-year average),6123,Value,20162018,2018,g/cap/d,11.2,E,
BFA,2017-01-01,2019-12-31,233,'854,Burkina Faso,21014,Average supply of protein of animal origin (g/cap/day) (3-year average),6123,Value,20172019,2019,g/cap/d,14.7,E,
BFA,2018-01-01,2020-12-31,233,'854,Burkina Faso,21014,Average supply of protein of animal origin (g/cap/day) (3-year average),6123,Value,20182020,2020,g/cap/d,17.9,E,
BFA,2019-01-01,2021-12-31,233,'854,Burkina Faso,21014,Average supply of protein of animal origin (g/cap/day) (3-year average),6123,Value,20192021,2021,g/cap/d,19.9,E,
BFA,2020-01-01,2022-12-31,233,'854,Burkina Faso,21014,Average supply of protein of animal origin (g/cap/day) (3-year average),6123,Value,20202022,2022,g/cap/d,18.3,E,
BFA,2000-01-01,2000-12-31,233,'854,Burkina Faso,21016,Rail lines density (total route in km per 100 square km of land area),6124,Value,2000,2000,km,0.2,X,
BFA,2001-01-01,2001-12-31,233,'854,Burkina Faso,21016,Rail lines density (total route in km per 100 square km of land area),6124,Value,2001,2001,km,0.2,X,
BFA,2002-01-01,2002-12-31,233,'854,Burkina Faso,21016,Rail lines density (total route in km per 100 square km of land area),6124,Value,2002,2002,km,0.2,X,
BFA,2003-01-01,2003-12-31,233,'854,Burkina Faso,21016,Rail lines density (total route in km per 100 square km of land area),6124,Value,2003,2003,km,0.2,X,
BFA,2004-01-01,2004-12-31,233,'854,Burkina Faso,21016,Rail lines density (total route in km per 100 square km of land area),6124,Value,2004,2004,km,0.2,X,
BFA,2005-01-01,2005-12-31,233,'854,Burkina Faso,21016,Rail lines density (total route in km per 100 square km of land area),6124,Value,2005,2005,km,0.2,X,
BFA,2006-01-01,2006-12-31,233,'854,Burkina Faso,21016,Rail lines density (total route in km per 100 square km of land area),6124,Value,2006,2006,km,0.2,X,
BFA,2007-01-01,2007-12-31,233,'854,Burkina Faso,21016,Rail lines density (total route in km per 100 square km of land area),6124,Value,2007,2007,km,0.2,X,
BFA,2008-01-01,2008-12-31,233,'854,Burkina Faso,21016,Rail lines density (total route in km per 100 square km of land area),6124,Value,2008,2008,km,0.2,X,
BFA,2009-01-01,2009-12-31,233,'854,Burkina Faso,21016,Rail lines density (total route in km per 100 square km of land area),6124,Value,2009,2009,km,0.2,X,
BFA,2013-01-01,2013-12-31,233,'854,Burkina Faso,21016,Rail lines density (total route in km per 100 square km of land area),6124,Value,2013,2013,km,0.2,X,
BFA,2014-01-01,2014-12-31,233,'854,Burkina Faso,21016,Rail lines density (total route in km per 100 square km of land area),6124,Value,2014,2014,km,0.2,X,
BFA,2015-01-01,2015-12-31,233,'854,Burkina Faso,21016,Rail lines density (total route in km per 100 square km of land area),6124,Value,2015,2015,km,0.2,X,
BFA,2016-01-01,2016-12-31,233,'854,Burkina Faso,21016,Rail lines density (total route in km per 100 square km of land area),6124,Value,2016,2016,km,0.2,X,
BFA,2017-01-01,2017-12-31,233,'854,Burkina Faso,21016,Rail lines density (total route in km per 100 square km of land area),6124,Value,2017,2017,km,0.2,X,
BFA,2018-01-01,2018-12-31,233,'854,Burkina Faso,21016,Rail lines density (total route in km per 100 square km of land area),6124,Value,2018,2018,km,0.2,X,
BFA,2019-01-01,2019-12-31,233,'854,Burkina Faso,21016,Rail lines density (total route in km per 100 square km of land area),6124,Value,2019,2019,km,0.2,X,
BFA,2020-01-01,2020-12-31,233,'854,Burkina Faso,21016,Rail lines density (total route in km per 100 square km of land area),6124,Value,2020,2020,km,0.2,X,
BFA,2021-01-01,2021-12-31,233,'854,Burkina Faso,21016,Rail lines density (total route in km per 100 square km of land area),6124,Value,2021,2021,km,0.2,X,
BFA,2000-01-01,2000-12-31,233,'854,Burkina Faso,22013,"Gross domestic product per capita, PPP, (constant 2021 international $)",6126,Value,2000,2000,Int$/cap,1429,X,
BFA,2001-01-01,2001-12-31,233,'854,Burkina Faso,22013,"Gross domestic product per capita, PPP, (constant 2021 international $)",6126,Value,2001,2001,Int$/cap,1477,X,
BFA,2002-01-01,2002-12-31,233,'854,Burkina Faso,22013,"Gross domestic product per capita, PPP, (constant 2021 international $)",6126,Value,2002,2002,Int$/cap,1495,X,
BFA,2003-01-01,2003-12-31,233,'854,Burkina Faso,22013,"Gross domestic product per capita, PPP, (constant 2021 international $)",6126,Value,2003,2003,Int$/cap,1562,X,
BFA,2004-01-01,2004-12-31,233,'854,Burkina Faso,22013,"Gross domestic product per capita, PPP, (constant 2021 international $)",6126,Value,2004,2004,Int$/cap,1581,X,
BFA,2005-01-01,2005-12-31,233,'854,Burkina Faso,22013,"Gross domestic product per capita, PPP, (constant 2021 international $)",6126,Value,2005,2005,Int$/cap,1665,X,
BFA,2006-01-01,2006-12-31,233,'854,Burkina Faso,22013,"Gross domestic product per capita, PPP, (constant 2021 international $)",6126,Value,2006,2006,Int$/cap,1715,X,
BFA,2007-01-01,2007-12-31,233,'854,Burkina Faso,22013,"Gross domestic product per capita, PPP, (constant 2021 international $)",6126,Value,2007,2007,Int$/cap,1732,X,
BFA,2008-01-01,2008-12-31,233,'854,Burkina Faso,22013,"Gross domestic product per capita, PPP, (constant 2021 international $)",6126,Value,2008,2008,Int$/cap,1779,X,
BFA,2009-01-01,2009-12-31,233,'854,Burkina Faso,22013,"Gross domestic product per capita, PPP, (constant 2021 international $)",6126,Value,2009,2009,Int$/cap,1779,X,
BFA,2010-01-01,2010-12-31,233,'854,Burkina Faso,22013,"Gross domestic product per capita, PPP, (constant 2021 international $)",6126,Value,2010,2010,Int$/cap,1874,X,
BFA,2011-01-01,2011-12-31,233,'854,Burkina Faso,22013,"Gross domestic product per capita, PPP, (constant 2021 international $)",6126,Value,2011,2011,Int$/cap,1940,X,
BFA,2012-01-01,2012-12-31,233,'854,Burkina Faso,22013,"Gross domestic product per capita, PPP, (constant 2021 international $)",6126,Value,2012,2012,Int$/cap,2004,X,
BFA,2013-01-01,2013-12-31,233,'854,Burkina Faso,22013,"Gross domestic product per capita, PPP, (constant 2021 international $)",6126,Value,2013,2013,Int$/cap,2057,X,
BFA,2014-01-01,2014-12-31,233,'854,Burkina Faso,22013,"Gross domestic product per capita, PPP, (constant 2021 international $)",6126,Value,2014,2014,Int$/cap,2083,X,
BFA,2015-01-01,2015-12-31,233,'854,Burkina Faso,22013,"Gross domestic product per capita, PPP, (constant 2021 international $)",6126,Value,2015,2015,Int$/cap,2102,X,
BFA,2016-01-01,2016-12-31,233,'854,Burkina Faso,22013,"Gross domestic product per capita, PPP, (constant 2021 international $)",6126,Value,2016,2016,Int$/cap,2163,X,
BFA,2017-01-01,2017-12-31,233,'854,Burkina Faso,22013,"Gross domestic product per capita, PPP, (constant 2021 international $)",6126,Value,2017,2017,Int$/cap,2232,X,
BFA,2018-01-01,2018-12-31,233,'854,Burkina Faso,22013,"Gross domestic product per capita, PPP, (constant 2021 international $)",6126,Value,2018,2018,Int$/cap,2316,X,
BFA,2019-01-01,2019-12-31,233,'854,Burkina Faso,22013,"Gross domestic product per capita, PPP, (constant 2021 international $)",6126,Value,2019,2019,Int$/cap,2392,X,
BFA,2020-01-01,2020-12-31,233,'854,Burkina Faso,22013,"Gross domestic product per capita, PPP, (constant 2021 international $)",6126,Value,2020,2020,Int$/cap,2381,X,
BFA,2021-01-01,2021-12-31,233,'854,Burkina Faso,22013,"Gross domestic product per capita, PPP, (constant 2021 international $)",6126,Value,2021,2021,Int$/cap,2486,X,
BFA,2022-01-01,2022-12-31,233,'854,Burkina Faso,22013,"Gross domestic product per capita, PPP, (constant 2021 international $)",6126,Value,2022,2022,Int$/cap,2466,X,
BFA,2023-01-01,2023-12-31,233,'854,Burkina Faso,22013,"Gross domestic product per capita, PPP, (constant 2021 international $)",6126,Value,2023,2023,Int$/cap,2482,X,
BFA,2024-01-01,2024-12-31,233,'854,Burkina Faso,22013,"Gross domestic product per capita, PPP, (constant 2021 international $)",6126,Value,2024,2024,Int$/cap,2548,X,
BFA,2000-01-01,2002-12-31,233,'854,Burkina Faso,210041,Prevalence of undernourishment (percent) (3-year average),6121,Value,20002002,2002,%,22.4,E,
BFA,2001-01-01,2003-12-31,233,'854,Burkina Faso,210041,Prevalence of undernourishment (percent) (3-year average),6121,Value,20012003,2003,%,20.4,E,
BFA,2002-01-01,2004-12-31,233,'854,Burkina Faso,210041,Prevalence of undernourishment (percent) (3-year average),6121,Value,20022004,2004,%,18.5,E,
BFA,2003-01-01,2005-12-31,233,'854,Burkina Faso,210041,Prevalence of undernourishment (percent) (3-year average),6121,Value,20032005,2005,%,17.4,E,
BFA,2004-01-01,2006-12-31,233,'854,Burkina Faso,210041,Prevalence of undernourishment (percent) (3-year average),6121,Value,20042006,2006,%,17,E,
BFA,2005-01-01,2007-12-31,233,'854,Burkina Faso,210041,Prevalence of undernourishment (percent) (3-year average),6121,Value,20052007,2007,%,16.5,E,
BFA,2006-01-01,2008-12-31,233,'854,Burkina Faso,210041,Prevalence of undernourishment (percent) (3-year average),6121,Value,20062008,2008,%,15.9,E,
BFA,2007-01-01,2009-12-31,233,'854,Burkina Faso,210041,Prevalence of undernourishment (percent) (3-year average),6121,Value,20072009,2009,%,15.4,E,
BFA,2008-01-01,2010-12-31,233,'854,Burkina Faso,210041,Prevalence of undernourishment (percent) (3-year average),6121,Value,20082010,2010,%,15,E,
BFA,2009-01-01,2011-12-31,233,'854,Burkina Faso,210041,Prevalence of undernourishment (percent) (3-year average),6121,Value,20092011,2011,%,15,E,
BFA,2010-01-01,2012-12-31,233,'854,Burkina Faso,210041,Prevalence of undernourishment (percent) (3-year average),6121,Value,20102012,2012,%,14.6,E,
BFA,2011-01-01,2013-12-31,233,'854,Burkina Faso,210041,Prevalence of undernourishment (percent) (3-year average),6121,Value,20112013,2013,%,14.1,E,
BFA,2012-01-01,2014-12-31,233,'854,Burkina Faso,210041,Prevalence of undernourishment (percent) (3-year average),6121,Value,20122014,2014,%,13.5,E,
BFA,2013-01-01,2015-12-31,233,'854,Burkina Faso,210041,Prevalence of undernourishment (percent) (3-year average),6121,Value,20132015,2015,%,13.4,E,
BFA,2014-01-01,2016-12-31,233,'854,Burkina Faso,210041,Prevalence of undernourishment (percent) (3-year average),6121,Value,20142016,2016,%,13.6,E,
BFA,2015-01-01,2017-12-31,233,'854,Burkina Faso,210041,Prevalence of undernourishment (percent) (3-year average),6121,Value,20152017,2017,%,14,E,
BFA,2016-01-01,2018-12-31,233,'854,Burkina Faso,210041,Prevalence of undernourishment (percent) (3-year average),6121,Value,20162018,2018,%,14,E,
BFA,2017-01-01,2019-12-31,233,'854,Burkina Faso,210041,Prevalence of undernourishment (percent) (3-year average),6121,Value,20172019,2019,%,14.5,E,
BFA,2018-01-01,2020-12-31,233,'854,Burkina Faso,210041,Prevalence of undernourishment (percent) (3-year average),6121,Value,20182020,2020,%,14.3,E,
BFA,2019-01-01,2021-12-31,233,'854,Burkina Faso,210041,Prevalence of undernourishment (percent) (3-year average),6121,Value,20192021,2021,%,14.9,E,
BFA,2020-01-01,2022-12-31,233,'854,Burkina Faso,210041,Prevalence of undernourishment (percent) (3-year average),6121,Value,20202022,2022,%,14.3,E,
BFA,2021-01-01,2023-12-31,233,'854,Burkina Faso,210041,Prevalence of undernourishment (percent) (3-year average),6121,Value,20212023,2023,%,13.9,E,
BFA,2022-01-01,2024-12-31,233,'854,Burkina Faso,210041,Prevalence of undernourishment (percent) (3-year average),6121,Value,20222024,2024,%,13.1,E,
BFA,2000-01-01,2002-12-31,233,'854,Burkina Faso,210011,Number of people undernourished (million) (3-year average),6132,Value,20002002,2002,million No,2.8,E,
BFA,2001-01-01,2003-12-31,233,'854,Burkina Faso,210011,Number of people undernourished (million) (3-year average),6132,Value,20012003,2003,million No,2.6,E,
BFA,2002-01-01,2004-12-31,233,'854,Burkina Faso,210011,Number of people undernourished (million) (3-year average),6132,Value,20022004,2004,million No,2.4,E,
BFA,2003-01-01,2005-12-31,233,'854,Burkina Faso,210011,Number of people undernourished (million) (3-year average),6132,Value,20032005,2005,million No,2.4,E,
BFA,2004-01-01,2006-12-31,233,'854,Burkina Faso,210011,Number of people undernourished (million) (3-year average),6132,Value,20042006,2006,million No,2.4,E,
BFA,2005-01-01,2007-12-31,233,'854,Burkina Faso,210011,Number of people undernourished (million) (3-year average),6132,Value,20052007,2007,million No,2.4,E,
BFA,2006-01-01,2008-12-31,233,'854,Burkina Faso,210011,Number of people undernourished (million) (3-year average),6132,Value,20062008,2008,million No,2.4,E,
BFA,2007-01-01,2009-12-31,233,'854,Burkina Faso,210011,Number of people undernourished (million) (3-year average),6132,Value,20072009,2009,million No,2.4,E,
BFA,2008-01-01,2010-12-31,233,'854,Burkina Faso,210011,Number of people undernourished (million) (3-year average),6132,Value,20082010,2010,million No,2.4,E,
BFA,2009-01-01,2011-12-31,233,'854,Burkina Faso,210011,Number of people undernourished (million) (3-year average),6132,Value,20092011,2011,million No,2.4,E,
BFA,2010-01-01,2012-12-31,233,'854,Burkina Faso,210011,Number of people undernourished (million) (3-year average),6132,Value,20102012,2012,million No,2.4,E,
BFA,2011-01-01,2013-12-31,233,'854,Burkina Faso,210011,Number of people undernourished (million) (3-year average),6132,Value,20112013,2013,million No,2.4,E,
BFA,2012-01-01,2014-12-31,233,'854,Burkina Faso,210011,Number of people undernourished (million) (3-year average),6132,Value,20122014,2014,million No,2.4,E,
BFA,2013-01-01,2015-12-31,233,'854,Burkina Faso,210011,Number of people undernourished (million) (3-year average),6132,Value,20132015,2015,million No,2.5,E,
BFA,2014-01-01,2016-12-31,233,'854,Burkina Faso,210011,Number of people undernourished (million) (3-year average),6132,Value,20142016,2016,million No,2.6,E,
BFA,2015-01-01,2017-12-31,233,'854,Burkina Faso,210011,Number of people undernourished (million) (3-year average),6132,Value,20152017,2017,million No,2.7,E,
BFA,2016-01-01,2018-12-31,233,'854,Burkina Faso,210011,Number of people undernourished (million) (3-year average),6132,Value,20162018,2018,million No,2.8,E,
BFA,2017-01-01,2019-12-31,233,'854,Burkina Faso,210011,Number of people undernourished (million) (3-year average),6132,Value,20172019,2019,million No,3,E,
BFA,2018-01-01,2020-12-31,233,'854,Burkina Faso,210011,Number of people undernourished (million) (3-year average),6132,Value,20182020,2020,million No,3,E,
BFA,2019-01-01,2021-12-31,233,'854,Burkina Faso,210011,Number of people undernourished (million) (3-year average),6132,Value,20192021,2021,million No,3.2,E,
BFA,2020-01-01,2022-12-31,233,'854,Burkina Faso,210011,Number of people undernourished (million) (3-year average),6132,Value,20202022,2022,million No,3.1,E,
BFA,2021-01-01,2023-12-31,233,'854,Burkina Faso,210011,Number of people undernourished (million) (3-year average),6132,Value,20212023,2023,million No,3.1,E,
BFA,2022-01-01,2024-12-31,233,'854,Burkina Faso,210011,Number of people undernourished (million) (3-year average),6132,Value,20222024,2024,million No,3,E,
BFA,2014-01-01,2016-12-31,233,'854,Burkina Faso,210401,Prevalence of severe food insecurity in the total population (percent) (3-year average),6121,Value,20142016,2016,%,,O,
BFA,2015-01-01,2017-12-31,233,'854,Burkina Faso,210401,Prevalence of severe food insecurity in the total population (percent) (3-year average),6121,Value,20152017,2017,%,,O,
BFA,2016-01-01,2018-12-31,233,'854,Burkina Faso,210401,Prevalence of severe food insecurity in the total population (percent) (3-year average),6121,Value,20162018,2018,%,5.9,E,Official estimate
BFA,2017-01-01,2019-12-31,233,'854,Burkina Faso,210401,Prevalence of severe food insecurity in the total population (percent) (3-year average),6121,Value,20172019,2019,%,6,E,Official estimate integrated with FAO data
BFA,2018-01-01,2020-12-31,233,'854,Burkina Faso,210401,Prevalence of severe food insecurity in the total population (percent) (3-year average),6121,Value,20182020,2020,%,6.3,E,Official estimate integrated with FAO data
BFA,2019-01-01,2021-12-31,233,'854,Burkina Faso,210401,Prevalence of severe food insecurity in the total population (percent) (3-year average),6121,Value,20192021,2021,%,6.8,E,Official estimate integrated with FAO data
BFA,2020-01-01,2022-12-31,233,'854,Burkina Faso,210401,Prevalence of severe food insecurity in the total population (percent) (3-year average),6121,Value,20202022,2022,%,7.1,E,Official estimate integrated with FAO data
BFA,2021-01-01,2023-12-31,233,'854,Burkina Faso,210401,Prevalence of severe food insecurity in the total population (percent) (3-year average),6121,Value,20212023,2023,%,7.2,E,Official estimate
BFA,2022-01-01,2024-12-31,233,'854,Burkina Faso,210401,Prevalence of severe food insecurity in the total population (percent) (3-year average),6121,Value,20222024,2024,%,7.3,E,Official estimate integrated with FAO data
BFA,2014-01-01,2016-12-31,233,'854,Burkina Faso,210401,Prevalence of severe food insecurity in the total population (percent) (3-year average),61211,Confidence interval: Lower bound,20142016,2016,%,,O,
BFA,2015-01-01,2017-12-31,233,'854,Burkina Faso,210401,Prevalence of severe food insecurity in the total population (percent) (3-year average),61211,Confidence interval: Lower bound,20152017,2017,%,,O,
BFA,2016-01-01,2018-12-31,233,'854,Burkina Faso,210401,Prevalence of severe food insecurity in the total population (percent) (3-year average),61211,Confidence interval: Lower bound,20162018,2018,%,4.8,E,Official estimate
BFA,2017-01-01,2019-12-31,233,'854,Burkina Faso,210401,Prevalence of severe food insecurity in the total population (percent) (3-year average),61211,Confidence interval: Lower bound,20172019,2019,%,4.3,E,Official estimate integrated with FAO data
BFA,2018-01-01,2020-12-31,233,'854,Burkina Faso,210401,Prevalence of severe food insecurity in the total population (percent) (3-year average),61211,Confidence interval: Lower bound,20182020,2020,%,4.2,E,Official estimate integrated with FAO data
BFA,2019-01-01,2021-12-31,233,'854,Burkina Faso,210401,Prevalence of severe food insecurity in the total population (percent) (3-year average),61211,Confidence interval: Lower bound,20192021,2021,%,4.6,E,Official estimate integrated with FAO data
BFA,2020-01-01,2022-12-31,233,'854,Burkina Faso,210401,Prevalence of severe food insecurity in the total population (percent) (3-year average),61211,Confidence interval: Lower bound,20202022,2022,%,5.5,E,Official estimate integrated with FAO data
BFA,2021-01-01,2023-12-31,233,'854,Burkina Faso,210401,Prevalence of severe food insecurity in the total population (percent) (3-year average),61211,Confidence interval: Lower bound,20212023,2023,%,6,E,Official estimate
BFA,2022-01-01,2024-12-31,233,'854,Burkina Faso,210401,Prevalence of severe food insecurity in the total population (percent) (3-year average),61211,Confidence interval: Lower bound,20222024,2024,%,6.1,E,Official estimate integrated with FAO data
BFA,2014-01-01,2016-12-31,233,'854,Burkina Faso,210401,Prevalence of severe food insecurity in the total population (percent) (3-year average),61212,Confidence interval: Upper bound,20142016,2016,%,,O,
BFA,2015-01-01,2017-12-31,233,'854,Burkina Faso,210401,Prevalence of severe food insecurity in the total population (percent) (3-year average),61212,Confidence interval: Upper bound,20152017,2017,%,,O,
BFA,2016-01-01,2018-12-31,233,'854,Burkina Faso,210401,Prevalence of severe food insecurity in the total population (percent) (3-year average),61212,Confidence interval: Upper bound,20162018,2018,%,6.9,E,Official estimate
BFA,2017-01-01,2019-12-31,233,'854,Burkina Faso,210401,Prevalence of severe food insecurity in the total population (percent) (3-year average),61212,Confidence interval: Upper bound,20172019,2019,%,7.8,E,Official estimate integrated with FAO data
BFA,2018-01-01,2020-12-31,233,'854,Burkina Faso,210401,Prevalence of severe food insecurity in the total population (percent) (3-year average),61212,Confidence interval: Upper bound,20182020,2020,%,8.5,E,Official estimate integrated with FAO data
BFA,2019-01-01,2021-12-31,233,'854,Burkina Faso,210401,Prevalence of severe food insecurity in the total population (percent) (3-year average),61212,Confidence interval: Upper bound,20192021,2021,%,9,E,Official estimate integrated with FAO data
BFA,2020-01-01,2022-12-31,233,'854,Burkina Faso,210401,Prevalence of severe food insecurity in the total population (percent) (3-year average),61212,Confidence interval: Upper bound,20202022,2022,%,8.7,E,Official estimate integrated with FAO data
BFA,2021-01-01,2023-12-31,233,'854,Burkina Faso,210401,Prevalence of severe food insecurity in the total population (percent) (3-year average),61212,Confidence interval: Upper bound,20212023,2023,%,8.5,E,Official estimate
BFA,2022-01-01,2024-12-31,233,'854,Burkina Faso,210401,Prevalence of severe food insecurity in the total population (percent) (3-year average),61212,Confidence interval: Upper bound,20222024,2024,%,8.6,E,Official estimate integrated with FAO data
BFA,2014-01-01,2016-12-31,233,'854,Burkina Faso,210401M,Prevalence of severe food insecurity in the male adult population (percent) (3-year average),6121,Value,20142016,2016,%,,O,
BFA,2015-01-01,2017-12-31,233,'854,Burkina Faso,210401M,Prevalence of severe food insecurity in the male adult population (percent) (3-year average),6121,Value,20152017,2017,%,,O,
BFA,2016-01-01,2018-12-31,233,'854,Burkina Faso,210401M,Prevalence of severe food insecurity in the male adult population (percent) (3-year average),6121,Value,20162018,2018,%,6.3,E,Official estimate
BFA,2017-01-01,2019-12-31,233,'854,Burkina Faso,210401M,Prevalence of severe food insecurity in the male adult population (percent) (3-year average),6121,Value,20172019,2019,%,6.2,E,Official estimate integrated with FAO data
BFA,2018-01-01,2020-12-31,233,'854,Burkina Faso,210401M,Prevalence of severe food insecurity in the male adult population (percent) (3-year average),6121,Value,20182020,2020,%,6.6,E,Official estimate integrated with FAO data
BFA,2019-01-01,2021-12-31,233,'854,Burkina Faso,210401M,Prevalence of severe food insecurity in the male adult population (percent) (3-year average),6121,Value,20192021,2021,%,7.3,E,Official estimate integrated with FAO data
BFA,2020-01-01,2022-12-31,233,'854,Burkina Faso,210401M,Prevalence of severe food insecurity in the male adult population (percent) (3-year average),6121,Value,20202022,2022,%,7.8,E,Official estimate integrated with FAO data
BFA,2021-01-01,2023-12-31,233,'854,Burkina Faso,210401M,Prevalence of severe food insecurity in the male adult population (percent) (3-year average),6121,Value,20212023,2023,%,7.6,E,Official estimate
BFA,2022-01-01,2024-12-31,233,'854,Burkina Faso,210401M,Prevalence of severe food insecurity in the male adult population (percent) (3-year average),6121,Value,20222024,2024,%,7.4,E,Official estimate integrated with FAO data
BFA,2014-01-01,2016-12-31,233,'854,Burkina Faso,210401M,Prevalence of severe food insecurity in the male adult population (percent) (3-year average),61211,Confidence interval: Lower bound,20142016,2016,%,,O,
BFA,2015-01-01,2017-12-31,233,'854,Burkina Faso,210401M,Prevalence of severe food insecurity in the male adult population (percent) (3-year average),61211,Confidence interval: Lower bound,20152017,2017,%,,O,
BFA,2016-01-01,2018-12-31,233,'854,Burkina Faso,210401M,Prevalence of severe food insecurity in the male adult population (percent) (3-year average),61211,Confidence interval: Lower bound,20162018,2018,%,5.4,E,Official estimate
BFA,2017-01-01,2019-12-31,233,'854,Burkina Faso,210401M,Prevalence of severe food insecurity in the male adult population (percent) (3-year average),61211,Confidence interval: Lower bound,20172019,2019,%,4.6,E,Official estimate integrated with FAO data
BFA,2018-01-01,2020-12-31,233,'854,Burkina Faso,210401M,Prevalence of severe food insecurity in the male adult population (percent) (3-year average),61211,Confidence interval: Lower bound,20182020,2020,%,4.5,E,Official estimate integrated with FAO data
BFA,2019-01-01,2021-12-31,233,'854,Burkina Faso,210401M,Prevalence of severe food insecurity in the male adult population (percent) (3-year average),61211,Confidence interval: Lower bound,20192021,2021,%,5.1,E,Official estimate integrated with FAO data
BFA,2020-01-01,2022-12-31,233,'854,Burkina Faso,210401M,Prevalence of severe food insecurity in the male adult population (percent) (3-year average),61211,Confidence interval: Lower bound,20202022,2022,%,6.1,E,Official estimate integrated with FAO data
BFA,2021-01-01,2023-12-31,233,'854,Burkina Faso,210401M,Prevalence of severe food insecurity in the male adult population (percent) (3-year average),61211,Confidence interval: Lower bound,20212023,2023,%,6.3,E,Official estimate
BFA,2022-01-01,2024-12-31,233,'854,Burkina Faso,210401M,Prevalence of severe food insecurity in the male adult population (percent) (3-year average),61211,Confidence interval: Lower bound,20222024,2024,%,6.1,E,Official estimate integrated with FAO data
BFA,2014-01-01,2016-12-31,233,'854,Burkina Faso,210401M,Prevalence of severe food insecurity in the male adult population (percent) (3-year average),61212,Confidence interval: Upper bound,20142016,2016,%,,O,
BFA,2015-01-01,2017-12-31,233,'854,Burkina Faso,210401M,Prevalence of severe food insecurity in the male adult population (percent) (3-year average),61212,Confidence interval: Upper bound,20152017,2017,%,,O,
BFA,2016-01-01,2018-12-31,233,'854,Burkina Faso,210401M,Prevalence of severe food insecurity in the male adult population (percent) (3-year average),61212,Confidence interval: Upper bound,20162018,2018,%,7.3,E,Official estimate
BFA,2017-01-01,2019-12-31,233,'854,Burkina Faso,210401M,Prevalence of severe food insecurity in the male adult population (percent) (3-year average),61212,Confidence interval: Upper bound,20172019,2019,%,7.8,E,Official estimate integrated with FAO data
BFA,2018-01-01,2020-12-31,233,'854,Burkina Faso,210401M,Prevalence of severe food insecurity in the male adult population (percent) (3-year average),61212,Confidence interval: Upper bound,20182020,2020,%,8.7,E,Official estimate integrated with FAO data
BFA,2019-01-01,2021-12-31,233,'854,Burkina Faso,210401M,Prevalence of severe food insecurity in the male adult population (percent) (3-year average),61212,Confidence interval: Upper bound,20192021,2021,%,9.5,E,Official estimate integrated with FAO data
BFA,2020-01-01,2022-12-31,233,'854,Burkina Faso,210401M,Prevalence of severe food insecurity in the male adult population (percent) (3-year average),61212,Confidence interval: Upper bound,20202022,2022,%,9.5,E,Official estimate integrated with FAO data
BFA,2021-01-01,2023-12-31,233,'854,Burkina Faso,210401M,Prevalence of severe food insecurity in the male adult population (percent) (3-year average),61212,Confidence interval: Upper bound,20212023,2023,%,8.9,E,Official estimate
BFA,2022-01-01,2024-12-31,233,'854,Burkina Faso,210401M,Prevalence of severe food insecurity in the male adult population (percent) (3-year average),61212,Confidence interval: Upper bound,20222024,2024,%,8.6,E,Official estimate integrated with FAO data
BFA,2014-01-01,2016-12-31,233,'854,Burkina Faso,210401F,Prevalence of severe food insecurity in the female adult population (percent) (3-year average),6121,Value,20142016,2016,%,,O,
BFA,2015-01-01,2017-12-31,233,'854,Burkina Faso,210401F,Prevalence of severe food insecurity in the female adult population (percent) (3-year average),6121,Value,20152017,2017,%,,O,
BFA,2016-01-01,2018-12-31,233,'854,Burkina Faso,210401F,Prevalence of severe food insecurity in the female adult population (percent) (3-year average),6121,Value,20162018,2018,%,5.4,E,Official estimate
BFA,2017-01-01,2019-12-31,233,'854,Burkina Faso,210401F,Prevalence of severe food insecurity in the female adult population (percent) (3-year average),6121,Value,20172019,2019,%,5.8,E,Official estimate integrated with FAO data
BFA,2018-01-01,2020-12-31,233,'854,Burkina Faso,210401F,Prevalence of severe food insecurity in the female adult population (percent) (3-year average),6121,Value,20182020,2020,%,6,E,Official estimate integrated with FAO data
BFA,2019-01-01,2021-12-31,233,'854,Burkina Faso,210401F,Prevalence of severe food insecurity in the female adult population (percent) (3-year average),6121,Value,20192021,2021,%,6.3,E,Official estimate integrated with FAO data
BFA,2020-01-01,2022-12-31,233,'854,Burkina Faso,210401F,Prevalence of severe food insecurity in the female adult population (percent) (3-year average),6121,Value,20202022,2022,%,6.4,E,Official estimate integrated with FAO data
BFA,2021-01-01,2023-12-31,233,'854,Burkina Faso,210401F,Prevalence of severe food insecurity in the female adult population (percent) (3-year average),6121,Value,20212023,2023,%,6.8,E,Official estimate
BFA,2022-01-01,2024-12-31,233,'854,Burkina Faso,210401F,Prevalence of severe food insecurity in the female adult population (percent) (3-year average),6121,Value,20222024,2024,%,7.3,E,Official estimate integrated with FAO data
BFA,2014-01-01,2016-12-31,233,'854,Burkina Faso,210401F,Prevalence of severe food insecurity in the female adult population (percent) (3-year average),61211,Confidence interval: Lower bound,20142016,2016,%,,O,
BFA,2015-01-01,2017-12-31,233,'854,Burkina Faso,210401F,Prevalence of severe food insecurity in the female adult population (percent) (3-year average),61211,Confidence interval: Lower bound,20152017,2017,%,,O,
BFA,2016-01-01,2018-12-31,233,'854,Burkina Faso,210401F,Prevalence of severe food insecurity in the female adult population (percent) (3-year average),61211,Confidence interval: Lower bound,20162018,2018,%,4.3,E,Official estimate
BFA,2017-01-01,2019-12-31,233,'854,Burkina Faso,210401F,Prevalence of severe food insecurity in the female adult population (percent) (3-year average),61211,Confidence interval: Lower bound,20172019,2019,%,3.9,E,Official estimate integrated with FAO data
BFA,2018-01-01,2020-12-31,233,'854,Burkina Faso,210401F,Prevalence of severe food insecurity in the female adult population (percent) (3-year average),61211,Confidence interval: Lower bound,20182020,2020,%,3.8,E,Official estimate integrated with FAO data
BFA,2019-01-01,2021-12-31,233,'854,Burkina Faso,210401F,Prevalence of severe food insecurity in the female adult population (percent) (3-year average),61211,Confidence interval: Lower bound,20192021,2021,%,4.1,E,Official estimate integrated with FAO data
BFA,2020-01-01,2022-12-31,233,'854,Burkina Faso,210401F,Prevalence of severe food insecurity in the female adult population (percent) (3-year average),61211,Confidence interval: Lower bound,20202022,2022,%,4.9,E,Official estimate integrated with FAO data
BFA,2021-01-01,2023-12-31,233,'854,Burkina Faso,210401F,Prevalence of severe food insecurity in the female adult population (percent) (3-year average),61211,Confidence interval: Lower bound,20212023,2023,%,5.6,E,Official estimate
BFA,2022-01-01,2024-12-31,233,'854,Burkina Faso,210401F,Prevalence of severe food insecurity in the female adult population (percent) (3-year average),61211,Confidence interval: Lower bound,20222024,2024,%,6,E,Official estimate integrated with FAO data
BFA,2014-01-01,2016-12-31,233,'854,Burkina Faso,210401F,Prevalence of severe food insecurity in the female adult population (percent) (3-year average),61212,Confidence interval: Upper bound,20142016,2016,%,,O,
BFA,2015-01-01,2017-12-31,233,'854,Burkina Faso,210401F,Prevalence of severe food insecurity in the female adult population (percent) (3-year average),61212,Confidence interval: Upper bound,20152017,2017,%,,O,
BFA,2016-01-01,2018-12-31,233,'854,Burkina Faso,210401F,Prevalence of severe food insecurity in the female adult population (percent) (3-year average),61212,Confidence interval: Upper bound,20162018,2018,%,6.5,E,Official estimate
BFA,2017-01-01,2019-12-31,233,'854,Burkina Faso,210401F,Prevalence of severe food insecurity in the female adult population (percent) (3-year average),61212,Confidence interval: Upper bound,20172019,2019,%,7.7,E,Official estimate integrated with FAO data
BFA,2018-01-01,2020-12-31,233,'854,Burkina Faso,210401F,Prevalence of severe food insecurity in the female adult population (percent) (3-year average),61212,Confidence interval: Upper bound,20182020,2020,%,8.3,E,Official estimate integrated with FAO data
BFA,2019-01-01,2021-12-31,233,'854,Burkina Faso,210401F,Prevalence of severe food insecurity in the female adult population (percent) (3-year average),61212,Confidence interval: Upper bound,20192021,2021,%,8.5,E,Official estimate integrated with FAO data
BFA,2020-01-01,2022-12-31,233,'854,Burkina Faso,210401F,Prevalence of severe food insecurity in the female adult population (percent) (3-year average),61212,Confidence interval: Upper bound,20202022,2022,%,7.9,E,Official estimate integrated with FAO data
BFA,2021-01-01,2023-12-31,233,'854,Burkina Faso,210401F,Prevalence of severe food insecurity in the female adult population (percent) (3-year average),61212,Confidence interval: Upper bound,20212023,2023,%,8.1,E,Official estimate
BFA,2022-01-01,2024-12-31,233,'854,Burkina Faso,210401F,Prevalence of severe food insecurity in the female adult population (percent) (3-year average),61212,Confidence interval: Upper bound,20222024,2024,%,8.5,E,Official estimate integrated with FAO data
BFA,2014-01-01,2016-12-31,233,'854,Burkina Faso,210091,Prevalence of moderate or severe food insecurity in the total population (percent) (3-year average),6121,Value,20142016,2016,%,,O,
BFA,2015-01-01,2017-12-31,233,'854,Burkina Faso,210091,Prevalence of moderate or severe food insecurity in the total population (percent) (3-year average),6121,Value,20152017,2017,%,,O,
BFA,2016-01-01,2018-12-31,233,'854,Burkina Faso,210091,Prevalence of moderate or severe food insecurity in the total population (percent) (3-year average),6121,Value,20162018,2018,%,38.9,E,Official estimate
BFA,2017-01-01,2019-12-31,233,'854,Burkina Faso,210091,Prevalence of moderate or severe food insecurity in the total population (percent) (3-year average),6121,Value,20172019,2019,%,39.1,E,Official estimate integrated with FAO data
BFA,2018-01-01,2020-12-31,233,'854,Burkina Faso,210091,Prevalence of moderate or severe food insecurity in the total population (percent) (3-year average),6121,Value,20182020,2020,%,39.5,E,Official estimate integrated with FAO data
BFA,2019-01-01,2021-12-31,233,'854,Burkina Faso,210091,Prevalence of moderate or severe food insecurity in the total population (percent) (3-year average),6121,Value,20192021,2021,%,40.1,E,Official estimate integrated with FAO data
BFA,2020-01-01,2022-12-31,233,'854,Burkina Faso,210091,Prevalence of moderate or severe food insecurity in the total population (percent) (3-year average),6121,Value,20202022,2022,%,40.5,E,Official estimate integrated with FAO data
BFA,2021-01-01,2023-12-31,233,'854,Burkina Faso,210091,Prevalence of moderate or severe food insecurity in the total population (percent) (3-year average),6121,Value,20212023,2023,%,40.7,E,Official estimate
BFA,2022-01-01,2024-12-31,233,'854,Burkina Faso,210091,Prevalence of moderate or severe food insecurity in the total population (percent) (3-year average),6121,Value,20222024,2024,%,41.4,E,Official estimate integrated with FAO data
BFA,2014-01-01,2016-12-31,233,'854,Burkina Faso,210091,Prevalence of moderate or severe food insecurity in the total population (percent) (3-year average),61211,Confidence interval: Lower bound,20142016,2016,%,,O,
BFA,2015-01-01,2017-12-31,233,'854,Burkina Faso,210091,Prevalence of moderate or severe food insecurity in the total population (percent) (3-year average),61211,Confidence interval: Lower bound,20152017,2017,%,,O,
BFA,2016-01-01,2018-12-31,233,'854,Burkina Faso,210091,Prevalence of moderate or severe food insecurity in the total population (percent) (3-year average),61211,Confidence interval: Lower bound,20162018,2018,%,36.3,E,Official estimate
BFA,2017-01-01,2019-12-31,233,'854,Burkina Faso,210091,Prevalence of moderate or severe food insecurity in the total population (percent) (3-year average),61211,Confidence interval: Lower bound,20172019,2019,%,35.6,E,Official estimate integrated with FAO data
BFA,2018-01-01,2020-12-31,233,'854,Burkina Faso,210091,Prevalence of moderate or severe food insecurity in the total population (percent) (3-year average),61211,Confidence interval: Lower bound,20182020,2020,%,35.9,E,Official estimate integrated with FAO data
BFA,2019-01-01,2021-12-31,233,'854,Burkina Faso,210091,Prevalence of moderate or severe food insecurity in the total population (percent) (3-year average),61211,Confidence interval: Lower bound,20192021,2021,%,36.6,E,Official estimate integrated with FAO data
BFA,2020-01-01,2022-12-31,233,'854,Burkina Faso,210091,Prevalence of moderate or severe food insecurity in the total population (percent) (3-year average),61211,Confidence interval: Lower bound,20202022,2022,%,37.9,E,Official estimate integrated with FAO data
BFA,2021-01-01,2023-12-31,233,'854,Burkina Faso,210091,Prevalence of moderate or severe food insecurity in the total population (percent) (3-year average),61211,Confidence interval: Lower bound,20212023,2023,%,38.2,E,Official estimate
BFA,2022-01-01,2024-12-31,233,'854,Burkina Faso,210091,Prevalence of moderate or severe food insecurity in the total population (percent) (3-year average),61211,Confidence interval: Lower bound,20222024,2024,%,38.9,E,Official estimate integrated with FAO data
BFA,2014-01-01,2016-12-31,233,'854,Burkina Faso,210091,Prevalence of moderate or severe food insecurity in the total population (percent) (3-year average),61212,Confidence interval: Upper bound,20142016,2016,%,,O,
BFA,2015-01-01,2017-12-31,233,'854,Burkina Faso,210091,Prevalence of moderate or severe food insecurity in the total population (percent) (3-year average),61212,Confidence interval: Upper bound,20152017,2017,%,,O,
BFA,2016-01-01,2018-12-31,233,'854,Burkina Faso,210091,Prevalence of moderate or severe food insecurity in the total population (percent) (3-year average),61212,Confidence interval: Upper bound,20162018,2018,%,41.5,E,Official estimate
BFA,2017-01-01,2019-12-31,233,'854,Burkina Faso,210091,Prevalence of moderate or severe food insecurity in the total population (percent) (3-year average),61212,Confidence interval: Upper bound,20172019,2019,%,42.6,E,Official estimate integrated with FAO data
BFA,2018-01-01,2020-12-31,233,'854,Burkina Faso,210091,Prevalence of moderate or severe food insecurity in the total population (percent) (3-year average),61212,Confidence interval: Upper bound,20182020,2020,%,43.1,E,Official estimate integrated with FAO data
BFA,2019-01-01,2021-12-31,233,'854,Burkina Faso,210091,Prevalence of moderate or severe food insecurity in the total population (percent) (3-year average),61212,Confidence interval: Upper bound,20192021,2021,%,43.7,E,Official estimate integrated with FAO data
BFA,2020-01-01,2022-12-31,233,'854,Burkina Faso,210091,Prevalence of moderate or severe food insecurity in the total population (percent) (3-year average),61212,Confidence interval: Upper bound,20202022,2022,%,43.2,E,Official estimate integrated with FAO data
BFA,2021-01-01,2023-12-31,233,'854,Burkina Faso,210091,Prevalence of moderate or severe food insecurity in the total population (percent) (3-year average),61212,Confidence interval: Upper bound,20212023,2023,%,43.3,E,Official estimate
BFA,2022-01-01,2024-12-31,233,'854,Burkina Faso,210091,Prevalence of moderate or severe food insecurity in the total population (percent) (3-year average),61212,Confidence interval: Upper bound,20222024,2024,%,44,E,Official estimate integrated with FAO data
BFA,2014-01-01,2016-12-31,233,'854,Burkina Faso,210091M,Prevalence of moderate or severe food insecurity in the male adult population (percent) (3-year average),6121,Value,20142016,2016,%,,O,
BFA,2015-01-01,2017-12-31,233,'854,Burkina Faso,210091M,Prevalence of moderate or severe food insecurity in the male adult population (percent) (3-year average),6121,Value,20152017,2017,%,,O,
BFA,2016-01-01,2018-12-31,233,'854,Burkina Faso,210091M,Prevalence of moderate or severe food insecurity in the male adult population (percent) (3-year average),6121,Value,20162018,2018,%,39.8,E,Official estimate
BFA,2017-01-01,2019-12-31,233,'854,Burkina Faso,210091M,Prevalence of moderate or severe food insecurity in the male adult population (percent) (3-year average),6121,Value,20172019,2019,%,40.2,E,Official estimate integrated with FAO data
BFA,2018-01-01,2020-12-31,233,'854,Burkina Faso,210091M,Prevalence of moderate or severe food insecurity in the male adult population (percent) (3-year average),6121,Value,20182020,2020,%,40.9,E,Official estimate integrated with FAO data
BFA,2019-01-01,2021-12-31,233,'854,Burkina Faso,210091M,Prevalence of moderate or severe food insecurity in the male adult population (percent) (3-year average),6121,Value,20192021,2021,%,41.6,E,Official estimate integrated with FAO data
BFA,2020-01-01,2022-12-31,233,'854,Burkina Faso,210091M,Prevalence of moderate or severe food insecurity in the male adult population (percent) (3-year average),6121,Value,20202022,2022,%,42.2,E,Official estimate integrated with FAO data
BFA,2021-01-01,2023-12-31,233,'854,Burkina Faso,210091M,Prevalence of moderate or severe food insecurity in the male adult population (percent) (3-year average),6121,Value,20212023,2023,%,42.1,E,Official estimate
BFA,2022-01-01,2024-12-31,233,'854,Burkina Faso,210091M,Prevalence of moderate or severe food insecurity in the male adult population (percent) (3-year average),6121,Value,20222024,2024,%,42,E,Official estimate integrated with FAO data
BFA,2014-01-01,2016-12-31,233,'854,Burkina Faso,210091M,Prevalence of moderate or severe food insecurity in the male adult population (percent) (3-year average),61211,Confidence interval: Lower bound,20142016,2016,%,,O,
BFA,2015-01-01,2017-12-31,233,'854,Burkina Faso,210091M,Prevalence of moderate or severe food insecurity in the male adult population (percent) (3-year average),61211,Confidence interval: Lower bound,20152017,2017,%,,O,
BFA,2016-01-01,2018-12-31,233,'854,Burkina Faso,210091M,Prevalence of moderate or severe food insecurity in the male adult population (percent) (3-year average),61211,Confidence interval: Lower bound,20162018,2018,%,37.5,E,Official estimate
BFA,2017-01-01,2019-12-31,233,'854,Burkina Faso,210091M,Prevalence of moderate or severe food insecurity in the male adult population (percent) (3-year average),61211,Confidence interval: Lower bound,20172019,2019,%,37.1,E,Official estimate integrated with FAO data
BFA,2018-01-01,2020-12-31,233,'854,Burkina Faso,210091M,Prevalence of moderate or severe food insecurity in the male adult population (percent) (3-year average),61211,Confidence interval: Lower bound,20182020,2020,%,37.6,E,Official estimate integrated with FAO data
BFA,2019-01-01,2021-12-31,233,'854,Burkina Faso,210091M,Prevalence of moderate or severe food insecurity in the male adult population (percent) (3-year average),61211,Confidence interval: Lower bound,20192021,2021,%,38.3,E,Official estimate integrated with FAO data
BFA,2020-01-01,2022-12-31,233,'854,Burkina Faso,210091M,Prevalence of moderate or severe food insecurity in the male adult population (percent) (3-year average),61211,Confidence interval: Lower bound,20202022,2022,%,39.5,E,Official estimate integrated with FAO data
BFA,2021-01-01,2023-12-31,233,'854,Burkina Faso,210091M,Prevalence of moderate or severe food insecurity in the male adult population (percent) (3-year average),61211,Confidence interval: Lower bound,20212023,2023,%,39.6,E,Official estimate
BFA,2022-01-01,2024-12-31,233,'854,Burkina Faso,210091M,Prevalence of moderate or severe food insecurity in the male adult population (percent) (3-year average),61211,Confidence interval: Lower bound,20222024,2024,%,39.5,E,Official estimate integrated with FAO data
BFA,2014-01-01,2016-12-31,233,'854,Burkina Faso,210091M,Prevalence of moderate or severe food insecurity in the male adult population (percent) (3-year average),61212,Confidence interval: Upper bound,20142016,2016,%,,O,
BFA,2015-01-01,2017-12-31,233,'854,Burkina Faso,210091M,Prevalence of moderate or severe food insecurity in the male adult population (percent) (3-year average),61212,Confidence interval: Upper bound,20152017,2017,%,,O,
BFA,2016-01-01,2018-12-31,233,'854,Burkina Faso,210091M,Prevalence of moderate or severe food insecurity in the male adult population (percent) (3-year average),61212,Confidence interval: Upper bound,20162018,2018,%,42.2,E,Official estimate
BFA,2017-01-01,2019-12-31,233,'854,Burkina Faso,210091M,Prevalence of moderate or severe food insecurity in the male adult population (percent) (3-year average),61212,Confidence interval: Upper bound,20172019,2019,%,43.2,E,Official estimate integrated with FAO data
BFA,2018-01-01,2020-12-31,233,'854,Burkina Faso,210091M,Prevalence of moderate or severe food insecurity in the male adult population (percent) (3-year average),61212,Confidence interval: Upper bound,20182020,2020,%,44.1,E,Official estimate integrated with FAO data
BFA,2019-01-01,2021-12-31,233,'854,Burkina Faso,210091M,Prevalence of moderate or severe food insecurity in the male adult population (percent) (3-year average),61212,Confidence interval: Upper bound,20192021,2021,%,44.9,E,Official estimate integrated with FAO data
BFA,2020-01-01,2022-12-31,233,'854,Burkina Faso,210091M,Prevalence of moderate or severe food insecurity in the male adult population (percent) (3-year average),61212,Confidence interval: Upper bound,20202022,2022,%,44.8,E,Official estimate integrated with FAO data
BFA,2021-01-01,2023-12-31,233,'854,Burkina Faso,210091M,Prevalence of moderate or severe food insecurity in the male adult population (percent) (3-year average),61212,Confidence interval: Upper bound,20212023,2023,%,44.7,E,Official estimate
BFA,2022-01-01,2024-12-31,233,'854,Burkina Faso,210091M,Prevalence of moderate or severe food insecurity in the male adult population (percent) (3-year average),61212,Confidence interval: Upper bound,20222024,2024,%,44.4,E,Official estimate integrated with FAO data
BFA,2014-01-01,2016-12-31,233,'854,Burkina Faso,210091F,Prevalence of moderate or severe food insecurity in the female adult population (percent) (3-year average),6121,Value,20142016,2016,%,,O,
BFA,2015-01-01,2017-12-31,233,'854,Burkina Faso,210091F,Prevalence of moderate or severe food insecurity in the female adult population (percent) (3-year average),6121,Value,20152017,2017,%,,O,
BFA,2016-01-01,2018-12-31,233,'854,Burkina Faso,210091F,Prevalence of moderate or severe food insecurity in the female adult population (percent) (3-year average),6121,Value,20162018,2018,%,38,E,Official estimate
BFA,2017-01-01,2019-12-31,233,'854,Burkina Faso,210091F,Prevalence of moderate or severe food insecurity in the female adult population (percent) (3-year average),6121,Value,20172019,2019,%,38,E,Official estimate integrated with FAO data
BFA,2018-01-01,2020-12-31,233,'854,Burkina Faso,210091F,Prevalence of moderate or severe food insecurity in the female adult population (percent) (3-year average),6121,Value,20182020,2020,%,38.2,E,Official estimate integrated with FAO data
BFA,2019-01-01,2021-12-31,233,'854,Burkina Faso,210091F,Prevalence of moderate or severe food insecurity in the female adult population (percent) (3-year average),6121,Value,20192021,2021,%,38.6,E,Official estimate integrated with FAO data
BFA,2020-01-01,2022-12-31,233,'854,Burkina Faso,210091F,Prevalence of moderate or severe food insecurity in the female adult population (percent) (3-year average),6121,Value,20202022,2022,%,38.9,E,Official estimate integrated with FAO data
BFA,2021-01-01,2023-12-31,233,'854,Burkina Faso,210091F,Prevalence of moderate or severe food insecurity in the female adult population (percent) (3-year average),6121,Value,20212023,2023,%,39.3,E,Official estimate
BFA,2022-01-01,2024-12-31,233,'854,Burkina Faso,210091F,Prevalence of moderate or severe food insecurity in the female adult population (percent) (3-year average),6121,Value,20222024,2024,%,40.9,E,Official estimate integrated with FAO data
BFA,2014-01-01,2016-12-31,233,'854,Burkina Faso,210091F,Prevalence of moderate or severe food insecurity in the female adult population (percent) (3-year average),61211,Confidence interval: Lower bound,20142016,2016,%,,O,
BFA,2015-01-01,2017-12-31,233,'854,Burkina Faso,210091F,Prevalence of moderate or severe food insecurity in the female adult population (percent) (3-year average),61211,Confidence interval: Lower bound,20152017,2017,%,,O,
BFA,2016-01-01,2018-12-31,233,'854,Burkina Faso,210091F,Prevalence of moderate or severe food insecurity in the female adult population (percent) (3-year average),61211,Confidence interval: Lower bound,20162018,2018,%,35.1,E,Official estimate
BFA,2017-01-01,2019-12-31,233,'854,Burkina Faso,210091F,Prevalence of moderate or severe food insecurity in the female adult population (percent) (3-year average),61211,Confidence interval: Lower bound,20172019,2019,%,34,E,Official estimate integrated with FAO data
BFA,2018-01-01,2020-12-31,233,'854,Burkina Faso,210091F,Prevalence of moderate or severe food insecurity in the female adult population (percent) (3-year average),61211,Confidence interval: Lower bound,20182020,2020,%,34.2,E,Official estimate integrated with FAO data
BFA,2019-01-01,2021-12-31,233,'854,Burkina Faso,210091F,Prevalence of moderate or severe food insecurity in the female adult population (percent) (3-year average),61211,Confidence interval: Lower bound,20192021,2021,%,34.9,E,Official estimate integrated with FAO data
BFA,2020-01-01,2022-12-31,233,'854,Burkina Faso,210091F,Prevalence of moderate or severe food insecurity in the female adult population (percent) (3-year average),61211,Confidence interval: Lower bound,20202022,2022,%,36.2,E,Official estimate integrated with FAO data
BFA,2021-01-01,2023-12-31,233,'854,Burkina Faso,210091F,Prevalence of moderate or severe food insecurity in the female adult population (percent) (3-year average),61211,Confidence interval: Lower bound,20212023,2023,%,36.8,E,Official estimate
BFA,2022-01-01,2024-12-31,233,'854,Burkina Faso,210091F,Prevalence of moderate or severe food insecurity in the female adult population (percent) (3-year average),61211,Confidence interval: Lower bound,20222024,2024,%,38.3,E,Official estimate integrated with FAO data
BFA,2014-01-01,2016-12-31,233,'854,Burkina Faso,210091F,Prevalence of moderate or severe food insecurity in the female adult population (percent) (3-year average),61212,Confidence interval: Upper bound,20142016,2016,%,,O,
BFA,2015-01-01,2017-12-31,233,'854,Burkina Faso,210091F,Prevalence of moderate or severe food insecurity in the female adult population (percent) (3-year average),61212,Confidence interval: Upper bound,20152017,2017,%,,O,
BFA,2016-01-01,2018-12-31,233,'854,Burkina Faso,210091F,Prevalence of moderate or severe food insecurity in the female adult population (percent) (3-year average),61212,Confidence interval: Upper bound,20162018,2018,%,40.9,E,Official estimate
BFA,2017-01-01,2019-12-31,233,'854,Burkina Faso,210091F,Prevalence of moderate or severe food insecurity in the female adult population (percent) (3-year average),61212,Confidence interval: Upper bound,20172019,2019,%,42.1,E,Official estimate integrated with FAO data
BFA,2018-01-01,2020-12-31,233,'854,Burkina Faso,210091F,Prevalence of moderate or severe food insecurity in the female adult population (percent) (3-year average),61212,Confidence interval: Upper bound,20182020,2020,%,42.1,E,Official estimate integrated with FAO data
BFA,2019-01-01,2021-12-31,233,'854,Burkina Faso,210091F,Prevalence of moderate or severe food insecurity in the female adult population (percent) (3-year average),61212,Confidence interval: Upper bound,20192021,2021,%,42.4,E,Official estimate integrated with FAO data
BFA,2020-01-01,2022-12-31,233,'854,Burkina Faso,210091F,Prevalence of moderate or severe food insecurity in the female adult population (percent) (3-year average),61212,Confidence interval: Upper bound,20202022,2022,%,41.5,E,Official estimate integrated with FAO data
BFA,2021-01-01,2023-12-31,233,'854,Burkina Faso,210091F,Prevalence of moderate or severe food insecurity in the female adult population (percent) (3-year average),61212,Confidence interval: Upper bound,20212023,2023,%,41.9,E,Official estimate
BFA,2022-01-01,2024-12-31,233,'854,Burkina Faso,210091F,Prevalence of moderate or severe food insecurity in the female adult population (percent) (3-year average),61212,Confidence interval: Upper bound,20222024,2024,%,43.5,E,Official estimate integrated with FAO data
BFA,2014-01-01,2016-12-31,233,'854,Burkina Faso,210071,Number of severely food insecure people (million) (3-year average),6132,Value,20142016,2016,million No,,O,
BFA,2015-01-01,2017-12-31,233,'854,Burkina Faso,210071,Number of severely food insecure people (million) (3-year average),6132,Value,20152017,2017,million No,,O,
BFA,2016-01-01,2018-12-31,233,'854,Burkina Faso,210071,Number of severely food insecure people (million) (3-year average),6132,Value,20162018,2018,million No,1.2,E,Official estimate
BFA,2017-01-01,2019-12-31,233,'854,Burkina Faso,210071,Number of severely food insecure people (million) (3-year average),6132,Value,20172019,2019,million No,1.2,E,Official estimate integrated with FAO data
BFA,2018-01-01,2020-12-31,233,'854,Burkina Faso,210071,Number of severely food insecure people (million) (3-year average),6132,Value,20182020,2020,million No,1.3,E,Official estimate integrated with FAO data
BFA,2019-01-01,2021-12-31,233,'854,Burkina Faso,210071,Number of severely food insecure people (million) (3-year average),6132,Value,20192021,2021,million No,1.5,E,Official estimate integrated with FAO data
BFA,2020-01-01,2022-12-31,233,'854,Burkina Faso,210071,Number of severely food insecure people (million) (3-year average),6132,Value,20202022,2022,million No,1.6,E,Official estimate integrated with FAO data
BFA,2021-01-01,2023-12-31,233,'854,Burkina Faso,210071,Number of severely food insecure people (million) (3-year average),6132,Value,20212023,2023,million No,1.6,E,Official estimate
BFA,2022-01-01,2024-12-31,233,'854,Burkina Faso,210071,Number of severely food insecure people (million) (3-year average),6132,Value,20222024,2024,million No,1.7,E,Official estimate integrated with FAO data
BFA,2014-01-01,2016-12-31,233,'854,Burkina Faso,210071,Number of severely food insecure people (million) (3-year average),61321,Confidence interval: Lower bound,20142016,2016,million No,,O,
BFA,2015-01-01,2017-12-31,233,'854,Burkina Faso,210071,Number of severely food insecure people (million) (3-year average),61321,Confidence interval: Lower bound,20152017,2017,million No,,O,
BFA,2016-01-01,2018-12-31,233,'854,Burkina Faso,210071,Number of severely food insecure people (million) (3-year average),61321,Confidence interval: Lower bound,20162018,2018,million No,1,E,Official estimate
BFA,2017-01-01,2019-12-31,233,'854,Burkina Faso,210071,Number of severely food insecure people (million) (3-year average),61321,Confidence interval: Lower bound,20172019,2019,million No,0.9,E,Official estimate integrated with FAO data
BFA,2018-01-01,2020-12-31,233,'854,Burkina Faso,210071,Number of severely food insecure people (million) (3-year average),61321,Confidence interval: Lower bound,20182020,2020,million No,0.9,E,Official estimate integrated with FAO data
BFA,2019-01-01,2021-12-31,233,'854,Burkina Faso,210071,Number of severely food insecure people (million) (3-year average),61321,Confidence interval: Lower bound,20192021,2021,million No,1,E,Official estimate integrated with FAO data
BFA,2020-01-01,2022-12-31,233,'854,Burkina Faso,210071,Number of severely food insecure people (million) (3-year average),61321,Confidence interval: Lower bound,20202022,2022,million No,1.2,E,Official estimate integrated with FAO data
BFA,2021-01-01,2023-12-31,233,'854,Burkina Faso,210071,Number of severely food insecure people (million) (3-year average),61321,Confidence interval: Lower bound,20212023,2023,million No,1.3,E,Official estimate
BFA,2022-01-01,2024-12-31,233,'854,Burkina Faso,210071,Number of severely food insecure people (million) (3-year average),61321,Confidence interval: Lower bound,20222024,2024,million No,1.4,E,Official estimate integrated with FAO data
BFA,2014-01-01,2016-12-31,233,'854,Burkina Faso,210071,Number of severely food insecure people (million) (3-year average),61322,Confidence interval: Upper bound,20142016,2016,million No,,O,
BFA,2015-01-01,2017-12-31,233,'854,Burkina Faso,210071,Number of severely food insecure people (million) (3-year average),61322,Confidence interval: Upper bound,20152017,2017,million No,,O,
BFA,2016-01-01,2018-12-31,233,'854,Burkina Faso,210071,Number of severely food insecure people (million) (3-year average),61322,Confidence interval: Upper bound,20162018,2018,million No,1.4,E,Official estimate
BFA,2017-01-01,2019-12-31,233,'854,Burkina Faso,210071,Number of severely food insecure people (million) (3-year average),61322,Confidence interval: Upper bound,20172019,2019,million No,1.6,E,Official estimate integrated with FAO data
BFA,2018-01-01,2020-12-31,233,'854,Burkina Faso,210071,Number of severely food insecure people (million) (3-year average),61322,Confidence interval: Upper bound,20182020,2020,million No,1.8,E,Official estimate integrated with FAO data
BFA,2019-01-01,2021-12-31,233,'854,Burkina Faso,210071,Number of severely food insecure people (million) (3-year average),61322,Confidence interval: Upper bound,20192021,2021,million No,1.9,E,Official estimate integrated with FAO data
BFA,2020-01-01,2022-12-31,233,'854,Burkina Faso,210071,Number of severely food insecure people (million) (3-year average),61322,Confidence interval: Upper bound,20202022,2022,million No,1.9,E,Official estimate integrated with FAO data
BFA,2021-01-01,2023-12-31,233,'854,Burkina Faso,210071,Number of severely food insecure people (million) (3-year average),61322,Confidence interval: Upper bound,20212023,2023,million No,1.9,E,Official estimate
BFA,2022-01-01,2024-12-31,233,'854,Burkina Faso,210071,Number of severely food insecure people (million) (3-year average),61322,Confidence interval: Upper bound,20222024,2024,million No,2,E,Official estimate integrated with FAO data
BFA,2014-01-01,2016-12-31,233,'854,Burkina Faso,210071M,Number of severely food insecure male adults (million) (3-year average),6132,Value,20142016,2016,million No,,O,
BFA,2015-01-01,2017-12-31,233,'854,Burkina Faso,210071M,Number of severely food insecure male adults (million) (3-year average),6132,Value,20152017,2017,million No,,O,
BFA,2016-01-01,2018-12-31,233,'854,Burkina Faso,210071M,Number of severely food insecure male adults (million) (3-year average),6132,Value,20162018,2018,million No,0.3,E,Official estimate
BFA,2017-01-01,2019-12-31,233,'854,Burkina Faso,210071M,Number of severely food insecure male adults (million) (3-year average),6132,Value,20172019,2019,million No,0.3,E,Official estimate integrated with FAO data
BFA,2018-01-01,2020-12-31,233,'854,Burkina Faso,210071M,Number of severely food insecure male adults (million) (3-year average),6132,Value,20182020,2020,million No,0.4,E,Official estimate integrated with FAO data
BFA,2019-01-01,2021-12-31,233,'854,Burkina Faso,210071M,Number of severely food insecure male adults (million) (3-year average),6132,Value,20192021,2021,million No,0.4,E,Official estimate integrated with FAO data
BFA,2020-01-01,2022-12-31,233,'854,Burkina Faso,210071M,Number of severely food insecure male adults (million) (3-year average),6132,Value,20202022,2022,million No,0.5,E,Official estimate integrated with FAO data
BFA,2021-01-01,2023-12-31,233,'854,Burkina Faso,210071M,Number of severely food insecure male adults (million) (3-year average),6132,Value,20212023,2023,million No,0.5,E,Official estimate
BFA,2022-01-01,2024-12-31,233,'854,Burkina Faso,210071M,Number of severely food insecure male adults (million) (3-year average),6132,Value,20222024,2024,million No,0.5,E,Official estimate integrated with FAO data
BFA,2014-01-01,2016-12-31,233,'854,Burkina Faso,210071M,Number of severely food insecure male adults (million) (3-year average),61321,Confidence interval: Lower bound,20142016,2016,million No,,O,
BFA,2015-01-01,2017-12-31,233,'854,Burkina Faso,210071M,Number of severely food insecure male adults (million) (3-year average),61321,Confidence interval: Lower bound,20152017,2017,million No,,O,
BFA,2016-01-01,2018-12-31,233,'854,Burkina Faso,210071M,Number of severely food insecure male adults (million) (3-year average),61321,Confidence interval: Lower bound,20162018,2018,million No,0.3,E,Official estimate
BFA,2017-01-01,2019-12-31,233,'854,Burkina Faso,210071M,Number of severely food insecure male adults (million) (3-year average),61321,Confidence interval: Lower bound,20172019,2019,million No,0.3,E,Official estimate integrated with FAO data
BFA,2018-01-01,2020-12-31,233,'854,Burkina Faso,210071M,Number of severely food insecure male adults (million) (3-year average),61321,Confidence interval: Lower bound,20182020,2020,million No,0.3,E,Official estimate integrated with FAO data
BFA,2019-01-01,2021-12-31,233,'854,Burkina Faso,210071M,Number of severely food insecure male adults (million) (3-year average),61321,Confidence interval: Lower bound,20192021,2021,million No,0.3,E,Official estimate integrated with FAO data
BFA,2020-01-01,2022-12-31,233,'854,Burkina Faso,210071M,Number of severely food insecure male adults (million) (3-year average),61321,Confidence interval: Lower bound,20202022,2022,million No,0.4,E,Official estimate integrated with FAO data
BFA,2021-01-01,2023-12-31,233,'854,Burkina Faso,210071M,Number of severely food insecure male adults (million) (3-year average),61321,Confidence interval: Lower bound,20212023,2023,million No,0.4,E,Official estimate
BFA,2022-01-01,2024-12-31,233,'854,Burkina Faso,210071M,Number of severely food insecure male adults (million) (3-year average),61321,Confidence interval: Lower bound,20222024,2024,million No,0.4,E,Official estimate integrated with FAO data
BFA,2014-01-01,2016-12-31,233,'854,Burkina Faso,210071M,Number of severely food insecure male adults (million) (3-year average),61322,Confidence interval: Upper bound,20142016,2016,million No,,O,
BFA,2015-01-01,2017-12-31,233,'854,Burkina Faso,210071M,Number of severely food insecure male adults (million) (3-year average),61322,Confidence interval: Upper bound,20152017,2017,million No,,O,
BFA,2016-01-01,2018-12-31,233,'854,Burkina Faso,210071M,Number of severely food insecure male adults (million) (3-year average),61322,Confidence interval: Upper bound,20162018,2018,million No,0.4,E,Official estimate
BFA,2017-01-01,2019-12-31,233,'854,Burkina Faso,210071M,Number of severely food insecure male adults (million) (3-year average),61322,Confidence interval: Upper bound,20172019,2019,million No,0.4,E,Official estimate integrated with FAO data
BFA,2018-01-01,2020-12-31,233,'854,Burkina Faso,210071M,Number of severely food insecure male adults (million) (3-year average),61322,Confidence interval: Upper bound,20182020,2020,million No,0.5,E,Official estimate integrated with FAO data
BFA,2019-01-01,2021-12-31,233,'854,Burkina Faso,210071M,Number of severely food insecure male adults (million) (3-year average),61322,Confidence interval: Upper bound,20192021,2021,million No,0.6,E,Official estimate integrated with FAO data
BFA,2020-01-01,2022-12-31,233,'854,Burkina Faso,210071M,Number of severely food insecure male adults (million) (3-year average),61322,Confidence interval: Upper bound,20202022,2022,million No,0.6,E,Official estimate integrated with FAO data
BFA,2021-01-01,2023-12-31,233,'854,Burkina Faso,210071M,Number of severely food insecure male adults (million) (3-year average),61322,Confidence interval: Upper bound,20212023,2023,million No,0.6,E,Official estimate
BFA,2022-01-01,2024-12-31,233,'854,Burkina Faso,210071M,Number of severely food insecure male adults (million) (3-year average),61322,Confidence interval: Upper bound,20222024,2024,million No,0.6,E,Official estimate integrated with FAO data
BFA,2014-01-01,2016-12-31,233,'854,Burkina Faso,210071F,Number of severely food insecure female adults (million) (3-year average),6132,Value,20142016,2016,million No,,O,
BFA,2015-01-01,2017-12-31,233,'854,Burkina Faso,210071F,Number of severely food insecure female adults (million) (3-year average),6132,Value,20152017,2017,million No,,O,
BFA,2016-01-01,2018-12-31,233,'854,Burkina Faso,210071F,Number of severely food insecure female adults (million) (3-year average),6132,Value,20162018,2018,million No,0.3,E,Official estimate
BFA,2017-01-01,2019-12-31,233,'854,Burkina Faso,210071F,Number of severely food insecure female adults (million) (3-year average),6132,Value,20172019,2019,million No,0.3,E,Official estimate integrated with FAO data
BFA,2018-01-01,2020-12-31,233,'854,Burkina Faso,210071F,Number of severely food insecure female adults (million) (3-year average),6132,Value,20182020,2020,million No,0.4,E,Official estimate integrated with FAO data
BFA,2019-01-01,2021-12-31,233,'854,Burkina Faso,210071F,Number of severely food insecure female adults (million) (3-year average),6132,Value,20192021,2021,million No,0.4,E,Official estimate integrated with FAO data
BFA,2020-01-01,2022-12-31,233,'854,Burkina Faso,210071F,Number of severely food insecure female adults (million) (3-year average),6132,Value,20202022,2022,million No,0.4,E,Official estimate integrated with FAO data
BFA,2021-01-01,2023-12-31,233,'854,Burkina Faso,210071F,Number of severely food insecure female adults (million) (3-year average),6132,Value,20212023,2023,million No,0.4,E,Official estimate
BFA,2022-01-01,2024-12-31,233,'854,Burkina Faso,210071F,Number of severely food insecure female adults (million) (3-year average),6132,Value,20222024,2024,million No,0.5,E,Official estimate integrated with FAO data
BFA,2014-01-01,2016-12-31,233,'854,Burkina Faso,210071F,Number of severely food insecure female adults (million) (3-year average),61321,Confidence interval: Lower bound,20142016,2016,million No,,O,
BFA,2015-01-01,2017-12-31,233,'854,Burkina Faso,210071F,Number of severely food insecure female adults (million) (3-year average),61321,Confidence interval: Lower bound,20152017,2017,million No,,O,
BFA,2016-01-01,2018-12-31,233,'854,Burkina Faso,210071F,Number of severely food insecure female adults (million) (3-year average),61321,Confidence interval: Lower bound,20162018,2018,million No,0.2,E,Official estimate
BFA,2017-01-01,2019-12-31,233,'854,Burkina Faso,210071F,Number of severely food insecure female adults (million) (3-year average),61321,Confidence interval: Lower bound,20172019,2019,million No,0.2,E,Official estimate integrated with FAO data
BFA,2018-01-01,2020-12-31,233,'854,Burkina Faso,210071F,Number of severely food insecure female adults (million) (3-year average),61321,Confidence interval: Lower bound,20182020,2020,million No,0.2,E,Official estimate integrated with FAO data
BFA,2019-01-01,2021-12-31,233,'854,Burkina Faso,210071F,Number of severely food insecure female adults (million) (3-year average),61321,Confidence interval: Lower bound,20192021,2021,million No,0.3,E,Official estimate integrated with FAO data
BFA,2020-01-01,2022-12-31,233,'854,Burkina Faso,210071F,Number of severely food insecure female adults (million) (3-year average),61321,Confidence interval: Lower bound,20202022,2022,million No,0.3,E,Official estimate integrated with FAO data
BFA,2021-01-01,2023-12-31,233,'854,Burkina Faso,210071F,Number of severely food insecure female adults (million) (3-year average),61321,Confidence interval: Lower bound,20212023,2023,million No,0.4,E,Official estimate
BFA,2022-01-01,2024-12-31,233,'854,Burkina Faso,210071F,Number of severely food insecure female adults (million) (3-year average),61321,Confidence interval: Lower bound,20222024,2024,million No,0.4,E,Official estimate integrated with FAO data
BFA,2014-01-01,2016-12-31,233,'854,Burkina Faso,210071F,Number of severely food insecure female adults (million) (3-year average),61322,Confidence interval: Upper bound,20142016,2016,million No,,O,
BFA,2015-01-01,2017-12-31,233,'854,Burkina Faso,210071F,Number of severely food insecure female adults (million) (3-year average),61322,Confidence interval: Upper bound,20152017,2017,million No,,O,
BFA,2016-01-01,2018-12-31,233,'854,Burkina Faso,210071F,Number of severely food insecure female adults (million) (3-year average),61322,Confidence interval: Upper bound,20162018,2018,million No,0.4,E,Official estimate
BFA,2017-01-01,2019-12-31,233,'854,Burkina Faso,210071F,Number of severely food insecure female adults (million) (3-year average),61322,Confidence interval: Upper bound,20172019,2019,million No,0.4,E,Official estimate integrated with FAO data
BFA,2018-01-01,2020-12-31,233,'854,Burkina Faso,210071F,Number of severely food insecure female adults (million) (3-year average),61322,Confidence interval: Upper bound,20182020,2020,million No,0.5,E,Official estimate integrated with FAO data
BFA,2019-01-01,2021-12-31,233,'854,Burkina Faso,210071F,Number of severely food insecure female adults (million) (3-year average),61322,Confidence interval: Upper bound,20192021,2021,million No,0.5,E,Official estimate integrated with FAO data
BFA,2020-01-01,2022-12-31,233,'854,Burkina Faso,210071F,Number of severely food insecure female adults (million) (3-year average),61322,Confidence interval: Upper bound,20202022,2022,million No,0.5,E,Official estimate integrated with FAO data
BFA,2021-01-01,2023-12-31,233,'854,Burkina Faso,210071F,Number of severely food insecure female adults (million) (3-year average),61322,Confidence interval: Upper bound,20212023,2023,million No,0.5,E,Official estimate
BFA,2022-01-01,2024-12-31,233,'854,Burkina Faso,210071F,Number of severely food insecure female adults (million) (3-year average),61322,Confidence interval: Upper bound,20222024,2024,million No,0.6,E,Official estimate integrated with FAO data
BFA,2014-01-01,2016-12-31,233,'854,Burkina Faso,210081,Number of moderately or severely food insecure people (million) (3-year average),6132,Value,20142016,2016,million No,,O,
BFA,2015-01-01,2017-12-31,233,'854,Burkina Faso,210081,Number of moderately or severely food insecure people (million) (3-year average),6132,Value,20152017,2017,million No,,O,
BFA,2016-01-01,2018-12-31,233,'854,Burkina Faso,210081,Number of moderately or severely food insecure people (million) (3-year average),6132,Value,20162018,2018,million No,7.7,E,Official estimate
BFA,2017-01-01,2019-12-31,233,'854,Burkina Faso,210081,Number of moderately or severely food insecure people (million) (3-year average),6132,Value,20172019,2019,million No,8,E,Official estimate integrated with FAO data
BFA,2018-01-01,2020-12-31,233,'854,Burkina Faso,210081,Number of moderately or severely food insecure people (million) (3-year average),6132,Value,20182020,2020,million No,8.3,E,Official estimate integrated with FAO data
BFA,2019-01-01,2021-12-31,233,'854,Burkina Faso,210081,Number of moderately or severely food insecure people (million) (3-year average),6132,Value,20192021,2021,million No,8.6,E,Official estimate integrated with FAO data
BFA,2020-01-01,2022-12-31,233,'854,Burkina Faso,210081,Number of moderately or severely food insecure people (million) (3-year average),6132,Value,20202022,2022,million No,8.9,E,Official estimate integrated with FAO data
BFA,2021-01-01,2023-12-31,233,'854,Burkina Faso,210081,Number of moderately or severely food insecure people (million) (3-year average),6132,Value,20212023,2023,million No,9.2,E,Official estimate
BFA,2022-01-01,2024-12-31,233,'854,Burkina Faso,210081,Number of moderately or severely food insecure people (million) (3-year average),6132,Value,20222024,2024,million No,9.5,E,Official estimate integrated with FAO data
BFA,2014-01-01,2016-12-31,233,'854,Burkina Faso,210081,Number of moderately or severely food insecure people (million) (3-year average),61321,Confidence interval: Lower bound,20142016,2016,million No,,O,
BFA,2015-01-01,2017-12-31,233,'854,Burkina Faso,210081,Number of moderately or severely food insecure people (million) (3-year average),61321,Confidence interval: Lower bound,20152017,2017,million No,,O,
BFA,2016-01-01,2018-12-31,233,'854,Burkina Faso,210081,Number of moderately or severely food insecure people (million) (3-year average),61321,Confidence interval: Lower bound,20162018,2018,million No,7.2,E,Official estimate
BFA,2017-01-01,2019-12-31,233,'854,Burkina Faso,210081,Number of moderately or severely food insecure people (million) (3-year average),61321,Confidence interval: Lower bound,20172019,2019,million No,7.3,E,Official estimate integrated with FAO data
BFA,2018-01-01,2020-12-31,233,'854,Burkina Faso,210081,Number of moderately or severely food insecure people (million) (3-year average),61321,Confidence interval: Lower bound,20182020,2020,million No,7.5,E,Official estimate integrated with FAO data
BFA,2019-01-01,2021-12-31,233,'854,Burkina Faso,210081,Number of moderately or severely food insecure people (million) (3-year average),61321,Confidence interval: Lower bound,20192021,2021,million No,7.9,E,Official estimate integrated with FAO data
BFA,2020-01-01,2022-12-31,233,'854,Burkina Faso,210081,Number of moderately or severely food insecure people (million) (3-year average),61321,Confidence interval: Lower bound,20202022,2022,million No,8.3,E,Official estimate integrated with FAO data
BFA,2021-01-01,2023-12-31,233,'854,Burkina Faso,210081,Number of moderately or severely food insecure people (million) (3-year average),61321,Confidence interval: Lower bound,20212023,2023,million No,8.6,E,Official estimate
BFA,2022-01-01,2024-12-31,233,'854,Burkina Faso,210081,Number of moderately or severely food insecure people (million) (3-year average),61321,Confidence interval: Lower bound,20222024,2024,million No,9,E,Official estimate integrated with FAO data
BFA,2014-01-01,2016-12-31,233,'854,Burkina Faso,210081,Number of moderately or severely food insecure people (million) (3-year average),61322,Confidence interval: Upper bound,20142016,2016,million No,,O,
BFA,2015-01-01,2017-12-31,233,'854,Burkina Faso,210081,Number of moderately or severely food insecure people (million) (3-year average),61322,Confidence interval: Upper bound,20152017,2017,million No,,O,
BFA,2016-01-01,2018-12-31,233,'854,Burkina Faso,210081,Number of moderately or severely food insecure people (million) (3-year average),61322,Confidence interval: Upper bound,20162018,2018,million No,8.3,E,Official estimate
BFA,2017-01-01,2019-12-31,233,'854,Burkina Faso,210081,Number of moderately or severely food insecure people (million) (3-year average),61322,Confidence interval: Upper bound,20172019,2019,million No,8.7,E,Official estimate integrated with FAO data
BFA,2018-01-01,2020-12-31,233,'854,Burkina Faso,210081,Number of moderately or severely food insecure people (million) (3-year average),61322,Confidence interval: Upper bound,20182020,2020,million No,9,E,Official estimate integrated with FAO data
BFA,2019-01-01,2021-12-31,233,'854,Burkina Faso,210081,Number of moderately or severely food insecure people (million) (3-year average),61322,Confidence interval: Upper bound,20192021,2021,million No,9.4,E,Official estimate integrated with FAO data
BFA,2020-01-01,2022-12-31,233,'854,Burkina Faso,210081,Number of moderately or severely food insecure people (million) (3-year average),61322,Confidence interval: Upper bound,20202022,2022,million No,9.5,E,Official estimate integrated with FAO data
BFA,2021-01-01,2023-12-31,233,'854,Burkina Faso,210081,Number of moderately or severely food insecure people (million) (3-year average),61322,Confidence interval: Upper bound,20212023,2023,million No,9.7,E,Official estimate
BFA,2022-01-01,2024-12-31,233,'854,Burkina Faso,210081,Number of moderately or severely food insecure people (million) (3-year average),61322,Confidence interval: Upper bound,20222024,2024,million No,10.1,E,Official estimate integrated with FAO data
BFA,2014-01-01,2016-12-31,233,'854,Burkina Faso,210081M,Number of moderately or severely food insecure male adults (million) (3-year average),6132,Value,20142016,2016,million No,,O,
BFA,2015-01-01,2017-12-31,233,'854,Burkina Faso,210081M,Number of moderately or severely food insecure male adults (million) (3-year average),6132,Value,20152017,2017,million No,,O,
BFA,2016-01-01,2018-12-31,233,'854,Burkina Faso,210081M,Number of moderately or severely food insecure male adults (million) (3-year average),6132,Value,20162018,2018,million No,2.1,E,Official estimate
BFA,2017-01-01,2019-12-31,233,'854,Burkina Faso,210081M,Number of moderately or severely food insecure male adults (million) (3-year average),6132,Value,20172019,2019,million No,2.2,E,Official estimate integrated with FAO data
BFA,2018-01-01,2020-12-31,233,'854,Burkina Faso,210081M,Number of moderately or severely food insecure male adults (million) (3-year average),6132,Value,20182020,2020,million No,2.3,E,Official estimate integrated with FAO data
BFA,2019-01-01,2021-12-31,233,'854,Burkina Faso,210081M,Number of moderately or severely food insecure male adults (million) (3-year average),6132,Value,20192021,2021,million No,2.5,E,Official estimate integrated with FAO data
BFA,2020-01-01,2022-12-31,233,'854,Burkina Faso,210081M,Number of moderately or severely food insecure male adults (million) (3-year average),6132,Value,20202022,2022,million No,2.6,E,Official estimate integrated with FAO data
BFA,2021-01-01,2023-12-31,233,'854,Burkina Faso,210081M,Number of moderately or severely food insecure male adults (million) (3-year average),6132,Value,20212023,2023,million No,2.7,E,Official estimate
BFA,2022-01-01,2024-12-31,233,'854,Burkina Faso,210081M,Number of moderately or severely food insecure male adults (million) (3-year average),6132,Value,20222024,2024,million No,2.7,E,Official estimate integrated with FAO data
BFA,2014-01-01,2016-12-31,233,'854,Burkina Faso,210081M,Number of moderately or severely food insecure male adults (million) (3-year average),61321,Confidence interval: Lower bound,20142016,2016,million No,,O,
BFA,2015-01-01,2017-12-31,233,'854,Burkina Faso,210081M,Number of moderately or severely food insecure male adults (million) (3-year average),61321,Confidence interval: Lower bound,20152017,2017,million No,,O,
BFA,2016-01-01,2018-12-31,233,'854,Burkina Faso,210081M,Number of moderately or severely food insecure male adults (million) (3-year average),61321,Confidence interval: Lower bound,20162018,2018,million No,2,E,Official estimate
BFA,2017-01-01,2019-12-31,233,'854,Burkina Faso,210081M,Number of moderately or severely food insecure male adults (million) (3-year average),61321,Confidence interval: Lower bound,20172019,2019,million No,2,E,Official estimate integrated with FAO data
BFA,2018-01-01,2020-12-31,233,'854,Burkina Faso,210081M,Number of moderately or severely food insecure male adults (million) (3-year average),61321,Confidence interval: Lower bound,20182020,2020,million No,2.1,E,Official estimate integrated with FAO data
BFA,2019-01-01,2021-12-31,233,'854,Burkina Faso,210081M,Number of moderately or severely food insecure male adults (million) (3-year average),61321,Confidence interval: Lower bound,20192021,2021,million No,2.3,E,Official estimate integrated with FAO data
BFA,2020-01-01,2022-12-31,233,'854,Burkina Faso,210081M,Number of moderately or severely food insecure male adults (million) (3-year average),61321,Confidence interval: Lower bound,20202022,2022,million No,2.4,E,Official estimate integrated with FAO data
BFA,2021-01-01,2023-12-31,233,'854,Burkina Faso,210081M,Number of moderately or severely food insecure male adults (million) (3-year average),61321,Confidence interval: Lower bound,20212023,2023,million No,2.5,E,Official estimate
BFA,2022-01-01,2024-12-31,233,'854,Burkina Faso,210081M,Number of moderately or severely food insecure male adults (million) (3-year average),61321,Confidence interval: Lower bound,20222024,2024,million No,2.6,E,Official estimate integrated with FAO data
BFA,2014-01-01,2016-12-31,233,'854,Burkina Faso,210081M,Number of moderately or severely food insecure male adults (million) (3-year average),61322,Confidence interval: Upper bound,20142016,2016,million No,,O,
BFA,2015-01-01,2017-12-31,233,'854,Burkina Faso,210081M,Number of moderately or severely food insecure male adults (million) (3-year average),61322,Confidence interval: Upper bound,20152017,2017,million No,,O,
BFA,2016-01-01,2018-12-31,233,'854,Burkina Faso,210081M,Number of moderately or severely food insecure male adults (million) (3-year average),61322,Confidence interval: Upper bound,20162018,2018,million No,2.3,E,Official estimate
BFA,2017-01-01,2019-12-31,233,'854,Burkina Faso,210081M,Number of moderately or severely food insecure male adults (million) (3-year average),61322,Confidence interval: Upper bound,20172019,2019,million No,2.4,E,Official estimate integrated with FAO data
BFA,2018-01-01,2020-12-31,233,'854,Burkina Faso,210081M,Number of moderately or severely food insecure male adults (million) (3-year average),61322,Confidence interval: Upper bound,20182020,2020,million No,2.5,E,Official estimate integrated with FAO data
BFA,2019-01-01,2021-12-31,233,'854,Burkina Faso,210081M,Number of moderately or severely food insecure male adults (million) (3-year average),61322,Confidence interval: Upper bound,20192021,2021,million No,2.6,E,Official estimate integrated with FAO data
BFA,2020-01-01,2022-12-31,233,'854,Burkina Faso,210081M,Number of moderately or severely food insecure male adults (million) (3-year average),61322,Confidence interval: Upper bound,20202022,2022,million No,2.7,E,Official estimate integrated with FAO data
BFA,2021-01-01,2023-12-31,233,'854,Burkina Faso,210081M,Number of moderately or severely food insecure male adults (million) (3-year average),61322,Confidence interval: Upper bound,20212023,2023,million No,2.8,E,Official estimate
BFA,2022-01-01,2024-12-31,233,'854,Burkina Faso,210081M,Number of moderately or severely food insecure male adults (million) (3-year average),61322,Confidence interval: Upper bound,20222024,2024,million No,2.9,E,Official estimate integrated with FAO data
BFA,2014-01-01,2016-12-31,233,'854,Burkina Faso,210081F,Number of moderately or severely food insecure female adults (million) (3-year average),6132,Value,20142016,2016,million No,,O,
BFA,2015-01-01,2017-12-31,233,'854,Burkina Faso,210081F,Number of moderately or severely food insecure female adults (million) (3-year average),6132,Value,20152017,2017,million No,,O,
BFA,2016-01-01,2018-12-31,233,'854,Burkina Faso,210081F,Number of moderately or severely food insecure female adults (million) (3-year average),6132,Value,20162018,2018,million No,2.1,E,Official estimate
BFA,2017-01-01,2019-12-31,233,'854,Burkina Faso,210081F,Number of moderately or severely food insecure female adults (million) (3-year average),6132,Value,20172019,2019,million No,2.2,E,Official estimate integrated with FAO data
BFA,2018-01-01,2020-12-31,233,'854,Burkina Faso,210081F,Number of moderately or severely food insecure female adults (million) (3-year average),6132,Value,20182020,2020,million No,2.3,E,Official estimate integrated with FAO data
BFA,2019-01-01,2021-12-31,233,'854,Burkina Faso,210081F,Number of moderately or severely food insecure female adults (million) (3-year average),6132,Value,20192021,2021,million No,2.4,E,Official estimate integrated with FAO data
BFA,2020-01-01,2022-12-31,233,'854,Burkina Faso,210081F,Number of moderately or severely food insecure female adults (million) (3-year average),6132,Value,20202022,2022,million No,2.5,E,Official estimate integrated with FAO data
BFA,2021-01-01,2023-12-31,233,'854,Burkina Faso,210081F,Number of moderately or severely food insecure female adults (million) (3-year average),6132,Value,20212023,2023,million No,2.6,E,Official estimate
BFA,2022-01-01,2024-12-31,233,'854,Burkina Faso,210081F,Number of moderately or severely food insecure female adults (million) (3-year average),6132,Value,20222024,2024,million No,2.8,E,Official estimate integrated with FAO data
BFA,2014-01-01,2016-12-31,233,'854,Burkina Faso,210081F,Number of moderately or severely food insecure female adults (million) (3-year average),61321,Confidence interval: Lower bound,20142016,2016,million No,,O,
BFA,2015-01-01,2017-12-31,233,'854,Burkina Faso,210081F,Number of moderately or severely food insecure female adults (million) (3-year average),61321,Confidence interval: Lower bound,20152017,2017,million No,,O,
BFA,2016-01-01,2018-12-31,233,'854,Burkina Faso,210081F,Number of moderately or severely food insecure female adults (million) (3-year average),61321,Confidence interval: Lower bound,20162018,2018,million No,2,E,Official estimate
BFA,2017-01-01,2019-12-31,233,'854,Burkina Faso,210081F,Number of moderately or severely food insecure female adults (million) (3-year average),61321,Confidence interval: Lower bound,20172019,2019,million No,2,E,Official estimate integrated with FAO data
BFA,2018-01-01,2020-12-31,233,'854,Burkina Faso,210081F,Number of moderately or severely food insecure female adults (million) (3-year average),61321,Confidence interval: Lower bound,20182020,2020,million No,2,E,Official estimate integrated with FAO data
BFA,2019-01-01,2021-12-31,233,'854,Burkina Faso,210081F,Number of moderately or severely food insecure female adults (million) (3-year average),61321,Confidence interval: Lower bound,20192021,2021,million No,2.1,E,Official estimate integrated with FAO data
BFA,2020-01-01,2022-12-31,233,'854,Burkina Faso,210081F,Number of moderately or severely food insecure female adults (million) (3-year average),61321,Confidence interval: Lower bound,20202022,2022,million No,2.3,E,Official estimate integrated with FAO data
BFA,2021-01-01,2023-12-31,233,'854,Burkina Faso,210081F,Number of moderately or severely food insecure female adults (million) (3-year average),61321,Confidence interval: Lower bound,20212023,2023,million No,2.4,E,Official estimate
BFA,2022-01-01,2024-12-31,233,'854,Burkina Faso,210081F,Number of moderately or severely food insecure female adults (million) (3-year average),61321,Confidence interval: Lower bound,20222024,2024,million No,2.6,E,Official estimate integrated with FAO data
BFA,2014-01-01,2016-12-31,233,'854,Burkina Faso,210081F,Number of moderately or severely food insecure female adults (million) (3-year average),61322,Confidence interval: Upper bound,20142016,2016,million No,,O,
BFA,2015-01-01,2017-12-31,233,'854,Burkina Faso,210081F,Number of moderately or severely food insecure female adults (million) (3-year average),61322,Confidence interval: Upper bound,20152017,2017,million No,,O,
BFA,2016-01-01,2018-12-31,233,'854,Burkina Faso,210081F,Number of moderately or severely food insecure female adults (million) (3-year average),61322,Confidence interval: Upper bound,20162018,2018,million No,2.3,E,Official estimate
BFA,2017-01-01,2019-12-31,233,'854,Burkina Faso,210081F,Number of moderately or severely food insecure female adults (million) (3-year average),61322,Confidence interval: Upper bound,20172019,2019,million No,2.4,E,Official estimate integrated with FAO data
BFA,2018-01-01,2020-12-31,233,'854,Burkina Faso,210081F,Number of moderately or severely food insecure female adults (million) (3-year average),61322,Confidence interval: Upper bound,20182020,2020,million No,2.5,E,Official estimate integrated with FAO data
BFA,2019-01-01,2021-12-31,233,'854,Burkina Faso,210081F,Number of moderately or severely food insecure female adults (million) (3-year average),61322,Confidence interval: Upper bound,20192021,2021,million No,2.6,E,Official estimate integrated with FAO data
BFA,2020-01-01,2022-12-31,233,'854,Burkina Faso,210081F,Number of moderately or severely food insecure female adults (million) (3-year average),61322,Confidence interval: Upper bound,20202022,2022,million No,2.6,E,Official estimate integrated with FAO data
BFA,2021-01-01,2023-12-31,233,'854,Burkina Faso,210081F,Number of moderately or severely food insecure female adults (million) (3-year average),61322,Confidence interval: Upper bound,20212023,2023,million No,2.7,E,Official estimate
BFA,2022-01-01,2024-12-31,233,'854,Burkina Faso,210081F,Number of moderately or severely food insecure female adults (million) (3-year average),61322,Confidence interval: Upper bound,20222024,2024,million No,2.9,E,Official estimate integrated with FAO data
BFA,2000-01-01,2002-12-31,233,'854,Burkina Faso,21035,Cereal import dependency ratio (percent) (3-year average),6121,Value,20002002,2002,%,9,E,
BFA,2001-01-01,2003-12-31,233,'854,Burkina Faso,21035,Cereal import dependency ratio (percent) (3-year average),6121,Value,20012003,2003,%,7.9,E,
BFA,2002-01-01,2004-12-31,233,'854,Burkina Faso,21035,Cereal import dependency ratio (percent) (3-year average),6121,Value,20022004,2004,%,6.9,E,
BFA,2003-01-01,2005-12-31,233,'854,Burkina Faso,21035,Cereal import dependency ratio (percent) (3-year average),6121,Value,20032005,2005,%,6.9,E,
BFA,2004-01-01,2006-12-31,233,'854,Burkina Faso,21035,Cereal import dependency ratio (percent) (3-year average),6121,Value,20042006,2006,%,7.4,E,
BFA,2005-01-01,2007-12-31,233,'854,Burkina Faso,21035,Cereal import dependency ratio (percent) (3-year average),6121,Value,20052007,2007,%,8.1,E,
BFA,2006-01-01,2008-12-31,233,'854,Burkina Faso,21035,Cereal import dependency ratio (percent) (3-year average),6121,Value,20062008,2008,%,7.2,E,
BFA,2007-01-01,2009-12-31,233,'854,Burkina Faso,21035,Cereal import dependency ratio (percent) (3-year average),6121,Value,20072009,2009,%,7.7,E,
BFA,2008-01-01,2010-12-31,233,'854,Burkina Faso,21035,Cereal import dependency ratio (percent) (3-year average),6121,Value,20082010,2010,%,8.6,E,
BFA,2009-01-01,2011-12-31,233,'854,Burkina Faso,21035,Cereal import dependency ratio (percent) (3-year average),6121,Value,20092011,2011,%,11.7,E,
BFA,2010-01-01,2012-12-31,233,'854,Burkina Faso,21035,Cereal import dependency ratio (percent) (3-year average),6121,Value,20102012,2012,%,12.9,E,
BFA,2011-01-01,2013-12-31,233,'854,Burkina Faso,21035,Cereal import dependency ratio (percent) (3-year average),6121,Value,20112013,2013,%,14.3,E,
BFA,2012-01-01,2014-12-31,233,'854,Burkina Faso,21035,Cereal import dependency ratio (percent) (3-year average),6121,Value,20122014,2014,%,13.8,E,
BFA,2013-01-01,2015-12-31,233,'854,Burkina Faso,21035,Cereal import dependency ratio (percent) (3-year average),6121,Value,20132015,2015,%,14.9,E,
BFA,2014-01-01,2016-12-31,233,'854,Burkina Faso,21035,Cereal import dependency ratio (percent) (3-year average),6121,Value,20142016,2016,%,16.1,E,
BFA,2015-01-01,2017-12-31,233,'854,Burkina Faso,21035,Cereal import dependency ratio (percent) (3-year average),6121,Value,20152017,2017,%,18.4,E,
BFA,2016-01-01,2018-12-31,233,'854,Burkina Faso,21035,Cereal import dependency ratio (percent) (3-year average),6121,Value,20162018,2018,%,18.9,E,
BFA,2017-01-01,2019-12-31,233,'854,Burkina Faso,21035,Cereal import dependency ratio (percent) (3-year average),6121,Value,20172019,2019,%,18.6,E,
BFA,2018-01-01,2020-12-31,233,'854,Burkina Faso,21035,Cereal import dependency ratio (percent) (3-year average),6121,Value,20182020,2020,%,16.1,E,
BFA,2019-01-01,2021-12-31,233,'854,Burkina Faso,21035,Cereal import dependency ratio (percent) (3-year average),6121,Value,20192021,2021,%,15.5,E,
BFA,2020-01-01,2022-12-31,233,'854,Burkina Faso,21035,Cereal import dependency ratio (percent) (3-year average),6121,Value,20202022,2022,%,17.1,E,
BFA,2021-01-01,2023-12-31,233,'854,Burkina Faso,21035,Cereal import dependency ratio (percent) (3-year average),6121,Value,20212023,2023,%,20.5,E,
BFA,2000-01-01,2002-12-31,233,'854,Burkina Faso,21034,Percent of arable land equipped for irrigation (percent) (3-year average),6121,Value,20002002,2002,%,0.1,E,
BFA,2001-01-01,2003-12-31,233,'854,Burkina Faso,21034,Percent of arable land equipped for irrigation (percent) (3-year average),6121,Value,20012003,2003,%,0.1,E,
BFA,2002-01-01,2004-12-31,233,'854,Burkina Faso,21034,Percent of arable land equipped for irrigation (percent) (3-year average),6121,Value,20022004,2004,%,0.1,E,
BFA,2003-01-01,2005-12-31,233,'854,Burkina Faso,21034,Percent of arable land equipped for irrigation (percent) (3-year average),6121,Value,20032005,2005,%,0.1,E,
BFA,2004-01-01,2006-12-31,233,'854,Burkina Faso,21034,Percent of arable land equipped for irrigation (percent) (3-year average),6121,Value,20042006,2006,%,0.1,E,
BFA,2005-01-01,2007-12-31,233,'854,Burkina Faso,21034,Percent of arable land equipped for irrigation (percent) (3-year average),6121,Value,20052007,2007,%,0.1,E,
BFA,2006-01-01,2008-12-31,233,'854,Burkina Faso,21034,Percent of arable land equipped for irrigation (percent) (3-year average),6121,Value,20062008,2008,%,0.2,E,
BFA,2007-01-01,2009-12-31,233,'854,Burkina Faso,21034,Percent of arable land equipped for irrigation (percent) (3-year average),6121,Value,20072009,2009,%,0.2,E,
BFA,2008-01-01,2010-12-31,233,'854,Burkina Faso,21034,Percent of arable land equipped for irrigation (percent) (3-year average),6121,Value,20082010,2010,%,0.2,E,
BFA,2009-01-01,2011-12-31,233,'854,Burkina Faso,21034,Percent of arable land equipped for irrigation (percent) (3-year average),6121,Value,20092011,2011,%,0.2,E,
BFA,2010-01-01,2012-12-31,233,'854,Burkina Faso,21034,Percent of arable land equipped for irrigation (percent) (3-year average),6121,Value,20102012,2012,%,0.2,E,
BFA,2011-01-01,2013-12-31,233,'854,Burkina Faso,21034,Percent of arable land equipped for irrigation (percent) (3-year average),6121,Value,20112013,2013,%,0.2,E,
BFA,2012-01-01,2014-12-31,233,'854,Burkina Faso,21034,Percent of arable land equipped for irrigation (percent) (3-year average),6121,Value,20122014,2014,%,0.2,E,
BFA,2013-01-01,2015-12-31,233,'854,Burkina Faso,21034,Percent of arable land equipped for irrigation (percent) (3-year average),6121,Value,20132015,2015,%,0.2,E,
BFA,2014-01-01,2016-12-31,233,'854,Burkina Faso,21034,Percent of arable land equipped for irrigation (percent) (3-year average),6121,Value,20142016,2016,%,0.2,E,
BFA,2015-01-01,2017-12-31,233,'854,Burkina Faso,21034,Percent of arable land equipped for irrigation (percent) (3-year average),6121,Value,20152017,2017,%,0.2,E,
BFA,2016-01-01,2018-12-31,233,'854,Burkina Faso,21034,Percent of arable land equipped for irrigation (percent) (3-year average),6121,Value,20162018,2018,%,0.2,E,
BFA,2017-01-01,2019-12-31,233,'854,Burkina Faso,21034,Percent of arable land equipped for irrigation (percent) (3-year average),6121,Value,20172019,2019,%,0.2,E,
BFA,2018-01-01,2020-12-31,233,'854,Burkina Faso,21034,Percent of arable land equipped for irrigation (percent) (3-year average),6121,Value,20182020,2020,%,0.2,E,
BFA,2019-01-01,2021-12-31,233,'854,Burkina Faso,21034,Percent of arable land equipped for irrigation (percent) (3-year average),6121,Value,20192021,2021,%,0.2,E,
BFA,2020-01-01,2022-12-31,233,'854,Burkina Faso,21034,Percent of arable land equipped for irrigation (percent) (3-year average),6121,Value,20202022,2022,%,0.2,E,
BFA,2021-01-01,2023-12-31,233,'854,Burkina Faso,21034,Percent of arable land equipped for irrigation (percent) (3-year average),6121,Value,20212023,2023,%,0.2,E,
BFA,2000-01-01,2002-12-31,233,'854,Burkina Faso,21033,Value of food imports in total merchandise exports (percent) (3-year average),6121,Value,20002002,2002,%,52,E,
BFA,2001-01-01,2003-12-31,233,'854,Burkina Faso,21033,Value of food imports in total merchandise exports (percent) (3-year average),6121,Value,20012003,2003,%,42,E,
BFA,2002-01-01,2004-12-31,233,'854,Burkina Faso,21033,Value of food imports in total merchandise exports (percent) (3-year average),6121,Value,20022004,2004,%,32,E,
BFA,2003-01-01,2005-12-31,233,'854,Burkina Faso,21033,Value of food imports in total merchandise exports (percent) (3-year average),6121,Value,20032005,2005,%,38,E,
BFA,2004-01-01,2006-12-31,233,'854,Burkina Faso,21033,Value of food imports in total merchandise exports (percent) (3-year average),6121,Value,20042006,2006,%,45,E,
BFA,2005-01-01,2007-12-31,233,'854,Burkina Faso,21033,Value of food imports in total merchandise exports (percent) (3-year average),6121,Value,20052007,2007,%,56,E,
BFA,2006-01-01,2008-12-31,233,'854,Burkina Faso,21033,Value of food imports in total merchandise exports (percent) (3-year average),6121,Value,20062008,2008,%,46,E,
BFA,2007-01-01,2009-12-31,233,'854,Burkina Faso,21033,Value of food imports in total merchandise exports (percent) (3-year average),6121,Value,20072009,2009,%,37,E,
BFA,2008-01-01,2010-12-31,233,'854,Burkina Faso,21033,Value of food imports in total merchandise exports (percent) (3-year average),6121,Value,20082010,2010,%,27,E,
BFA,2009-01-01,2011-12-31,233,'854,Burkina Faso,21033,Value of food imports in total merchandise exports (percent) (3-year average),6121,Value,20092011,2011,%,19,E,
BFA,2010-01-01,2012-12-31,233,'854,Burkina Faso,21033,Value of food imports in total merchandise exports (percent) (3-year average),6121,Value,20102012,2012,%,17,E,
BFA,2011-01-01,2013-12-31,233,'854,Burkina Faso,21033,Value of food imports in total merchandise exports (percent) (3-year average),6121,Value,20112013,2013,%,17,E,
BFA,2012-01-01,2014-12-31,233,'854,Burkina Faso,21033,Value of food imports in total merchandise exports (percent) (3-year average),6121,Value,20122014,2014,%,18,E,
BFA,2013-01-01,2015-12-31,233,'854,Burkina Faso,21033,Value of food imports in total merchandise exports (percent) (3-year average),6121,Value,20132015,2015,%,17,E,
BFA,2014-01-01,2016-12-31,233,'854,Burkina Faso,21033,Value of food imports in total merchandise exports (percent) (3-year average),6121,Value,20142016,2016,%,16,E,
BFA,2015-01-01,2017-12-31,233,'854,Burkina Faso,21033,Value of food imports in total merchandise exports (percent) (3-year average),6121,Value,20152017,2017,%,15,E,
BFA,2016-01-01,2018-12-31,233,'854,Burkina Faso,21033,Value of food imports in total merchandise exports (percent) (3-year average),6121,Value,20162018,2018,%,14,E,
BFA,2017-01-01,2019-12-31,233,'854,Burkina Faso,21033,Value of food imports in total merchandise exports (percent) (3-year average),6121,Value,20172019,2019,%,13,E,
BFA,2018-01-01,2020-12-31,233,'854,Burkina Faso,21033,Value of food imports in total merchandise exports (percent) (3-year average),6121,Value,20182020,2020,%,11,E,
BFA,2019-01-01,2021-12-31,233,'854,Burkina Faso,21033,Value of food imports in total merchandise exports (percent) (3-year average),6121,Value,20192021,2021,%,10,E,
BFA,2020-01-01,2022-12-31,233,'854,Burkina Faso,21033,Value of food imports in total merchandise exports (percent) (3-year average),6121,Value,20202022,2022,%,10,E,
BFA,2021-01-01,2023-12-31,233,'854,Burkina Faso,21033,Value of food imports in total merchandise exports (percent) (3-year average),6121,Value,20212023,2023,%,12,E,
BFA,2000-01-01,2000-12-31,233,'854,Burkina Faso,21032,Political stability and absence of violence/terrorism (index),6125,Value,2000,2000,,0.06,X,
BFA,2002-01-01,2002-12-31,233,'854,Burkina Faso,21032,Political stability and absence of violence/terrorism (index),6125,Value,2002,2002,,-0.31,X,
BFA,2003-01-01,2003-12-31,233,'854,Burkina Faso,21032,Political stability and absence of violence/terrorism (index),6125,Value,2003,2003,,0.07,X,
BFA,2004-01-01,2004-12-31,233,'854,Burkina Faso,21032,Political stability and absence of violence/terrorism (index),6125,Value,2004,2004,,-0.08,X,
BFA,2005-01-01,2005-12-31,233,'854,Burkina Faso,21032,Political stability and absence of violence/terrorism (index),6125,Value,2005,2005,,-0.06,X,
BFA,2006-01-01,2006-12-31,233,'854,Burkina Faso,21032,Political stability and absence of violence/terrorism (index),6125,Value,2006,2006,,0.16,X,
BFA,2007-01-01,2007-12-31,233,'854,Burkina Faso,21032,Political stability and absence of violence/terrorism (index),6125,Value,2007,2007,,0.31,X,
BFA,2008-01-01,2008-12-31,233,'854,Burkina Faso,21032,Political stability and absence of violence/terrorism (index),6125,Value,2008,2008,,0.12,X,
BFA,2009-01-01,2009-12-31,233,'854,Burkina Faso,21032,Political stability and absence of violence/terrorism (index),6125,Value,2009,2009,,0.03,X,
BFA,2010-01-01,2010-12-31,233,'854,Burkina Faso,21032,Political stability and absence of violence/terrorism (index),6125,Value,2010,2010,,-0.12,X,
BFA,2011-01-01,2011-12-31,233,'854,Burkina Faso,21032,Political stability and absence of violence/terrorism (index),6125,Value,2011,2011,,-0.56,X,
BFA,2012-01-01,2012-12-31,233,'854,Burkina Faso,21032,Political stability and absence of violence/terrorism (index),6125,Value,2012,2012,,-0.57,X,
BFA,2013-01-01,2013-12-31,233,'854,Burkina Faso,21032,Political stability and absence of violence/terrorism (index),6125,Value,2013,2013,,-0.76,X,
BFA,2014-01-01,2014-12-31,233,'854,Burkina Faso,21032,Political stability and absence of violence/terrorism (index),6125,Value,2014,2014,,-0.79,X,
BFA,2015-01-01,2015-12-31,233,'854,Burkina Faso,21032,Political stability and absence of violence/terrorism (index),6125,Value,2015,2015,,-0.61,X,
BFA,2016-01-01,2016-12-31,233,'854,Burkina Faso,21032,Political stability and absence of violence/terrorism (index),6125,Value,2016,2016,,-0.87,X,
BFA,2017-01-01,2017-12-31,233,'854,Burkina Faso,21032,Political stability and absence of violence/terrorism (index),6125,Value,2017,2017,,-0.93,X,
BFA,2018-01-01,2018-12-31,233,'854,Burkina Faso,21032,Political stability and absence of violence/terrorism (index),6125,Value,2018,2018,,-1.06,X,
BFA,2019-01-01,2019-12-31,233,'854,Burkina Faso,21032,Political stability and absence of violence/terrorism (index),6125,Value,2019,2019,,-1.3,X,
BFA,2020-01-01,2020-12-31,233,'854,Burkina Faso,21032,Political stability and absence of violence/terrorism (index),6125,Value,2020,2020,,-1.54,X,
BFA,2021-01-01,2021-12-31,233,'854,Burkina Faso,21032,Political stability and absence of violence/terrorism (index),6125,Value,2021,2021,,-1.64,X,
BFA,2022-01-01,2022-12-31,233,'854,Burkina Faso,21032,Political stability and absence of violence/terrorism (index),6125,Value,2022,2022,,-1.82,X,
BFA,2001-01-01,2001-12-31,233,'854,Burkina Faso,21031,Per capita food supply variability (kcal/cap/day),6128,Value,2001,2001,kcal/cap/d,48,E,
BFA,2002-01-01,2002-12-31,233,'854,Burkina Faso,21031,Per capita food supply variability (kcal/cap/day),6128,Value,2002,2002,kcal/cap/d,30,E,
BFA,2003-01-01,2003-12-31,233,'854,Burkina Faso,21031,Per capita food supply variability (kcal/cap/day),6128,Value,2003,2003,kcal/cap/d,26,E,
BFA,2004-01-01,2004-12-31,233,'854,Burkina Faso,21031,Per capita food supply variability (kcal/cap/day),6128,Value,2004,2004,kcal/cap/d,47,E,
BFA,2005-01-01,2005-12-31,233,'854,Burkina Faso,21031,Per capita food supply variability (kcal/cap/day),6128,Value,2005,2005,kcal/cap/d,56,E,
BFA,2006-01-01,2006-12-31,233,'854,Burkina Faso,21031,Per capita food supply variability (kcal/cap/day),6128,Value,2006,2006,kcal/cap/d,51,E,
BFA,2007-01-01,2007-12-31,233,'854,Burkina Faso,21031,Per capita food supply variability (kcal/cap/day),6128,Value,2007,2007,kcal/cap/d,25,E,
BFA,2008-01-01,2008-12-31,233,'854,Burkina Faso,21031,Per capita food supply variability (kcal/cap/day),6128,Value,2008,2008,kcal/cap/d,4,E,
BFA,2009-01-01,2009-12-31,233,'854,Burkina Faso,21031,Per capita food supply variability (kcal/cap/day),6128,Value,2009,2009,kcal/cap/d,2,E,
BFA,2010-01-01,2010-12-31,233,'854,Burkina Faso,21031,Per capita food supply variability (kcal/cap/day),6128,Value,2010,2010,kcal/cap/d,1,E,
BFA,2011-01-01,2011-12-31,233,'854,Burkina Faso,21031,Per capita food supply variability (kcal/cap/day),6128,Value,2011,2011,kcal/cap/d,3,E,
BFA,2012-01-01,2012-12-31,233,'854,Burkina Faso,21031,Per capita food supply variability (kcal/cap/day),6128,Value,2012,2012,kcal/cap/d,19,E,
BFA,2013-01-01,2013-12-31,233,'854,Burkina Faso,21031,Per capita food supply variability (kcal/cap/day),6128,Value,2013,2013,kcal/cap/d,20,E,
BFA,2014-01-01,2014-12-31,233,'854,Burkina Faso,21031,Per capita food supply variability (kcal/cap/day),6128,Value,2014,2014,kcal/cap/d,21,E,
BFA,2015-01-01,2015-12-31,233,'854,Burkina Faso,21031,Per capita food supply variability (kcal/cap/day),6128,Value,2015,2015,kcal/cap/d,21,E,
BFA,2016-01-01,2016-12-31,233,'854,Burkina Faso,21031,Per capita food supply variability (kcal/cap/day),6128,Value,2016,2016,kcal/cap/d,21,E,
BFA,2017-01-01,2017-12-31,233,'854,Burkina Faso,21031,Per capita food supply variability (kcal/cap/day),6128,Value,2017,2017,kcal/cap/d,20,E,
BFA,2018-01-01,2018-12-31,233,'854,Burkina Faso,21031,Per capita food supply variability (kcal/cap/day),6128,Value,2018,2018,kcal/cap/d,33,E,
BFA,2019-01-01,2019-12-31,233,'854,Burkina Faso,21031,Per capita food supply variability (kcal/cap/day),6128,Value,2019,2019,kcal/cap/d,25,E,
BFA,2020-01-01,2020-12-31,233,'854,Burkina Faso,21031,Per capita food supply variability (kcal/cap/day),6128,Value,2020,2020,kcal/cap/d,27,E,
BFA,2021-01-01,2021-12-31,233,'854,Burkina Faso,21031,Per capita food supply variability (kcal/cap/day),6128,Value,2021,2021,kcal/cap/d,20,E,
BFA,2022-01-01,2022-12-31,233,'854,Burkina Faso,21031,Per capita food supply variability (kcal/cap/day),6128,Value,2022,2022,kcal/cap/d,19,E,
BFA,2023-01-01,2023-12-31,233,'854,Burkina Faso,21031,Per capita food supply variability (kcal/cap/day),6128,Value,2023,2023,kcal/cap/d,33,E,
BFA,2000-01-01,2000-12-31,233,'854,Burkina Faso,21047,Percentage of population using at least basic drinking water services (percent),6121,Value,2000,2000,%,58,X,
BFA,2001-01-01,2001-12-31,233,'854,Burkina Faso,21047,Percentage of population using at least basic drinking water services (percent),6121,Value,2001,2001,%,58,X,
BFA,2002-01-01,2002-12-31,233,'854,Burkina Faso,21047,Percentage of population using at least basic drinking water services (percent),6121,Value,2002,2002,%,57,X,
BFA,2003-01-01,2003-12-31,233,'854,Burkina Faso,21047,Percentage of population using at least basic drinking water services (percent),6121,Value,2003,2003,%,57,X,
BFA,2004-01-01,2004-12-31,233,'854,Burkina Faso,21047,Percentage of population using at least basic drinking water services (percent),6121,Value,2004,2004,%,56,X,
BFA,2005-01-01,2005-12-31,233,'854,Burkina Faso,21047,Percentage of population using at least basic drinking water services (percent),6121,Value,2005,2005,%,56,X,
BFA,2006-01-01,2006-12-31,233,'854,Burkina Faso,21047,Percentage of population using at least basic drinking water services (percent),6121,Value,2006,2006,%,56,X,
BFA,2007-01-01,2007-12-31,233,'854,Burkina Faso,21047,Percentage of population using at least basic drinking water services (percent),6121,Value,2007,2007,%,55,X,
BFA,2008-01-01,2008-12-31,233,'854,Burkina Faso,21047,Percentage of population using at least basic drinking water services (percent),6121,Value,2008,2008,%,54,X,
BFA,2009-01-01,2009-12-31,233,'854,Burkina Faso,21047,Percentage of population using at least basic drinking water services (percent),6121,Value,2009,2009,%,54,X,
BFA,2010-01-01,2010-12-31,233,'854,Burkina Faso,21047,Percentage of population using at least basic drinking water services (percent),6121,Value,2010,2010,%,53,X,
BFA,2011-01-01,2011-12-31,233,'854,Burkina Faso,21047,Percentage of population using at least basic drinking water services (percent),6121,Value,2011,2011,%,53,X,
BFA,2012-01-01,2012-12-31,233,'854,Burkina Faso,21047,Percentage of population using at least basic drinking water services (percent),6121,Value,2012,2012,%,52,X,
BFA,2013-01-01,2013-12-31,233,'854,Burkina Faso,21047,Percentage of population using at least basic drinking water services (percent),6121,Value,2013,2013,%,52,X,
BFA,2014-01-01,2014-12-31,233,'854,Burkina Faso,21047,Percentage of population using at least basic drinking water services (percent),6121,Value,2014,2014,%,51,X,
BFA,2015-01-01,2015-12-31,233,'854,Burkina Faso,21047,Percentage of population using at least basic drinking water services (percent),6121,Value,2015,2015,%,51,X,
BFA,2016-01-01,2016-12-31,233,'854,Burkina Faso,21047,Percentage of population using at least basic drinking water services (percent),6121,Value,2016,2016,%,50,X,
BFA,2017-01-01,2017-12-31,233,'854,Burkina Faso,21047,Percentage of population using at least basic drinking water services (percent),6121,Value,2017,2017,%,50,X,
BFA,2018-01-01,2018-12-31,233,'854,Burkina Faso,21047,Percentage of population using at least basic drinking water services (percent),6121,Value,2018,2018,%,50,X,
BFA,2019-01-01,2019-12-31,233,'854,Burkina Faso,21047,Percentage of population using at least basic drinking water services (percent),6121,Value,2019,2019,%,49,X,
BFA,2020-01-01,2020-12-31,233,'854,Burkina Faso,21047,Percentage of population using at least basic drinking water services (percent),6121,Value,2020,2020,%,48,X,
BFA,2021-01-01,2021-12-31,233,'854,Burkina Faso,21047,Percentage of population using at least basic drinking water services (percent),6121,Value,2021,2021,%,49,X,
BFA,2022-01-01,2022-12-31,233,'854,Burkina Faso,21047,Percentage of population using at least basic drinking water services (percent),6121,Value,2022,2022,%,50,X,
BFA,2000-01-01,2000-12-31,233,'854,Burkina Faso,21046,Percentage of population using safely managed sanitation services (percent),6121,Value,2000,2000,%,3,X,
BFA,2001-01-01,2001-12-31,233,'854,Burkina Faso,21046,Percentage of population using safely managed sanitation services (percent),6121,Value,2001,2001,%,3,X,
BFA,2002-01-01,2002-12-31,233,'854,Burkina Faso,21046,Percentage of population using safely managed sanitation services (percent),6121,Value,2002,2002,%,4,X,
BFA,2003-01-01,2003-12-31,233,'854,Burkina Faso,21046,Percentage of population using safely managed sanitation services (percent),6121,Value,2003,2003,%,4,X,
BFA,2004-01-01,2004-12-31,233,'854,Burkina Faso,21046,Percentage of population using safely managed sanitation services (percent),6121,Value,2004,2004,%,4,X,
BFA,2005-01-01,2005-12-31,233,'854,Burkina Faso,21046,Percentage of population using safely managed sanitation services (percent),6121,Value,2005,2005,%,5,X,
BFA,2006-01-01,2006-12-31,233,'854,Burkina Faso,21046,Percentage of population using safely managed sanitation services (percent),6121,Value,2006,2006,%,5,X,
BFA,2007-01-01,2007-12-31,233,'854,Burkina Faso,21046,Percentage of population using safely managed sanitation services (percent),6121,Value,2007,2007,%,6,X,
BFA,2008-01-01,2008-12-31,233,'854,Burkina Faso,21046,Percentage of population using safely managed sanitation services (percent),6121,Value,2008,2008,%,6,X,
BFA,2009-01-01,2009-12-31,233,'854,Burkina Faso,21046,Percentage of population using safely managed sanitation services (percent),6121,Value,2009,2009,%,6,X,
BFA,2010-01-01,2010-12-31,233,'854,Burkina Faso,21046,Percentage of population using safely managed sanitation services (percent),6121,Value,2010,2010,%,7,X,
BFA,2011-01-01,2011-12-31,233,'854,Burkina Faso,21046,Percentage of population using safely managed sanitation services (percent),6121,Value,2011,2011,%,7,X,
BFA,2012-01-01,2012-12-31,233,'854,Burkina Faso,21046,Percentage of population using safely managed sanitation services (percent),6121,Value,2012,2012,%,7,X,
BFA,2013-01-01,2013-12-31,233,'854,Burkina Faso,21046,Percentage of population using safely managed sanitation services (percent),6121,Value,2013,2013,%,7,X,
BFA,2014-01-01,2014-12-31,233,'854,Burkina Faso,21046,Percentage of population using safely managed sanitation services (percent),6121,Value,2014,2014,%,8,X,
BFA,2015-01-01,2015-12-31,233,'854,Burkina Faso,21046,Percentage of population using safely managed sanitation services (percent),6121,Value,2015,2015,%,8,X,
BFA,2016-01-01,2016-12-31,233,'854,Burkina Faso,21046,Percentage of population using safely managed sanitation services (percent),6121,Value,2016,2016,%,8,X,
BFA,2017-01-01,2017-12-31,233,'854,Burkina Faso,21046,Percentage of population using safely managed sanitation services (percent),6121,Value,2017,2017,%,8,X,
BFA,2018-01-01,2018-12-31,233,'854,Burkina Faso,21046,Percentage of population using safely managed sanitation services (percent),6121,Value,2018,2018,%,9,X,
BFA,2019-01-01,2019-12-31,233,'854,Burkina Faso,21046,Percentage of population using safely managed sanitation services (percent),6121,Value,2019,2019,%,9,X,
BFA,2020-01-01,2020-12-31,233,'854,Burkina Faso,21046,Percentage of population using safely managed sanitation services (percent),6121,Value,2020,2020,%,9,X,
BFA,2021-01-01,2021-12-31,233,'854,Burkina Faso,21046,Percentage of population using safely managed sanitation services (percent),6121,Value,2021,2021,%,10,X,
BFA,2022-01-01,2022-12-31,233,'854,Burkina Faso,21046,Percentage of population using safely managed sanitation services (percent),6121,Value,2022,2022,%,10,X,
BFA,2000-01-01,2000-12-31,233,'854,Burkina Faso,21048,Percentage of population using at least basic sanitation services (percent),6121,Value,2000,2000,%,10,X,
BFA,2001-01-01,2001-12-31,233,'854,Burkina Faso,21048,Percentage of population using at least basic sanitation services (percent),6121,Value,2001,2001,%,10,X,
BFA,2002-01-01,2002-12-31,233,'854,Burkina Faso,21048,Percentage of population using at least basic sanitation services (percent),6121,Value,2002,2002,%,11,X,
BFA,2003-01-01,2003-12-31,233,'854,Burkina Faso,21048,Percentage of population using at least basic sanitation services (percent),6121,Value,2003,2003,%,12,X,
BFA,2004-01-01,2004-12-31,233,'854,Burkina Faso,21048,Percentage of population using at least basic sanitation services (percent),6121,Value,2004,2004,%,13,X,
BFA,2005-01-01,2005-12-31,233,'854,Burkina Faso,21048,Percentage of population using at least basic sanitation services (percent),6121,Value,2005,2005,%,14,X,
BFA,2006-01-01,2006-12-31,233,'854,Burkina Faso,21048,Percentage of population using at least basic sanitation services (percent),6121,Value,2006,2006,%,15,X,
BFA,2007-01-01,2007-12-31,233,'854,Burkina Faso,21048,Percentage of population using at least basic sanitation services (percent),6121,Value,2007,2007,%,16,X,
BFA,2008-01-01,2008-12-31,233,'854,Burkina Faso,21048,Percentage of population using at least basic sanitation services (percent),6121,Value,2008,2008,%,16,X,
BFA,2009-01-01,2009-12-31,233,'854,Burkina Faso,21048,Percentage of population using at least basic sanitation services (percent),6121,Value,2009,2009,%,17,X,
BFA,2010-01-01,2010-12-31,233,'854,Burkina Faso,21048,Percentage of population using at least basic sanitation services (percent),6121,Value,2010,2010,%,18,X,
BFA,2011-01-01,2011-12-31,233,'854,Burkina Faso,21048,Percentage of population using at least basic sanitation services (percent),6121,Value,2011,2011,%,18,X,
BFA,2012-01-01,2012-12-31,233,'854,Burkina Faso,21048,Percentage of population using at least basic sanitation services (percent),6121,Value,2012,2012,%,19,X,
BFA,2013-01-01,2013-12-31,233,'854,Burkina Faso,21048,Percentage of population using at least basic sanitation services (percent),6121,Value,2013,2013,%,20,X,
BFA,2014-01-01,2014-12-31,233,'854,Burkina Faso,21048,Percentage of population using at least basic sanitation services (percent),6121,Value,2014,2014,%,20,X,
BFA,2015-01-01,2015-12-31,233,'854,Burkina Faso,21048,Percentage of population using at least basic sanitation services (percent),6121,Value,2015,2015,%,21,X,
BFA,2016-01-01,2016-12-31,233,'854,Burkina Faso,21048,Percentage of population using at least basic sanitation services (percent),6121,Value,2016,2016,%,21,X,
BFA,2017-01-01,2017-12-31,233,'854,Burkina Faso,21048,Percentage of population using at least basic sanitation services (percent),6121,Value,2017,2017,%,22,X,
BFA,2018-01-01,2018-12-31,233,'854,Burkina Faso,21048,Percentage of population using at least basic sanitation services (percent),6121,Value,2018,2018,%,22,X,
BFA,2019-01-01,2019-12-31,233,'854,Burkina Faso,21048,Percentage of population using at least basic sanitation services (percent),6121,Value,2019,2019,%,23,X,
BFA,2020-01-01,2020-12-31,233,'854,Burkina Faso,21048,Percentage of population using at least basic sanitation services (percent),6121,Value,2020,2020,%,23,X,
BFA,2021-01-01,2021-12-31,233,'854,Burkina Faso,21048,Percentage of population using at least basic sanitation services (percent),6121,Value,2021,2021,%,24,X,
BFA,2022-01-01,2022-12-31,233,'854,Burkina Faso,21048,Percentage of population using at least basic sanitation services (percent),6121,Value,2022,2022,%,25,X,
BFA,2009-01-01,2009-12-31,233,'854,Burkina Faso,21026,Percentage of children under 5 years affected by wasting (percent),6121,Value,2009,2009,%,11.3,X,
BFA,2010-01-01,2010-12-31,233,'854,Burkina Faso,21026,Percentage of children under 5 years affected by wasting (percent),6121,Value,2010,2010,%,10.9,X,
BFA,2011-01-01,2011-12-31,233,'854,Burkina Faso,21026,Percentage of children under 5 years affected by wasting (percent),6121,Value,2011,2011,%,10.4,X,
BFA,2012-01-01,2012-12-31,233,'854,Burkina Faso,21026,Percentage of children under 5 years affected by wasting (percent),6121,Value,2012,2012,%,10.7,X,
BFA,2013-01-01,2013-12-31,233,'854,Burkina Faso,21026,Percentage of children under 5 years affected by wasting (percent),6121,Value,2013,2013,%,8.1,X,
BFA,2014-01-01,2014-12-31,233,'854,Burkina Faso,21026,Percentage of children under 5 years affected by wasting (percent),6121,Value,2014,2014,%,8.5,X,
BFA,2015-01-01,2015-12-31,233,'854,Burkina Faso,21026,Percentage of children under 5 years affected by wasting (percent),6121,Value,2015,2015,%,10.2,X,
BFA,2016-01-01,2016-12-31,233,'854,Burkina Faso,21026,Percentage of children under 5 years affected by wasting (percent),6121,Value,2016,2016,%,7.5,X,
BFA,2017-01-01,2017-12-31,233,'854,Burkina Faso,21026,Percentage of children under 5 years affected by wasting (percent),6121,Value,2017,2017,%,8.6,X,
BFA,2018-01-01,2018-12-31,233,'854,Burkina Faso,21026,Percentage of children under 5 years affected by wasting (percent),6121,Value,2018,2018,%,8.4,X,
BFA,2019-01-01,2019-12-31,233,'854,Burkina Faso,21026,Percentage of children under 5 years affected by wasting (percent),6121,Value,2019,2019,%,8.1,X,
BFA,2020-01-01,2020-12-31,233,'854,Burkina Faso,21026,Percentage of children under 5 years affected by wasting (percent),6121,Value,2020,2020,%,8.8,X,
BFA,2021-01-01,2021-12-31,233,'854,Burkina Faso,21026,Percentage of children under 5 years affected by wasting (percent),6121,Value,2021,2021,%,9.3,X,
BFA,2009-01-01,2009-12-31,233,'854,Burkina Faso,210260,Number of children under 5 years affected by wasting (million),6132,Value,2009,2009,million No,0.3,X,
BFA,2010-01-01,2010-12-31,233,'854,Burkina Faso,210260,Number of children under 5 years affected by wasting (million),6132,Value,2010,2010,million No,0.3,X,
BFA,2011-01-01,2011-12-31,233,'854,Burkina Faso,210260,Number of children under 5 years affected by wasting (million),6132,Value,2011,2011,million No,0.3,X,
BFA,2012-01-01,2012-12-31,233,'854,Burkina Faso,210260,Number of children under 5 years affected by wasting (million),6132,Value,2012,2012,million No,0.3,X,
BFA,2013-01-01,2013-12-31,233,'854,Burkina Faso,210260,Number of children under 5 years affected by wasting (million),6132,Value,2013,2013,million No,0.3,X,
BFA,2014-01-01,2014-12-31,233,'854,Burkina Faso,210260,Number of children under 5 years affected by wasting (million),6132,Value,2014,2014,million No,0.3,X,
BFA,2015-01-01,2015-12-31,233,'854,Burkina Faso,210260,Number of children under 5 years affected by wasting (million),6132,Value,2015,2015,million No,0.3,X,
BFA,2016-01-01,2016-12-31,233,'854,Burkina Faso,210260,Number of children under 5 years affected by wasting (million),6132,Value,2016,2016,million No,0.3,X,
BFA,2017-01-01,2017-12-31,233,'854,Burkina Faso,210260,Number of children under 5 years affected by wasting (million),6132,Value,2017,2017,million No,0.3,X,
BFA,2018-01-01,2018-12-31,233,'854,Burkina Faso,210260,Number of children under 5 years affected by wasting (million),6132,Value,2018,2018,million No,0.3,X,
BFA,2019-01-01,2019-12-31,233,'854,Burkina Faso,210260,Number of children under 5 years affected by wasting (million),6132,Value,2019,2019,million No,0.3,X,
BFA,2020-01-01,2020-12-31,233,'854,Burkina Faso,210260,Number of children under 5 years affected by wasting (million),6132,Value,2020,2020,million No,0.3,X,
BFA,2021-01-01,2021-12-31,233,'854,Burkina Faso,210260,Number of children under 5 years affected by wasting (million),6132,Value,2021,2021,million No,0.3,X,
BFA,2000-01-01,2000-12-31,233,'854,Burkina Faso,21025,Percentage of children under 5 years of age who are stunted (modelled estimates) (percent),6121,Value,2000,2000,%,40.4,X,
BFA,2001-01-01,2001-12-31,233,'854,Burkina Faso,21025,Percentage of children under 5 years of age who are stunted (modelled estimates) (percent),6121,Value,2001,2001,%,40.6,X,
BFA,2002-01-01,2002-12-31,233,'854,Burkina Faso,21025,Percentage of children under 5 years of age who are stunted (modelled estimates) (percent),6121,Value,2002,2002,%,40.8,X,
BFA,2003-01-01,2003-12-31,233,'854,Burkina Faso,21025,Percentage of children under 5 years of age who are stunted (modelled estimates) (percent),6121,Value,2003,2003,%,40.7,X,
BFA,2004-01-01,2004-12-31,233,'854,Burkina Faso,21025,Percentage of children under 5 years of age who are stunted (modelled estimates) (percent),6121,Value,2004,2004,%,40.6,X,
BFA,2005-01-01,2005-12-31,233,'854,Burkina Faso,21025,Percentage of children under 5 years of age who are stunted (modelled estimates) (percent),6121,Value,2005,2005,%,40.3,X,
BFA,2006-01-01,2006-12-31,233,'854,Burkina Faso,21025,Percentage of children under 5 years of age who are stunted (modelled estimates) (percent),6121,Value,2006,2006,%,39.8,X,
BFA,2007-01-01,2007-12-31,233,'854,Burkina Faso,21025,Percentage of children under 5 years of age who are stunted (modelled estimates) (percent),6121,Value,2007,2007,%,39.1,X,
BFA,2008-01-01,2008-12-31,233,'854,Burkina Faso,21025,Percentage of children under 5 years of age who are stunted (modelled estimates) (percent),6121,Value,2008,2008,%,38,X,
BFA,2009-01-01,2009-12-31,233,'854,Burkina Faso,21025,Percentage of children under 5 years of age who are stunted (modelled estimates) (percent),6121,Value,2009,2009,%,36.8,X,
BFA,2010-01-01,2010-12-31,233,'854,Burkina Faso,21025,Percentage of children under 5 years of age who are stunted (modelled estimates) (percent),6121,Value,2010,2010,%,35.3,X,
BFA,2011-01-01,2011-12-31,233,'854,Burkina Faso,21025,Percentage of children under 5 years of age who are stunted (modelled estimates) (percent),6121,Value,2011,2011,%,33.7,X,
BFA,2012-01-01,2012-12-31,233,'854,Burkina Faso,21025,Percentage of children under 5 years of age who are stunted (modelled estimates) (percent),6121,Value,2012,2012,%,32,X,
BFA,2013-01-01,2013-12-31,233,'854,Burkina Faso,21025,Percentage of children under 5 years of age who are stunted (modelled estimates) (percent),6121,Value,2013,2013,%,30.4,X,
BFA,2014-01-01,2014-12-31,233,'854,Burkina Faso,21025,Percentage of children under 5 years of age who are stunted (modelled estimates) (percent),6121,Value,2014,2014,%,28.7,X,
BFA,2015-01-01,2015-12-31,233,'854,Burkina Faso,21025,Percentage of children under 5 years of age who are stunted (modelled estimates) (percent),6121,Value,2015,2015,%,27.1,X,
BFA,2016-01-01,2016-12-31,233,'854,Burkina Faso,21025,Percentage of children under 5 years of age who are stunted (modelled estimates) (percent),6121,Value,2016,2016,%,25.6,X,
BFA,2017-01-01,2017-12-31,233,'854,Burkina Faso,21025,Percentage of children under 5 years of age who are stunted (modelled estimates) (percent),6121,Value,2017,2017,%,24.2,X,
BFA,2018-01-01,2018-12-31,233,'854,Burkina Faso,21025,Percentage of children under 5 years of age who are stunted (modelled estimates) (percent),6121,Value,2018,2018,%,23,X,
BFA,2019-01-01,2019-12-31,233,'854,Burkina Faso,21025,Percentage of children under 5 years of age who are stunted (modelled estimates) (percent),6121,Value,2019,2019,%,21.9,X,
BFA,2020-01-01,2020-12-31,233,'854,Burkina Faso,21025,Percentage of children under 5 years of age who are stunted (modelled estimates) (percent),6121,Value,2020,2020,%,21,X,
BFA,2021-01-01,2021-12-31,233,'854,Burkina Faso,21025,Percentage of children under 5 years of age who are stunted (modelled estimates) (percent),6121,Value,2021,2021,%,20.4,X,
BFA,2022-01-01,2022-12-31,233,'854,Burkina Faso,21025,Percentage of children under 5 years of age who are stunted (modelled estimates) (percent),6121,Value,2022,2022,%,20,X,
BFA,2023-01-01,2023-12-31,233,'854,Burkina Faso,21025,Percentage of children under 5 years of age who are stunted (modelled estimates) (percent),6121,Value,2023,2023,%,19.7,X,
BFA,2024-01-01,2024-12-31,233,'854,Burkina Faso,21025,Percentage of children under 5 years of age who are stunted (modelled estimates) (percent),6121,Value,2024,2024,%,19.5,X,
BFA,2000-01-01,2000-12-31,233,'854,Burkina Faso,210250,Number of children under 5 years of age who are stunted (modeled estimates) (million),6132,Value,2000,2000,million No,0.9,X,
BFA,2001-01-01,2001-12-31,233,'854,Burkina Faso,210250,Number of children under 5 years of age who are stunted (modeled estimates) (million),6132,Value,2001,2001,million No,0.9,X,
BFA,2002-01-01,2002-12-31,233,'854,Burkina Faso,210250,Number of children under 5 years of age who are stunted (modeled estimates) (million),6132,Value,2002,2002,million No,0.9,X,
BFA,2003-01-01,2003-12-31,233,'854,Burkina Faso,210250,Number of children under 5 years of age who are stunted (modeled estimates) (million),6132,Value,2003,2003,million No,1,X,
BFA,2004-01-01,2004-12-31,233,'854,Burkina Faso,210250,Number of children under 5 years of age who are stunted (modeled estimates) (million),6132,Value,2004,2004,million No,1,X,
BFA,2005-01-01,2005-12-31,233,'854,Burkina Faso,210250,Number of children under 5 years of age who are stunted (modeled estimates) (million),6132,Value,2005,2005,million No,1,X,
BFA,2006-01-01,2006-12-31,233,'854,Burkina Faso,210250,Number of children under 5 years of age who are stunted (modeled estimates) (million),6132,Value,2006,2006,million No,1,X,
BFA,2007-01-01,2007-12-31,233,'854,Burkina Faso,210250,Number of children under 5 years of age who are stunted (modeled estimates) (million),6132,Value,2007,2007,million No,1.1,X,
BFA,2008-01-01,2008-12-31,233,'854,Burkina Faso,210250,Number of children under 5 years of age who are stunted (modeled estimates) (million),6132,Value,2008,2008,million No,1.1,X,
BFA,2009-01-01,2009-12-31,233,'854,Burkina Faso,210250,Number of children under 5 years of age who are stunted (modeled estimates) (million),6132,Value,2009,2009,million No,1.1,X,
BFA,2010-01-01,2010-12-31,233,'854,Burkina Faso,210250,Number of children under 5 years of age who are stunted (modeled estimates) (million),6132,Value,2010,2010,million No,1,X,
BFA,2011-01-01,2011-12-31,233,'854,Burkina Faso,210250,Number of children under 5 years of age who are stunted (modeled estimates) (million),6132,Value,2011,2011,million No,1,X,
BFA,2012-01-01,2012-12-31,233,'854,Burkina Faso,210250,Number of children under 5 years of age who are stunted (modeled estimates) (million),6132,Value,2012,2012,million No,1,X,
BFA,2013-01-01,2013-12-31,233,'854,Burkina Faso,210250,Number of children under 5 years of age who are stunted (modeled estimates) (million),6132,Value,2013,2013,million No,1,X,
BFA,2014-01-01,2014-12-31,233,'854,Burkina Faso,210250,Number of children under 5 years of age who are stunted (modeled estimates) (million),6132,Value,2014,2014,million No,0.9,X,
BFA,2015-01-01,2015-12-31,233,'854,Burkina Faso,210250,Number of children under 5 years of age who are stunted (modeled estimates) (million),6132,Value,2015,2015,million No,0.9,X,
BFA,2016-01-01,2016-12-31,233,'854,Burkina Faso,210250,Number of children under 5 years of age who are stunted (modeled estimates) (million),6132,Value,2016,2016,million No,0.9,X,
BFA,2017-01-01,2017-12-31,233,'854,Burkina Faso,210250,Number of children under 5 years of age who are stunted (modeled estimates) (million),6132,Value,2017,2017,million No,0.8,X,
BFA,2018-01-01,2018-12-31,233,'854,Burkina Faso,210250,Number of children under 5 years of age who are stunted (modeled estimates) (million),6132,Value,2018,2018,million No,0.8,X,
BFA,2019-01-01,2019-12-31,233,'854,Burkina Faso,210250,Number of children under 5 years of age who are stunted (modeled estimates) (million),6132,Value,2019,2019,million No,0.8,X,
BFA,2020-01-01,2020-12-31,233,'854,Burkina Faso,210250,Number of children under 5 years of age who are stunted (modeled estimates) (million),6132,Value,2020,2020,million No,0.7,X,
BFA,2021-01-01,2021-12-31,233,'854,Burkina Faso,210250,Number of children under 5 years of age who are stunted (modeled estimates) (million),6132,Value,2021,2021,million No,0.7,X,
BFA,2022-01-01,2022-12-31,233,'854,Burkina Faso,210250,Number of children under 5 years of age who are stunted (modeled estimates) (million),6132,Value,2022,2022,million No,0.7,X,
BFA,2023-01-01,2023-12-31,233,'854,Burkina Faso,210250,Number of children under 5 years of age who are stunted (modeled estimates) (million),6132,Value,2023,2023,million No,0.7,X,
BFA,2024-01-01,2024-12-31,233,'854,Burkina Faso,210250,Number of children under 5 years of age who are stunted (modeled estimates) (million),6132,Value,2024,2024,million No,0.7,X,
BFA,2000-01-01,2000-12-31,233,'854,Burkina Faso,21041,Percentage of children under 5 years of age who are overweight (modelled estimates) (percent),6121,Value,2000,2000,%,1.9,X,
BFA,2001-01-01,2001-12-31,233,'854,Burkina Faso,21041,Percentage of children under 5 years of age who are overweight (modelled estimates) (percent),6121,Value,2001,2001,%,1.8,X,
BFA,2002-01-01,2002-12-31,233,'854,Burkina Faso,21041,Percentage of children under 5 years of age who are overweight (modelled estimates) (percent),6121,Value,2002,2002,%,1.7,X,
BFA,2003-01-01,2003-12-31,233,'854,Burkina Faso,21041,Percentage of children under 5 years of age who are overweight (modelled estimates) (percent),6121,Value,2003,2003,%,1.6,X,
BFA,2004-01-01,2004-12-31,233,'854,Burkina Faso,21041,Percentage of children under 5 years of age who are overweight (modelled estimates) (percent),6121,Value,2004,2004,%,1.4,X,
BFA,2005-01-01,2005-12-31,233,'854,Burkina Faso,21041,Percentage of children under 5 years of age who are overweight (modelled estimates) (percent),6121,Value,2005,2005,%,1.4,X,
BFA,2006-01-01,2006-12-31,233,'854,Burkina Faso,21041,Percentage of children under 5 years of age who are overweight (modelled estimates) (percent),6121,Value,2006,2006,%,1.3,X,
BFA,2007-01-01,2007-12-31,233,'854,Burkina Faso,21041,Percentage of children under 5 years of age who are overweight (modelled estimates) (percent),6121,Value,2007,2007,%,1.2,X,
BFA,2008-01-01,2008-12-31,233,'854,Burkina Faso,21041,Percentage of children under 5 years of age who are overweight (modelled estimates) (percent),6121,Value,2008,2008,%,1.1,X,
BFA,2009-01-01,2009-12-31,233,'854,Burkina Faso,21041,Percentage of children under 5 years of age who are overweight (modelled estimates) (percent),6121,Value,2009,2009,%,1.1,X,
BFA,2010-01-01,2010-12-31,233,'854,Burkina Faso,21041,Percentage of children under 5 years of age who are overweight (modelled estimates) (percent),6121,Value,2010,2010,%,1,X,
BFA,2011-01-01,2011-12-31,233,'854,Burkina Faso,21041,Percentage of children under 5 years of age who are overweight (modelled estimates) (percent),6121,Value,2011,2011,%,1,X,
BFA,2012-01-01,2012-12-31,233,'854,Burkina Faso,21041,Percentage of children under 5 years of age who are overweight (modelled estimates) (percent),6121,Value,2012,2012,%,1,X,
BFA,2013-01-01,2013-12-31,233,'854,Burkina Faso,21041,Percentage of children under 5 years of age who are overweight (modelled estimates) (percent),6121,Value,2013,2013,%,1,X,
BFA,2014-01-01,2014-12-31,233,'854,Burkina Faso,21041,Percentage of children under 5 years of age who are overweight (modelled estimates) (percent),6121,Value,2014,2014,%,1,X,
BFA,2015-01-01,2015-12-31,233,'854,Burkina Faso,21041,Percentage of children under 5 years of age who are overweight (modelled estimates) (percent),6121,Value,2015,2015,%,1.1,X,
BFA,2016-01-01,2016-12-31,233,'854,Burkina Faso,21041,Percentage of children under 5 years of age who are overweight (modelled estimates) (percent),6121,Value,2016,2016,%,1.1,X,
BFA,2017-01-01,2017-12-31,233,'854,Burkina Faso,21041,Percentage of children under 5 years of age who are overweight (modelled estimates) (percent),6121,Value,2017,2017,%,1.2,X,
BFA,2018-01-01,2018-12-31,233,'854,Burkina Faso,21041,Percentage of children under 5 years of age who are overweight (modelled estimates) (percent),6121,Value,2018,2018,%,1.2,X,
BFA,2019-01-01,2019-12-31,233,'854,Burkina Faso,21041,Percentage of children under 5 years of age who are overweight (modelled estimates) (percent),6121,Value,2019,2019,%,1.3,X,
BFA,2020-01-01,2020-12-31,233,'854,Burkina Faso,21041,Percentage of children under 5 years of age who are overweight (modelled estimates) (percent),6121,Value,2020,2020,%,1.5,X,
BFA,2021-01-01,2021-12-31,233,'854,Burkina Faso,21041,Percentage of children under 5 years of age who are overweight (modelled estimates) (percent),6121,Value,2021,2021,%,1.7,X,
BFA,2022-01-01,2022-12-31,233,'854,Burkina Faso,21041,Percentage of children under 5 years of age who are overweight (modelled estimates) (percent),6121,Value,2022,2022,%,2,X,
BFA,2023-01-01,2023-12-31,233,'854,Burkina Faso,21041,Percentage of children under 5 years of age who are overweight (modelled estimates) (percent),6121,Value,2023,2023,%,2.3,X,
BFA,2024-01-01,2024-12-31,233,'854,Burkina Faso,21041,Percentage of children under 5 years of age who are overweight (modelled estimates) (percent),6121,Value,2024,2024,%,2.8,X,
BFA,2000-01-01,2000-12-31,233,'854,Burkina Faso,210410,Number of children under 5 years of age who are overweight (modeled estimates) (million),6132,Value,2000,2000,million No,<0.1,X,
BFA,2001-01-01,2001-12-31,233,'854,Burkina Faso,210410,Number of children under 5 years of age who are overweight (modeled estimates) (million),6132,Value,2001,2001,million No,<0.1,X,
BFA,2002-01-01,2002-12-31,233,'854,Burkina Faso,210410,Number of children under 5 years of age who are overweight (modeled estimates) (million),6132,Value,2002,2002,million No,<0.1,X,
BFA,2003-01-01,2003-12-31,233,'854,Burkina Faso,210410,Number of children under 5 years of age who are overweight (modeled estimates) (million),6132,Value,2003,2003,million No,<0.1,X,
BFA,2004-01-01,2004-12-31,233,'854,Burkina Faso,210410,Number of children under 5 years of age who are overweight (modeled estimates) (million),6132,Value,2004,2004,million No,<0.1,X,
BFA,2005-01-01,2005-12-31,233,'854,Burkina Faso,210410,Number of children under 5 years of age who are overweight (modeled estimates) (million),6132,Value,2005,2005,million No,<0.1,X,
BFA,2006-01-01,2006-12-31,233,'854,Burkina Faso,210410,Number of children under 5 years of age who are overweight (modeled estimates) (million),6132,Value,2006,2006,million No,<0.1,X,
BFA,2007-01-01,2007-12-31,233,'854,Burkina Faso,210410,Number of children under 5 years of age who are overweight (modeled estimates) (million),6132,Value,2007,2007,million No,<0.1,X,
BFA,2008-01-01,2008-12-31,233,'854,Burkina Faso,210410,Number of children under 5 years of age who are overweight (modeled estimates) (million),6132,Value,2008,2008,million No,<0.1,X,
BFA,2009-01-01,2009-12-31,233,'854,Burkina Faso,210410,Number of children under 5 years of age who are overweight (modeled estimates) (million),6132,Value,2009,2009,million No,<0.1,X,
BFA,2010-01-01,2010-12-31,233,'854,Burkina Faso,210410,Number of children under 5 years of age who are overweight (modeled estimates) (million),6132,Value,2010,2010,million No,<0.1,X,
BFA,2011-01-01,2011-12-31,233,'854,Burkina Faso,210410,Number of children under 5 years of age who are overweight (modeled estimates) (million),6132,Value,2011,2011,million No,<0.1,X,
BFA,2012-01-01,2012-12-31,233,'854,Burkina Faso,210410,Number of children under 5 years of age who are overweight (modeled estimates) (million),6132,Value,2012,2012,million No,<0.1,X,
BFA,2013-01-01,2013-12-31,233,'854,Burkina Faso,210410,Number of children under 5 years of age who are overweight (modeled estimates) (million),6132,Value,2013,2013,million No,<0.1,X,
BFA,2014-01-01,2014-12-31,233,'854,Burkina Faso,210410,Number of children under 5 years of age who are overweight (modeled estimates) (million),6132,Value,2014,2014,million No,<0.1,X,
BFA,2015-01-01,2015-12-31,233,'854,Burkina Faso,210410,Number of children under 5 years of age who are overweight (modeled estimates) (million),6132,Value,2015,2015,million No,<0.1,X,
BFA,2016-01-01,2016-12-31,233,'854,Burkina Faso,210410,Number of children under 5 years of age who are overweight (modeled estimates) (million),6132,Value,2016,2016,million No,<0.1,X,
BFA,2017-01-01,2017-12-31,233,'854,Burkina Faso,210410,Number of children under 5 years of age who are overweight (modeled estimates) (million),6132,Value,2017,2017,million No,<0.1,X,
BFA,2018-01-01,2018-12-31,233,'854,Burkina Faso,210410,Number of children under 5 years of age who are overweight (modeled estimates) (million),6132,Value,2018,2018,million No,<0.1,X,
BFA,2019-01-01,2019-12-31,233,'854,Burkina Faso,210410,Number of children under 5 years of age who are overweight (modeled estimates) (million),6132,Value,2019,2019,million No,<0.1,X,
BFA,2020-01-01,2020-12-31,233,'854,Burkina Faso,210410,Number of children under 5 years of age who are overweight (modeled estimates) (million),6132,Value,2020,2020,million No,<0.1,X,
BFA,2021-01-01,2021-12-31,233,'854,Burkina Faso,210410,Number of children under 5 years of age who are overweight (modeled estimates) (million),6132,Value,2021,2021,million No,<0.1,X,
BFA,2022-01-01,2022-12-31,233,'854,Burkina Faso,210410,Number of children under 5 years of age who are overweight (modeled estimates) (million),6132,Value,2022,2022,million No,<0.1,X,
BFA,2023-01-01,2023-12-31,233,'854,Burkina Faso,210410,Number of children under 5 years of age who are overweight (modeled estimates) (million),6132,Value,2023,2023,million No,<0.1,X,
BFA,2024-01-01,2024-12-31,233,'854,Burkina Faso,210410,Number of children under 5 years of age who are overweight (modeled estimates) (million),6132,Value,2024,2024,million No,<0.1,X,
BFA,2000-01-01,2000-12-31,233,'854,Burkina Faso,21042,Prevalence of obesity in the adult population (18 years and older) (percent),6121,Value,2000,2000,%,1.4,X,
BFA,2001-01-01,2001-12-31,233,'854,Burkina Faso,21042,Prevalence of obesity in the adult population (18 years and older) (percent),6121,Value,2001,2001,%,1.6,X,
BFA,2002-01-01,2002-12-31,233,'854,Burkina Faso,21042,Prevalence of obesity in the adult population (18 years and older) (percent),6121,Value,2002,2002,%,1.8,X,
BFA,2003-01-01,2003-12-31,233,'854,Burkina Faso,21042,Prevalence of obesity in the adult population (18 years and older) (percent),6121,Value,2003,2003,%,1.9,X,
BFA,2004-01-01,2004-12-31,233,'854,Burkina Faso,21042,Prevalence of obesity in the adult population (18 years and older) (percent),6121,Value,2004,2004,%,2.1,X,
BFA,2005-01-01,2005-12-31,233,'854,Burkina Faso,21042,Prevalence of obesity in the adult population (18 years and older) (percent),6121,Value,2005,2005,%,2.3,X,
BFA,2006-01-01,2006-12-31,233,'854,Burkina Faso,21042,Prevalence of obesity in the adult population (18 years and older) (percent),6121,Value,2006,2006,%,2.5,X,
BFA,2007-01-01,2007-12-31,233,'854,Burkina Faso,21042,Prevalence of obesity in the adult population (18 years and older) (percent),6121,Value,2007,2007,%,2.7,X,
BFA,2008-01-01,2008-12-31,233,'854,Burkina Faso,21042,Prevalence of obesity in the adult population (18 years and older) (percent),6121,Value,2008,2008,%,2.9,X,
BFA,2009-01-01,2009-12-31,233,'854,Burkina Faso,21042,Prevalence of obesity in the adult population (18 years and older) (percent),6121,Value,2009,2009,%,3.1,X,
BFA,2010-01-01,2010-12-31,233,'854,Burkina Faso,21042,Prevalence of obesity in the adult population (18 years and older) (percent),6121,Value,2010,2010,%,3.3,X,
BFA,2011-01-01,2011-12-31,233,'854,Burkina Faso,21042,Prevalence of obesity in the adult population (18 years and older) (percent),6121,Value,2011,2011,%,3.5,X,
BFA,2012-01-01,2012-12-31,233,'854,Burkina Faso,21042,Prevalence of obesity in the adult population (18 years and older) (percent),6121,Value,2012,2012,%,3.7,X,
BFA,2013-01-01,2013-12-31,233,'854,Burkina Faso,21042,Prevalence of obesity in the adult population (18 years and older) (percent),6121,Value,2013,2013,%,3.9,X,
BFA,2014-01-01,2014-12-31,233,'854,Burkina Faso,21042,Prevalence of obesity in the adult population (18 years and older) (percent),6121,Value,2014,2014,%,4.2,X,
BFA,2015-01-01,2015-12-31,233,'854,Burkina Faso,21042,Prevalence of obesity in the adult population (18 years and older) (percent),6121,Value,2015,2015,%,4.4,X,
BFA,2016-01-01,2016-12-31,233,'854,Burkina Faso,21042,Prevalence of obesity in the adult population (18 years and older) (percent),6121,Value,2016,2016,%,4.7,X,
BFA,2017-01-01,2017-12-31,233,'854,Burkina Faso,21042,Prevalence of obesity in the adult population (18 years and older) (percent),6121,Value,2017,2017,%,5,X,
BFA,2018-01-01,2018-12-31,233,'854,Burkina Faso,21042,Prevalence of obesity in the adult population (18 years and older) (percent),6121,Value,2018,2018,%,5.3,X,
BFA,2019-01-01,2019-12-31,233,'854,Burkina Faso,21042,Prevalence of obesity in the adult population (18 years and older) (percent),6121,Value,2019,2019,%,5.6,X,
BFA,2020-01-01,2020-12-31,233,'854,Burkina Faso,21042,Prevalence of obesity in the adult population (18 years and older) (percent),6121,Value,2020,2020,%,6,X,
BFA,2021-01-01,2021-12-31,233,'854,Burkina Faso,21042,Prevalence of obesity in the adult population (18 years and older) (percent),6121,Value,2021,2021,%,6.3,X,
BFA,2022-01-01,2022-12-31,233,'854,Burkina Faso,21042,Prevalence of obesity in the adult population (18 years and older) (percent),6121,Value,2022,2022,%,6.7,X,
BFA,2000-01-01,2000-12-31,233,'854,Burkina Faso,210420,Number of obese adults (18 years and older) (million),6132,Value,2000,2000,million No,0.1,X,
BFA,2001-01-01,2001-12-31,233,'854,Burkina Faso,210420,Number of obese adults (18 years and older) (million),6132,Value,2001,2001,million No,0.1,X,
BFA,2002-01-01,2002-12-31,233,'854,Burkina Faso,210420,Number of obese adults (18 years and older) (million),6132,Value,2002,2002,million No,0.1,X,
BFA,2003-01-01,2003-12-31,233,'854,Burkina Faso,210420,Number of obese adults (18 years and older) (million),6132,Value,2003,2003,million No,0.1,X,
BFA,2004-01-01,2004-12-31,233,'854,Burkina Faso,210420,Number of obese adults (18 years and older) (million),6132,Value,2004,2004,million No,0.1,X,
BFA,2005-01-01,2005-12-31,233,'854,Burkina Faso,210420,Number of obese adults (18 years and older) (million),6132,Value,2005,2005,million No,0.2,X,
BFA,2006-01-01,2006-12-31,233,'854,Burkina Faso,210420,Number of obese adults (18 years and older) (million),6132,Value,2006,2006,million No,0.2,X,
BFA,2007-01-01,2007-12-31,233,'854,Burkina Faso,210420,Number of obese adults (18 years and older) (million),6132,Value,2007,2007,million No,0.2,X,
BFA,2008-01-01,2008-12-31,233,'854,Burkina Faso,210420,Number of obese adults (18 years and older) (million),6132,Value,2008,2008,million No,0.2,X,
BFA,2009-01-01,2009-12-31,233,'854,Burkina Faso,210420,Number of obese adults (18 years and older) (million),6132,Value,2009,2009,million No,0.2,X,
BFA,2010-01-01,2010-12-31,233,'854,Burkina Faso,210420,Number of obese adults (18 years and older) (million),6132,Value,2010,2010,million No,0.3,X,
BFA,2011-01-01,2011-12-31,233,'854,Burkina Faso,210420,Number of obese adults (18 years and older) (million),6132,Value,2011,2011,million No,0.3,X,
BFA,2012-01-01,2012-12-31,233,'854,Burkina Faso,210420,Number of obese adults (18 years and older) (million),6132,Value,2012,2012,million No,0.3,X,
BFA,2013-01-01,2013-12-31,233,'854,Burkina Faso,210420,Number of obese adults (18 years and older) (million),6132,Value,2013,2013,million No,0.3,X,
BFA,2014-01-01,2014-12-31,233,'854,Burkina Faso,210420,Number of obese adults (18 years and older) (million),6132,Value,2014,2014,million No,0.4,X,
BFA,2015-01-01,2015-12-31,233,'854,Burkina Faso,210420,Number of obese adults (18 years and older) (million),6132,Value,2015,2015,million No,0.4,X,
BFA,2016-01-01,2016-12-31,233,'854,Burkina Faso,210420,Number of obese adults (18 years and older) (million),6132,Value,2016,2016,million No,0.4,X,
BFA,2017-01-01,2017-12-31,233,'854,Burkina Faso,210420,Number of obese adults (18 years and older) (million),6132,Value,2017,2017,million No,0.5,X,
BFA,2018-01-01,2018-12-31,233,'854,Burkina Faso,210420,Number of obese adults (18 years and older) (million),6132,Value,2018,2018,million No,0.5,X,
BFA,2019-01-01,2019-12-31,233,'854,Burkina Faso,210420,Number of obese adults (18 years and older) (million),6132,Value,2019,2019,million No,0.6,X,
BFA,2020-01-01,2020-12-31,233,'854,Burkina Faso,210420,Number of obese adults (18 years and older) (million),6132,Value,2020,2020,million No,0.6,X,
BFA,2021-01-01,2021-12-31,233,'854,Burkina Faso,210420,Number of obese adults (18 years and older) (million),6132,Value,2021,2021,million No,0.7,X,
BFA,2022-01-01,2022-12-31,233,'854,Burkina Faso,210420,Number of obese adults (18 years and older) (million),6132,Value,2022,2022,million No,0.8,X,
BFA,2000-01-01,2000-12-31,233,'854,Burkina Faso,21043,Prevalence of anemia among women of reproductive age (15-49 years) (percent),6121,Value,2000,2000,%,55.8,X,
BFA,2001-01-01,2001-12-31,233,'854,Burkina Faso,21043,Prevalence of anemia among women of reproductive age (15-49 years) (percent),6121,Value,2001,2001,%,55.2,X,
BFA,2002-01-01,2002-12-31,233,'854,Burkina Faso,21043,Prevalence of anemia among women of reproductive age (15-49 years) (percent),6121,Value,2002,2002,%,54.5,X,
BFA,2003-01-01,2003-12-31,233,'854,Burkina Faso,21043,Prevalence of anemia among women of reproductive age (15-49 years) (percent),6121,Value,2003,2003,%,53.8,X,
BFA,2004-01-01,2004-12-31,233,'854,Burkina Faso,21043,Prevalence of anemia among women of reproductive age (15-49 years) (percent),6121,Value,2004,2004,%,53.2,X,
BFA,2005-01-01,2005-12-31,233,'854,Burkina Faso,21043,Prevalence of anemia among women of reproductive age (15-49 years) (percent),6121,Value,2005,2005,%,52.4,X,
BFA,2006-01-01,2006-12-31,233,'854,Burkina Faso,21043,Prevalence of anemia among women of reproductive age (15-49 years) (percent),6121,Value,2006,2006,%,51.6,X,
BFA,2007-01-01,2007-12-31,233,'854,Burkina Faso,21043,Prevalence of anemia among women of reproductive age (15-49 years) (percent),6121,Value,2007,2007,%,50.8,X,
BFA,2008-01-01,2008-12-31,233,'854,Burkina Faso,21043,Prevalence of anemia among women of reproductive age (15-49 years) (percent),6121,Value,2008,2008,%,49.9,X,
BFA,2009-01-01,2009-12-31,233,'854,Burkina Faso,21043,Prevalence of anemia among women of reproductive age (15-49 years) (percent),6121,Value,2009,2009,%,49.1,X,
BFA,2010-01-01,2010-12-31,233,'854,Burkina Faso,21043,Prevalence of anemia among women of reproductive age (15-49 years) (percent),6121,Value,2010,2010,%,48.3,X,
BFA,2011-01-01,2011-12-31,233,'854,Burkina Faso,21043,Prevalence of anemia among women of reproductive age (15-49 years) (percent),6121,Value,2011,2011,%,47.5,X,
BFA,2012-01-01,2012-12-31,233,'854,Burkina Faso,21043,Prevalence of anemia among women of reproductive age (15-49 years) (percent),6121,Value,2012,2012,%,46.9,X,
BFA,2013-01-01,2013-12-31,233,'854,Burkina Faso,21043,Prevalence of anemia among women of reproductive age (15-49 years) (percent),6121,Value,2013,2013,%,46.4,X,
BFA,2014-01-01,2014-12-31,233,'854,Burkina Faso,21043,Prevalence of anemia among women of reproductive age (15-49 years) (percent),6121,Value,2014,2014,%,46,X,
BFA,2015-01-01,2015-12-31,233,'854,Burkina Faso,21043,Prevalence of anemia among women of reproductive age (15-49 years) (percent),6121,Value,2015,2015,%,45.7,X,
BFA,2016-01-01,2016-12-31,233,'854,Burkina Faso,21043,Prevalence of anemia among women of reproductive age (15-49 years) (percent),6121,Value,2016,2016,%,45,X,
BFA,2017-01-01,2017-12-31,233,'854,Burkina Faso,21043,Prevalence of anemia among women of reproductive age (15-49 years) (percent),6121,Value,2017,2017,%,44.5,X,
BFA,2018-01-01,2018-12-31,233,'854,Burkina Faso,21043,Prevalence of anemia among women of reproductive age (15-49 years) (percent),6121,Value,2018,2018,%,44.2,X,
BFA,2019-01-01,2019-12-31,233,'854,Burkina Faso,21043,Prevalence of anemia among women of reproductive age (15-49 years) (percent),6121,Value,2019,2019,%,43.9,X,
BFA,2020-01-01,2020-12-31,233,'854,Burkina Faso,21043,Prevalence of anemia among women of reproductive age (15-49 years) (percent),6121,Value,2020,2020,%,43.7,X,
BFA,2021-01-01,2021-12-31,233,'854,Burkina Faso,21043,Prevalence of anemia among women of reproductive age (15-49 years) (percent),6121,Value,2021,2021,%,43.6,X,
BFA,2022-01-01,2022-12-31,233,'854,Burkina Faso,21043,Prevalence of anemia among women of reproductive age (15-49 years) (percent),6121,Value,2022,2022,%,43.7,X,
BFA,2023-01-01,2023-12-31,233,'854,Burkina Faso,21043,Prevalence of anemia among women of reproductive age (15-49 years) (percent),6121,Value,2023,2023,%,44.3,X,
BFA,2000-01-01,2000-12-31,233,'854,Burkina Faso,210430,Number of women of reproductive age (15-49 years) affected by anemia (million),6132,Value,2000,2000,million No,1.5,X,
BFA,2001-01-01,2001-12-31,233,'854,Burkina Faso,210430,Number of women of reproductive age (15-49 years) affected by anemia (million),6132,Value,2001,2001,million No,1.5,X,
BFA,2002-01-01,2002-12-31,233,'854,Burkina Faso,210430,Number of women of reproductive age (15-49 years) affected by anemia (million),6132,Value,2002,2002,million No,1.6,X,
BFA,2003-01-01,2003-12-31,233,'854,Burkina Faso,210430,Number of women of reproductive age (15-49 years) affected by anemia (million),6132,Value,2003,2003,million No,1.6,X,
BFA,2004-01-01,2004-12-31,233,'854,Burkina Faso,210430,Number of women of reproductive age (15-49 years) affected by anemia (million),6132,Value,2004,2004,million No,1.6,X,
BFA,2005-01-01,2005-12-31,233,'854,Burkina Faso,210430,Number of women of reproductive age (15-49 years) affected by anemia (million),6132,Value,2005,2005,million No,1.7,X,
BFA,2006-01-01,2006-12-31,233,'854,Burkina Faso,210430,Number of women of reproductive age (15-49 years) affected by anemia (million),6132,Value,2006,2006,million No,1.7,X,
BFA,2007-01-01,2007-12-31,233,'854,Burkina Faso,210430,Number of women of reproductive age (15-49 years) affected by anemia (million),6132,Value,2007,2007,million No,1.7,X,
BFA,2008-01-01,2008-12-31,233,'854,Burkina Faso,210430,Number of women of reproductive age (15-49 years) affected by anemia (million),6132,Value,2008,2008,million No,1.8,X,
BFA,2009-01-01,2009-12-31,233,'854,Burkina Faso,210430,Number of women of reproductive age (15-49 years) affected by anemia (million),6132,Value,2009,2009,million No,1.8,X,
BFA,2010-01-01,2010-12-31,233,'854,Burkina Faso,210430,Number of women of reproductive age (15-49 years) affected by anemia (million),6132,Value,2010,2010,million No,1.8,X,
BFA,2011-01-01,2011-12-31,233,'854,Burkina Faso,210430,Number of women of reproductive age (15-49 years) affected by anemia (million),6132,Value,2011,2011,million No,1.8,X,
BFA,2012-01-01,2012-12-31,233,'854,Burkina Faso,210430,Number of women of reproductive age (15-49 years) affected by anemia (million),6132,Value,2012,2012,million No,1.9,X,
BFA,2013-01-01,2013-12-31,233,'854,Burkina Faso,210430,Number of women of reproductive age (15-49 years) affected by anemia (million),6132,Value,2013,2013,million No,1.9,X,
BFA,2014-01-01,2014-12-31,233,'854,Burkina Faso,210430,Number of women of reproductive age (15-49 years) affected by anemia (million),6132,Value,2014,2014,million No,1.9,X,
BFA,2015-01-01,2015-12-31,233,'854,Burkina Faso,210430,Number of women of reproductive age (15-49 years) affected by anemia (million),6132,Value,2015,2015,million No,2,X,
BFA,2016-01-01,2016-12-31,233,'854,Burkina Faso,210430,Number of women of reproductive age (15-49 years) affected by anemia (million),6132,Value,2016,2016,million No,2,X,
BFA,2017-01-01,2017-12-31,233,'854,Burkina Faso,210430,Number of women of reproductive age (15-49 years) affected by anemia (million),6132,Value,2017,2017,million No,2.1,X,
BFA,2018-01-01,2018-12-31,233,'854,Burkina Faso,210430,Number of women of reproductive age (15-49 years) affected by anemia (million),6132,Value,2018,2018,million No,2.1,X,
BFA,2019-01-01,2019-12-31,233,'854,Burkina Faso,210430,Number of women of reproductive age (15-49 years) affected by anemia (million),6132,Value,2019,2019,million No,2.2,X,
BFA,2020-01-01,2020-12-31,233,'854,Burkina Faso,210430,Number of women of reproductive age (15-49 years) affected by anemia (million),6132,Value,2020,2020,million No,2.2,X,
BFA,2021-01-01,2021-12-31,233,'854,Burkina Faso,210430,Number of women of reproductive age (15-49 years) affected by anemia (million),6132,Value,2021,2021,million No,2.3,X,
BFA,2022-01-01,2022-12-31,233,'854,Burkina Faso,210430,Number of women of reproductive age (15-49 years) affected by anemia (million),6132,Value,2022,2022,million No,2.4,X,
BFA,2023-01-01,2023-12-31,233,'854,Burkina Faso,210430,Number of women of reproductive age (15-49 years) affected by anemia (million),6132,Value,2023,2023,million No,2.5,X,
BFA,2003-01-01,2003-12-31,233,'854,Burkina Faso,21044,Prevalence of exclusive breastfeeding among infants 0-5 months of age (percent),6121,Value,2003,2003,%,18.3,X,
BFA,2006-01-01,2006-12-31,233,'854,Burkina Faso,21044,Prevalence of exclusive breastfeeding among infants 0-5 months of age (percent),6121,Value,2006,2006,%,5.9,X,
BFA,2009-01-01,2009-12-31,233,'854,Burkina Faso,21044,Prevalence of exclusive breastfeeding among infants 0-5 months of age (percent),6121,Value,2009,2009,%,16,X,
BFA,2010-01-01,2010-12-31,233,'854,Burkina Faso,21044,Prevalence of exclusive breastfeeding among infants 0-5 months of age (percent),6121,Value,2010,2010,%,24.8,X,
BFA,2012-01-01,2012-12-31,233,'854,Burkina Faso,21044,Prevalence of exclusive breastfeeding among infants 0-5 months of age (percent),6121,Value,2012,2012,%,38.2,X,
BFA,2013-01-01,2013-12-31,233,'854,Burkina Faso,21044,Prevalence of exclusive breastfeeding among infants 0-5 months of age (percent),6121,Value,2013,2013,%,47.2,X,
BFA,2014-01-01,2014-12-31,233,'854,Burkina Faso,21044,Prevalence of exclusive breastfeeding among infants 0-5 months of age (percent),6121,Value,2014,2014,%,50.1,X,
BFA,2017-01-01,2017-12-31,233,'854,Burkina Faso,21044,Prevalence of exclusive breastfeeding among infants 0-5 months of age (percent),6121,Value,2017,2017,%,47.8,X,
BFA,2018-01-01,2018-12-31,233,'854,Burkina Faso,21044,Prevalence of exclusive breastfeeding among infants 0-5 months of age (percent),6121,Value,2018,2018,%,55.8,X,
BFA,2019-01-01,2019-12-31,233,'854,Burkina Faso,21044,Prevalence of exclusive breastfeeding among infants 0-5 months of age (percent),6121,Value,2019,2019,%,57.9,X,
BFA,2020-01-01,2020-12-31,233,'854,Burkina Faso,21044,Prevalence of exclusive breastfeeding among infants 0-5 months of age (percent),6121,Value,2020,2020,%,58,X,
BFA,2021-01-01,2021-12-31,233,'854,Burkina Faso,21044,Prevalence of exclusive breastfeeding among infants 0-5 months of age (percent),6121,Value,2021,2021,%,51.3,X,
BFA,2000-01-01,2000-12-31,233,'854,Burkina Faso,21049,Prevalence of low birthweight (percent),6121,Value,2000,2000,%,20.3,X,
BFA,2001-01-01,2001-12-31,233,'854,Burkina Faso,21049,Prevalence of low birthweight (percent),6121,Value,2001,2001,%,20.2,X,
BFA,2002-01-01,2002-12-31,233,'854,Burkina Faso,21049,Prevalence of low birthweight (percent),6121,Value,2002,2002,%,20.1,X,
BFA,2003-01-01,2003-12-31,233,'854,Burkina Faso,21049,Prevalence of low birthweight (percent),6121,Value,2003,2003,%,19.9,X,
BFA,2004-01-01,2004-12-31,233,'854,Burkina Faso,21049,Prevalence of low birthweight (percent),6121,Value,2004,2004,%,19.8,X,
BFA,2005-01-01,2005-12-31,233,'854,Burkina Faso,21049,Prevalence of low birthweight (percent),6121,Value,2005,2005,%,19.7,X,
BFA,2006-01-01,2006-12-31,233,'854,Burkina Faso,21049,Prevalence of low birthweight (percent),6121,Value,2006,2006,%,19.6,X,
BFA,2007-01-01,2007-12-31,233,'854,Burkina Faso,21049,Prevalence of low birthweight (percent),6121,Value,2007,2007,%,19.5,X,
BFA,2008-01-01,2008-12-31,233,'854,Burkina Faso,21049,Prevalence of low birthweight (percent),6121,Value,2008,2008,%,19.4,X,
BFA,2009-01-01,2009-12-31,233,'854,Burkina Faso,21049,Prevalence of low birthweight (percent),6121,Value,2009,2009,%,19.3,X,
BFA,2010-01-01,2010-12-31,233,'854,Burkina Faso,21049,Prevalence of low birthweight (percent),6121,Value,2010,2010,%,19.3,X,
BFA,2011-01-01,2011-12-31,233,'854,Burkina Faso,21049,Prevalence of low birthweight (percent),6121,Value,2011,2011,%,19.2,X,
BFA,2012-01-01,2012-12-31,233,'854,Burkina Faso,21049,Prevalence of low birthweight (percent),6121,Value,2012,2012,%,19.1,X,
BFA,2013-01-01,2013-12-31,233,'854,Burkina Faso,21049,Prevalence of low birthweight (percent),6121,Value,2013,2013,%,19,X,
BFA,2014-01-01,2014-12-31,233,'854,Burkina Faso,21049,Prevalence of low birthweight (percent),6121,Value,2014,2014,%,18.9,X,
BFA,2015-01-01,2015-12-31,233,'854,Burkina Faso,21049,Prevalence of low birthweight (percent),6121,Value,2015,2015,%,18.8,X,
BFA,2016-01-01,2016-12-31,233,'854,Burkina Faso,21049,Prevalence of low birthweight (percent),6121,Value,2016,2016,%,18.8,X,
BFA,2017-01-01,2017-12-31,233,'854,Burkina Faso,21049,Prevalence of low birthweight (percent),6121,Value,2017,2017,%,18.7,X,
BFA,2018-01-01,2018-12-31,233,'854,Burkina Faso,21049,Prevalence of low birthweight (percent),6121,Value,2018,2018,%,18.6,X,
BFA,2019-01-01,2019-12-31,233,'854,Burkina Faso,21049,Prevalence of low birthweight (percent),6121,Value,2019,2019,%,18.5,X,
BFA,2020-01-01,2020-12-31,233,'854,Burkina Faso,21049,Prevalence of low birthweight (percent),6121,Value,2020,2020,%,18.5,X,
BFA,2000-01-01,2000-12-31,233,'854,Burkina Faso,210490,Number of newborns with low birthweight (million),6132,Value,2000,2000,million No,0.1,X,
BFA,2001-01-01,2001-12-31,233,'854,Burkina Faso,210490,Number of newborns with low birthweight (million),6132,Value,2001,2001,million No,0.1,X,
BFA,2002-01-01,2002-12-31,233,'854,Burkina Faso,210490,Number of newborns with low birthweight (million),6132,Value,2002,2002,million No,0.1,X,
BFA,2003-01-01,2003-12-31,233,'854,Burkina Faso,210490,Number of newborns with low birthweight (million),6132,Value,2003,2003,million No,0.1,X,
BFA,2004-01-01,2004-12-31,233,'854,Burkina Faso,210490,Number of newborns with low birthweight (million),6132,Value,2004,2004,million No,0.1,X,
BFA,2005-01-01,2005-12-31,233,'854,Burkina Faso,210490,Number of newborns with low birthweight (million),6132,Value,2005,2005,million No,0.1,X,
BFA,2006-01-01,2006-12-31,233,'854,Burkina Faso,210490,Number of newborns with low birthweight (million),6132,Value,2006,2006,million No,0.1,X,
BFA,2007-01-01,2007-12-31,233,'854,Burkina Faso,210490,Number of newborns with low birthweight (million),6132,Value,2007,2007,million No,0.1,X,
BFA,2008-01-01,2008-12-31,233,'854,Burkina Faso,210490,Number of newborns with low birthweight (million),6132,Value,2008,2008,million No,0.1,X,
BFA,2009-01-01,2009-12-31,233,'854,Burkina Faso,210490,Number of newborns with low birthweight (million),6132,Value,2009,2009,million No,0.1,X,
BFA,2010-01-01,2010-12-31,233,'854,Burkina Faso,210490,Number of newborns with low birthweight (million),6132,Value,2010,2010,million No,0.1,X,
BFA,2011-01-01,2011-12-31,233,'854,Burkina Faso,210490,Number of newborns with low birthweight (million),6132,Value,2011,2011,million No,0.1,X,
BFA,2012-01-01,2012-12-31,233,'854,Burkina Faso,210490,Number of newborns with low birthweight (million),6132,Value,2012,2012,million No,0.1,X,
BFA,2013-01-01,2013-12-31,233,'854,Burkina Faso,210490,Number of newborns with low birthweight (million),6132,Value,2013,2013,million No,0.1,X,
BFA,2014-01-01,2014-12-31,233,'854,Burkina Faso,210490,Number of newborns with low birthweight (million),6132,Value,2014,2014,million No,0.1,X,
BFA,2015-01-01,2015-12-31,233,'854,Burkina Faso,210490,Number of newborns with low birthweight (million),6132,Value,2015,2015,million No,0.1,X,
BFA,2016-01-01,2016-12-31,233,'854,Burkina Faso,210490,Number of newborns with low birthweight (million),6132,Value,2016,2016,million No,0.1,X,
BFA,2017-01-01,2017-12-31,233,'854,Burkina Faso,210490,Number of newborns with low birthweight (million),6132,Value,2017,2017,million No,0.1,X,
BFA,2018-01-01,2018-12-31,233,'854,Burkina Faso,210490,Number of newborns with low birthweight (million),6132,Value,2018,2018,million No,0.1,X,
BFA,2019-01-01,2019-12-31,233,'854,Burkina Faso,210490,Number of newborns with low birthweight (million),6132,Value,2019,2019,million No,0.1,X,
BFA,2020-01-01,2020-12-31,233,'854,Burkina Faso,210490,Number of newborns with low birthweight (million),6132,Value,2020,2020,million No,0.1,X,
BFA,2000-01-01,2000-12-31,233,'854,Burkina Faso,21056,Minimum dietary energy requirement (kcal/cap/day),6128,Value,2000,2000,kcal/cap/d,1697,E,
BFA,2001-01-01,2001-12-31,233,'854,Burkina Faso,21056,Minimum dietary energy requirement (kcal/cap/day),6128,Value,2001,2001,kcal/cap/d,1699,E,
BFA,2002-01-01,2002-12-31,233,'854,Burkina Faso,21056,Minimum dietary energy requirement (kcal/cap/day),6128,Value,2002,2002,kcal/cap/d,1702,E,
BFA,2003-01-01,2003-12-31,233,'854,Burkina Faso,21056,Minimum dietary energy requirement (kcal/cap/day),6128,Value,2003,2003,kcal/cap/d,1704,E,
BFA,2004-01-01,2004-12-31,233,'854,Burkina Faso,21056,Minimum dietary energy requirement (kcal/cap/day),6128,Value,2004,2004,kcal/cap/d,1706,E,
BFA,2005-01-01,2005-12-31,233,'854,Burkina Faso,21056,Minimum dietary energy requirement (kcal/cap/day),6128,Value,2005,2005,kcal/cap/d,1707,E,
BFA,2006-01-01,2006-12-31,233,'854,Burkina Faso,21056,Minimum dietary energy requirement (kcal/cap/day),6128,Value,2006,2006,kcal/cap/d,1708,E,
BFA,2007-01-01,2007-12-31,233,'854,Burkina Faso,21056,Minimum dietary energy requirement (kcal/cap/day),6128,Value,2007,2007,kcal/cap/d,1708,E,
BFA,2008-01-01,2008-12-31,233,'854,Burkina Faso,21056,Minimum dietary energy requirement (kcal/cap/day),6128,Value,2008,2008,kcal/cap/d,1707,E,
BFA,2009-01-01,2009-12-31,233,'854,Burkina Faso,21056,Minimum dietary energy requirement (kcal/cap/day),6128,Value,2009,2009,kcal/cap/d,1707,E,
BFA,2010-01-01,2010-12-31,233,'854,Burkina Faso,21056,Minimum dietary energy requirement (kcal/cap/day),6128,Value,2010,2010,kcal/cap/d,1707,E,
BFA,2011-01-01,2011-12-31,233,'854,Burkina Faso,21056,Minimum dietary energy requirement (kcal/cap/day),6128,Value,2011,2011,kcal/cap/d,1708,E,
BFA,2012-01-01,2012-12-31,233,'854,Burkina Faso,21056,Minimum dietary energy requirement (kcal/cap/day),6128,Value,2012,2012,kcal/cap/d,1710,E,
BFA,2013-01-01,2013-12-31,233,'854,Burkina Faso,21056,Minimum dietary energy requirement (kcal/cap/day),6128,Value,2013,2013,kcal/cap/d,1712,E,
BFA,2014-01-01,2014-12-31,233,'854,Burkina Faso,21056,Minimum dietary energy requirement (kcal/cap/day),6128,Value,2014,2014,kcal/cap/d,1714,E,
BFA,2015-01-01,2015-12-31,233,'854,Burkina Faso,21056,Minimum dietary energy requirement (kcal/cap/day),6128,Value,2015,2015,kcal/cap/d,1717,E,
BFA,2016-01-01,2016-12-31,233,'854,Burkina Faso,21056,Minimum dietary energy requirement (kcal/cap/day),6128,Value,2016,2016,kcal/cap/d,1721,E,
BFA,2017-01-01,2017-12-31,233,'854,Burkina Faso,21056,Minimum dietary energy requirement (kcal/cap/day),6128,Value,2017,2017,kcal/cap/d,1726,E,
BFA,2018-01-01,2018-12-31,233,'854,Burkina Faso,21056,Minimum dietary energy requirement (kcal/cap/day),6128,Value,2018,2018,kcal/cap/d,1731,E,
BFA,2019-01-01,2019-12-31,233,'854,Burkina Faso,21056,Minimum dietary energy requirement (kcal/cap/day),6128,Value,2019,2019,kcal/cap/d,1738,E,
BFA,2020-01-01,2020-12-31,233,'854,Burkina Faso,21056,Minimum dietary energy requirement (kcal/cap/day),6128,Value,2020,2020,kcal/cap/d,1745,E,
BFA,2021-01-01,2021-12-31,233,'854,Burkina Faso,21056,Minimum dietary energy requirement (kcal/cap/day),6128,Value,2021,2021,kcal/cap/d,1754,E,
BFA,2022-01-01,2022-12-31,233,'854,Burkina Faso,21056,Minimum dietary energy requirement (kcal/cap/day),6128,Value,2022,2022,kcal/cap/d,1760,E,
BFA,2023-01-01,2023-12-31,233,'854,Burkina Faso,21056,Minimum dietary energy requirement (kcal/cap/day),6128,Value,2023,2023,kcal/cap/d,1766,E,
BFA,2024-01-01,2024-12-31,233,'854,Burkina Faso,21056,Minimum dietary energy requirement (kcal/cap/day),6128,Value,2024,2024,kcal/cap/d,1772,E,
BFA,2025-01-01,2025-12-31,233,'854,Burkina Faso,21056,Minimum dietary energy requirement (kcal/cap/day),6128,Value,2025,2025,kcal/cap/d,1778,E,
BFA,2000-01-01,2000-12-31,233,'854,Burkina Faso,21057,Average dietary energy requirement (kcal/cap/day),6128,Value,2000,2000,kcal/cap/d,2184,E,
BFA,2001-01-01,2001-12-31,233,'854,Burkina Faso,21057,Average dietary energy requirement (kcal/cap/day),6128,Value,2001,2001,kcal/cap/d,2187,E,
BFA,2002-01-01,2002-12-31,233,'854,Burkina Faso,21057,Average dietary energy requirement (kcal/cap/day),6128,Value,2002,2002,kcal/cap/d,2190,E,
BFA,2003-01-01,2003-12-31,233,'854,Burkina Faso,21057,Average dietary energy requirement (kcal/cap/day),6128,Value,2003,2003,kcal/cap/d,2193,E,
BFA,2004-01-01,2004-12-31,233,'854,Burkina Faso,21057,Average dietary energy requirement (kcal/cap/day),6128,Value,2004,2004,kcal/cap/d,2196,E,
BFA,2005-01-01,2005-12-31,233,'854,Burkina Faso,21057,Average dietary energy requirement (kcal/cap/day),6128,Value,2005,2005,kcal/cap/d,2198,E,
BFA,2006-01-01,2006-12-31,233,'854,Burkina Faso,21057,Average dietary energy requirement (kcal/cap/day),6128,Value,2006,2006,kcal/cap/d,2199,E,
BFA,2007-01-01,2007-12-31,233,'854,Burkina Faso,21057,Average dietary energy requirement (kcal/cap/day),6128,Value,2007,2007,kcal/cap/d,2199,E,
BFA,2008-01-01,2008-12-31,233,'854,Burkina Faso,21057,Average dietary energy requirement (kcal/cap/day),6128,Value,2008,2008,kcal/cap/d,2198,E,
BFA,2009-01-01,2009-12-31,233,'854,Burkina Faso,21057,Average dietary energy requirement (kcal/cap/day),6128,Value,2009,2009,kcal/cap/d,2197,E,
BFA,2010-01-01,2010-12-31,233,'854,Burkina Faso,21057,Average dietary energy requirement (kcal/cap/day),6128,Value,2010,2010,kcal/cap/d,2197,E,
BFA,2011-01-01,2011-12-31,233,'854,Burkina Faso,21057,Average dietary energy requirement (kcal/cap/day),6128,Value,2011,2011,kcal/cap/d,2198,E,
BFA,2012-01-01,2012-12-31,233,'854,Burkina Faso,21057,Average dietary energy requirement (kcal/cap/day),6128,Value,2012,2012,kcal/cap/d,2199,E,
BFA,2013-01-01,2013-12-31,233,'854,Burkina Faso,21057,Average dietary energy requirement (kcal/cap/day),6128,Value,2013,2013,kcal/cap/d,2202,E,
BFA,2014-01-01,2014-12-31,233,'854,Burkina Faso,21057,Average dietary energy requirement (kcal/cap/day),6128,Value,2014,2014,kcal/cap/d,2205,E,
BFA,2015-01-01,2015-12-31,233,'854,Burkina Faso,21057,Average dietary energy requirement (kcal/cap/day),6128,Value,2015,2015,kcal/cap/d,2209,E,
BFA,2016-01-01,2016-12-31,233,'854,Burkina Faso,21057,Average dietary energy requirement (kcal/cap/day),6128,Value,2016,2016,kcal/cap/d,2214,E,
BFA,2017-01-01,2017-12-31,233,'854,Burkina Faso,21057,Average dietary energy requirement (kcal/cap/day),6128,Value,2017,2017,kcal/cap/d,2220,E,
BFA,2018-01-01,2018-12-31,233,'854,Burkina Faso,21057,Average dietary energy requirement (kcal/cap/day),6128,Value,2018,2018,kcal/cap/d,2228,E,
BFA,2019-01-01,2019-12-31,233,'854,Burkina Faso,21057,Average dietary energy requirement (kcal/cap/day),6128,Value,2019,2019,kcal/cap/d,2237,E,
BFA,2020-01-01,2020-12-31,233,'854,Burkina Faso,21057,Average dietary energy requirement (kcal/cap/day),6128,Value,2020,2020,kcal/cap/d,2248,E,
BFA,2021-01-01,2021-12-31,233,'854,Burkina Faso,21057,Average dietary energy requirement (kcal/cap/day),6128,Value,2021,2021,kcal/cap/d,2259,E,
BFA,2022-01-01,2022-12-31,233,'854,Burkina Faso,21057,Average dietary energy requirement (kcal/cap/day),6128,Value,2022,2022,kcal/cap/d,2269,E,
BFA,2023-01-01,2023-12-31,233,'854,Burkina Faso,21057,Average dietary energy requirement (kcal/cap/day),6128,Value,2023,2023,kcal/cap/d,2278,E,
BFA,2024-01-01,2024-12-31,233,'854,Burkina Faso,21057,Average dietary energy requirement (kcal/cap/day),6128,Value,2024,2024,kcal/cap/d,2287,E,
BFA,2025-01-01,2025-12-31,233,'854,Burkina Faso,21057,Average dietary energy requirement (kcal/cap/day),6128,Value,2025,2025,kcal/cap/d,2296,E,
BFA,2001-01-01,2001-12-31,233,'854,Burkina Faso,21058,Coefficient of variation of habitual caloric consumption distribution (real number),6173,Value,2001,2001,No,0.34,E,
BFA,2002-01-01,2002-12-31,233,'854,Burkina Faso,21058,Coefficient of variation of habitual caloric consumption distribution (real number),6173,Value,2002,2002,No,0.34,E,
BFA,2003-01-01,2003-12-31,233,'854,Burkina Faso,21058,Coefficient of variation of habitual caloric consumption distribution (real number),6173,Value,2003,2003,No,0.34,E,
BFA,2004-01-01,2004-12-31,233,'854,Burkina Faso,21058,Coefficient of variation of habitual caloric consumption distribution (real number),6173,Value,2004,2004,No,0.34,E,
BFA,2005-01-01,2005-12-31,233,'854,Burkina Faso,21058,Coefficient of variation of habitual caloric consumption distribution (real number),6173,Value,2005,2005,No,0.34,E,
BFA,2006-01-01,2006-12-31,233,'854,Burkina Faso,21058,Coefficient of variation of habitual caloric consumption distribution (real number),6173,Value,2006,2006,No,0.34,E,
BFA,2007-01-01,2007-12-31,233,'854,Burkina Faso,21058,Coefficient of variation of habitual caloric consumption distribution (real number),6173,Value,2007,2007,No,0.34,E,
BFA,2008-01-01,2008-12-31,233,'854,Burkina Faso,21058,Coefficient of variation of habitual caloric consumption distribution (real number),6173,Value,2008,2008,No,0.34,E,
BFA,2009-01-01,2009-12-31,233,'854,Burkina Faso,21058,Coefficient of variation of habitual caloric consumption distribution (real number),6173,Value,2009,2009,No,0.34,E,
BFA,2010-01-01,2010-12-31,233,'854,Burkina Faso,21058,Coefficient of variation of habitual caloric consumption distribution (real number),6173,Value,2010,2010,No,0.34,E,
BFA,2011-01-01,2011-12-31,233,'854,Burkina Faso,21058,Coefficient of variation of habitual caloric consumption distribution (real number),6173,Value,2011,2011,No,0.34,E,
BFA,2012-01-01,2012-12-31,233,'854,Burkina Faso,21058,Coefficient of variation of habitual caloric consumption distribution (real number),6173,Value,2012,2012,No,0.34,E,
BFA,2013-01-01,2013-12-31,233,'854,Burkina Faso,21058,Coefficient of variation of habitual caloric consumption distribution (real number),6173,Value,2013,2013,No,0.34,E,
BFA,2014-01-01,2014-12-31,233,'854,Burkina Faso,21058,Coefficient of variation of habitual caloric consumption distribution (real number),6173,Value,2014,2014,No,0.34,E,
BFA,2015-01-01,2015-12-31,233,'854,Burkina Faso,21058,Coefficient of variation of habitual caloric consumption distribution (real number),6173,Value,2015,2015,No,0.34,E,
BFA,2016-01-01,2016-12-31,233,'854,Burkina Faso,21058,Coefficient of variation of habitual caloric consumption distribution (real number),6173,Value,2016,2016,No,0.34,E,
BFA,2017-01-01,2017-12-31,233,'854,Burkina Faso,21058,Coefficient of variation of habitual caloric consumption distribution (real number),6173,Value,2017,2017,No,0.34,E,
BFA,2018-01-01,2018-12-31,233,'854,Burkina Faso,21058,Coefficient of variation of habitual caloric consumption distribution (real number),6173,Value,2018,2018,No,0.34,E,
BFA,2019-01-01,2019-12-31,233,'854,Burkina Faso,21058,Coefficient of variation of habitual caloric consumption distribution (real number),6173,Value,2019,2019,No,0.34,E,
BFA,2020-01-01,2020-12-31,233,'854,Burkina Faso,21058,Coefficient of variation of habitual caloric consumption distribution (real number),6173,Value,2020,2020,No,0.33,E,
BFA,2021-01-01,2021-12-31,233,'854,Burkina Faso,21058,Coefficient of variation of habitual caloric consumption distribution (real number),6173,Value,2021,2021,No,0.33,E,
BFA,2022-01-01,2022-12-31,233,'854,Burkina Faso,21058,Coefficient of variation of habitual caloric consumption distribution (real number),6173,Value,2022,2022,No,0.33,E,
BFA,2023-01-01,2023-12-31,233,'854,Burkina Faso,21058,Coefficient of variation of habitual caloric consumption distribution (real number),6173,Value,2023,2023,No,0.33,E,
BFA,2000-01-01,2000-12-31,233,'854,Burkina Faso,21059,Incidence of caloric losses at retail distribution level (percent),6121,Value,2000,2000,%,2.29,E,
BFA,2001-01-01,2001-12-31,233,'854,Burkina Faso,21059,Incidence of caloric losses at retail distribution level (percent),6121,Value,2001,2001,%,2.22,E,
BFA,2002-01-01,2002-12-31,233,'854,Burkina Faso,21059,Incidence of caloric losses at retail distribution level (percent),6121,Value,2002,2002,%,2.18,E,
BFA,2003-01-01,2003-12-31,233,'854,Burkina Faso,21059,Incidence of caloric losses at retail distribution level (percent),6121,Value,2003,2003,%,2.23,E,
BFA,2004-01-01,2004-12-31,233,'854,Burkina Faso,21059,Incidence of caloric losses at retail distribution level (percent),6121,Value,2004,2004,%,2.24,E,
BFA,2005-01-01,2005-12-31,233,'854,Burkina Faso,21059,Incidence of caloric losses at retail distribution level (percent),6121,Value,2005,2005,%,2.22,E,
BFA,2006-01-01,2006-12-31,233,'854,Burkina Faso,21059,Incidence of caloric losses at retail distribution level (percent),6121,Value,2006,2006,%,2.22,E,
BFA,2007-01-01,2007-12-31,233,'854,Burkina Faso,21059,Incidence of caloric losses at retail distribution level (percent),6121,Value,2007,2007,%,2.17,E,
BFA,2008-01-01,2008-12-31,233,'854,Burkina Faso,21059,Incidence of caloric losses at retail distribution level (percent),6121,Value,2008,2008,%,2.16,E,
BFA,2009-01-01,2009-12-31,233,'854,Burkina Faso,21059,Incidence of caloric losses at retail distribution level (percent),6121,Value,2009,2009,%,2.2,E,
BFA,2010-01-01,2010-12-31,233,'854,Burkina Faso,21059,Incidence of caloric losses at retail distribution level (percent),6121,Value,2010,2010,%,2.18,E,
BFA,2011-01-01,2011-12-31,233,'854,Burkina Faso,21059,Incidence of caloric losses at retail distribution level (percent),6121,Value,2011,2011,%,2.2,E,
BFA,2012-01-01,2012-12-31,233,'854,Burkina Faso,21059,Incidence of caloric losses at retail distribution level (percent),6121,Value,2012,2012,%,2.2,E,
BFA,2013-01-01,2013-12-31,233,'854,Burkina Faso,21059,Incidence of caloric losses at retail distribution level (percent),6121,Value,2013,2013,%,2.18,E,
BFA,2014-01-01,2014-12-31,233,'854,Burkina Faso,21059,Incidence of caloric losses at retail distribution level (percent),6121,Value,2014,2014,%,2.17,E,
BFA,2015-01-01,2015-12-31,233,'854,Burkina Faso,21059,Incidence of caloric losses at retail distribution level (percent),6121,Value,2015,2015,%,2.16,E,
BFA,2016-01-01,2016-12-31,233,'854,Burkina Faso,21059,Incidence of caloric losses at retail distribution level (percent),6121,Value,2016,2016,%,2.16,E,
BFA,2017-01-01,2017-12-31,233,'854,Burkina Faso,21059,Incidence of caloric losses at retail distribution level (percent),6121,Value,2017,2017,%,2.14,E,
BFA,2018-01-01,2018-12-31,233,'854,Burkina Faso,21059,Incidence of caloric losses at retail distribution level (percent),6121,Value,2018,2018,%,2.14,E,
BFA,2019-01-01,2019-12-31,233,'854,Burkina Faso,21059,Incidence of caloric losses at retail distribution level (percent),6121,Value,2019,2019,%,3.1,E,
BFA,2020-01-01,2020-12-31,233,'854,Burkina Faso,21059,Incidence of caloric losses at retail distribution level (percent),6121,Value,2020,2020,%,2.97,E,
BFA,2021-01-01,2021-12-31,233,'854,Burkina Faso,21059,Incidence of caloric losses at retail distribution level (percent),6121,Value,2021,2021,%,2.95,E,
BFA,2022-01-01,2022-12-31,233,'854,Burkina Faso,21059,Incidence of caloric losses at retail distribution level (percent),6121,Value,2022,2022,%,2.96,E,
BFA,2023-01-01,2023-12-31,233,'854,Burkina Faso,21059,Incidence of caloric losses at retail distribution level (percent),6121,Value,2023,2023,%,2.96,E,
BFA,2024-01-01,2024-12-31,233,'854,Burkina Faso,21059,Incidence of caloric losses at retail distribution level (percent),6121,Value,2024,2024,%,2.96,E,
BFA,2000-01-01,2002-12-31,233,'854,Burkina Faso,21061,Average fat supply (g/cap/day) (3-year average),6123,Value,20002002,2002,g/cap/d,53.2,E,
BFA,2001-01-01,2003-12-31,233,'854,Burkina Faso,21061,Average fat supply (g/cap/day) (3-year average),6123,Value,20012003,2003,g/cap/d,55.8,E,
BFA,2002-01-01,2004-12-31,233,'854,Burkina Faso,21061,Average fat supply (g/cap/day) (3-year average),6123,Value,20022004,2004,g/cap/d,58.6,E,
BFA,2003-01-01,2005-12-31,233,'854,Burkina Faso,21061,Average fat supply (g/cap/day) (3-year average),6123,Value,20032005,2005,g/cap/d,57.8,E,
BFA,2004-01-01,2006-12-31,233,'854,Burkina Faso,21061,Average fat supply (g/cap/day) (3-year average),6123,Value,20042006,2006,g/cap/d,56.7,E,
BFA,2005-01-01,2007-12-31,233,'854,Burkina Faso,21061,Average fat supply (g/cap/day) (3-year average),6123,Value,20052007,2007,g/cap/d,55.1,E,
BFA,2006-01-01,2008-12-31,233,'854,Burkina Faso,21061,Average fat supply (g/cap/day) (3-year average),6123,Value,20062008,2008,g/cap/d,56.8,E,
BFA,2007-01-01,2009-12-31,233,'854,Burkina Faso,21061,Average fat supply (g/cap/day) (3-year average),6123,Value,20072009,2009,g/cap/d,57.5,E,
BFA,2008-01-01,2010-12-31,233,'854,Burkina Faso,21061,Average fat supply (g/cap/day) (3-year average),6123,Value,20082010,2010,g/cap/d,59.1,E,
BFA,2009-01-01,2011-12-31,233,'854,Burkina Faso,21061,Average fat supply (g/cap/day) (3-year average),6123,Value,20092011,2011,g/cap/d,58.7,E,
BFA,2010-01-01,2012-12-31,233,'854,Burkina Faso,21061,Average fat supply (g/cap/day) (3-year average),6123,Value,20102012,2012,g/cap/d,59.8,E,
BFA,2011-01-01,2013-12-31,233,'854,Burkina Faso,21061,Average fat supply (g/cap/day) (3-year average),6123,Value,20112013,2013,g/cap/d,60.6,E,
BFA,2012-01-01,2014-12-31,233,'854,Burkina Faso,21061,Average fat supply (g/cap/day) (3-year average),6123,Value,20122014,2014,g/cap/d,61.5,E,
BFA,2013-01-01,2015-12-31,233,'854,Burkina Faso,21061,Average fat supply (g/cap/day) (3-year average),6123,Value,20132015,2015,g/cap/d,61.7,E,
BFA,2014-01-01,2016-12-31,233,'854,Burkina Faso,21061,Average fat supply (g/cap/day) (3-year average),6123,Value,20142016,2016,g/cap/d,61.5,E,
BFA,2015-01-01,2017-12-31,233,'854,Burkina Faso,21061,Average fat supply (g/cap/day) (3-year average),6123,Value,20152017,2017,g/cap/d,61.6,E,
BFA,2016-01-01,2018-12-31,233,'854,Burkina Faso,21061,Average fat supply (g/cap/day) (3-year average),6123,Value,20162018,2018,g/cap/d,61.5,E,
BFA,2017-01-01,2019-12-31,233,'854,Burkina Faso,21061,Average fat supply (g/cap/day) (3-year average),6123,Value,20172019,2019,g/cap/d,61.7,E,
BFA,2018-01-01,2020-12-31,233,'854,Burkina Faso,21061,Average fat supply (g/cap/day) (3-year average),6123,Value,20182020,2020,g/cap/d,63.8,E,
BFA,2019-01-01,2021-12-31,233,'854,Burkina Faso,21061,Average fat supply (g/cap/day) (3-year average),6123,Value,20192021,2021,g/cap/d,62.6,E,
BFA,2020-01-01,2022-12-31,233,'854,Burkina Faso,21061,Average fat supply (g/cap/day) (3-year average),6123,Value,20202022,2022,g/cap/d,61.8,E,
