Iso3,StartDate,EndDate,Area Code,Area Code (M49),Area,Item Code,Item Code (CPC),Item,Element Code,Element,Year Code,Year,Months Code,Months,Unit,Value,Flag
BFA,2017-05-01,2017-05-31,233,'854,Burkina Faso,221,'01371,"Almonds, in shell",5530,Producer Price (LCU/tonne),2017,2017,7005,May,LCU,13345.000000,A
BFA,2017-06-01,2017-06-30,233,'854,Burkina Faso,221,'01371,"Almonds, in shell",5530,Producer Price (LCU/tonne),2017,2017,7006,June,LCU,11750.000000,A
BFA,2017-07-01,2017-07-31,233,'854,Burkina Faso,221,'01371,"Almonds, in shell",5530,Producer Price (LCU/tonne),2017,2017,7007,July,LCU,10557.000000,A
BFA,2017-08-01,2017-08-31,233,'854,Burkina Faso,221,'01371,"Almonds, in shell",5530,Producer Price (LCU/tonne),2017,2017,7008,August,LCU,9273.000000,A
BFA,2017-09-01,2017-09-30,233,'854,Burkina Faso,221,'01371,"Almonds, in shell",5530,Producer Price (LCU/tonne),2017,2017,7009,September,LCU,9268.000000,A
BFA,2017-10-01,2017-10-31,233,'854,Burkina Faso,221,'01371,"Almonds, in shell",5530,Producer Price (LCU/tonne),2017,2017,7010,October,LCU,11014.000000,A
BFA,2017-11-01,2017-11-30,233,'854,Burkina Faso,221,'01371,"Almonds, in shell",5530,Producer Price (LCU/tonne),2017,2017,7011,November,LCU,13228.000000,A
BFA,1991-01-01,1991-12-31,233,'854,Burkina Faso,221,'01371,"Almonds, in shell",5539,Producer Price Index (2014-2016 = 100),1991,1991,7021,Annual value,,49.380000,E
BFA,1992-01-01,1992-12-31,233,'854,Burkina Faso,221,'01371,"Almonds, in shell",5539,Producer Price Index (2014-2016 = 100),1992,1992,7021,Annual value,,50.690000,E
BFA,1993-01-01,1993-12-31,233,'854,Burkina Faso,221,'01371,"Almonds, in shell",5539,Producer Price Index (2014-2016 = 100),1993,1993,7021,Annual value,,41.310000,E
BFA,1994-01-01,1994-12-31,233,'854,Burkina Faso,221,'01371,"Almonds, in shell",5539,Producer Price Index (2014-2016 = 100),1994,1994,7021,Annual value,,55.220000,E
BFA,1995-01-01,1995-12-31,233,'854,Burkina Faso,221,'01371,"Almonds, in shell",5539,Producer Price Index (2014-2016 = 100),1995,1995,7021,Annual value,,55.220000,E
BFA,1996-01-01,1996-12-31,233,'854,Burkina Faso,221,'01371,"Almonds, in shell",5539,Producer Price Index (2014-2016 = 100),1996,1996,7021,Annual value,,77.400000,E
BFA,1997-01-01,1997-12-31,233,'854,Burkina Faso,221,'01371,"Almonds, in shell",5539,Producer Price Index (2014-2016 = 100),1997,1997,7021,Annual value,,78.680000,E
BFA,1998-01-01,1998-12-31,233,'854,Burkina Faso,221,'01371,"Almonds, in shell",5539,Producer Price Index (2014-2016 = 100),1998,1998,7021,Annual value,,95.530000,E
BFA,1999-01-01,1999-12-31,233,'854,Burkina Faso,221,'01371,"Almonds, in shell",5539,Producer Price Index (2014-2016 = 100),1999,1999,7021,Annual value,,74.490000,E
BFA,2000-01-01,2000-12-31,233,'854,Burkina Faso,221,'01371,"Almonds, in shell",5539,Producer Price Index (2014-2016 = 100),2000,2000,7021,Annual value,,57.030000,E
BFA,2001-01-01,2001-12-31,233,'854,Burkina Faso,221,'01371,"Almonds, in shell",5539,Producer Price Index (2014-2016 = 100),2001,2001,7021,Annual value,,88.580000,E
BFA,2002-01-01,2002-12-31,233,'854,Burkina Faso,221,'01371,"Almonds, in shell",5539,Producer Price Index (2014-2016 = 100),2002,2002,7021,Annual value,,100.750000,E
BFA,2003-01-01,2003-12-31,233,'854,Burkina Faso,221,'01371,"Almonds, in shell",5539,Producer Price Index (2014-2016 = 100),2003,2003,7021,Annual value,,69.450000,E
BFA,2004-01-01,2004-12-31,233,'854,Burkina Faso,221,'01371,"Almonds, in shell",5539,Producer Price Index (2014-2016 = 100),2004,2004,7021,Annual value,,77.630000,E
BFA,2005-01-01,2005-12-31,233,'854,Burkina Faso,221,'01371,"Almonds, in shell",5539,Producer Price Index (2014-2016 = 100),2005,2005,7021,Annual value,,89.160000,E
BFA,2006-01-01,2006-12-31,233,'854,Burkina Faso,221,'01371,"Almonds, in shell",5539,Producer Price Index (2014-2016 = 100),2006,2006,7021,Annual value,,76.780000,E
BFA,2007-01-01,2007-12-31,233,'854,Burkina Faso,221,'01371,"Almonds, in shell",5539,Producer Price Index (2014-2016 = 100),2007,2007,7021,Annual value,,84.200000,E
BFA,2008-01-01,2008-12-31,233,'854,Burkina Faso,221,'01371,"Almonds, in shell",5539,Producer Price Index (2014-2016 = 100),2008,2008,7021,Annual value,,87.580000,E
BFA,2009-01-01,2009-12-31,233,'854,Burkina Faso,221,'01371,"Almonds, in shell",5539,Producer Price Index (2014-2016 = 100),2009,2009,7021,Annual value,,90.010000,E
BFA,2010-01-01,2010-12-31,233,'854,Burkina Faso,221,'01371,"Almonds, in shell",5539,Producer Price Index (2014-2016 = 100),2010,2010,7021,Annual value,,91.700000,E
BFA,2011-01-01,2011-12-31,233,'854,Burkina Faso,221,'01371,"Almonds, in shell",5539,Producer Price Index (2014-2016 = 100),2011,2011,7021,Annual value,,93.760000,E
BFA,2012-01-01,2012-12-31,233,'854,Burkina Faso,221,'01371,"Almonds, in shell",5539,Producer Price Index (2014-2016 = 100),2012,2012,7021,Annual value,,95.950000,E
BFA,2013-01-01,2013-12-31,233,'854,Burkina Faso,221,'01371,"Almonds, in shell",5539,Producer Price Index (2014-2016 = 100),2013,2013,7021,Annual value,,97.480000,E
BFA,2014-01-01,2014-12-31,233,'854,Burkina Faso,221,'01371,"Almonds, in shell",5539,Producer Price Index (2014-2016 = 100),2014,2014,7021,Annual value,,99.240000,E
BFA,2015-01-01,2015-12-31,233,'854,Burkina Faso,221,'01371,"Almonds, in shell",5539,Producer Price Index (2014-2016 = 100),2015,2015,7021,Annual value,,99.400000,E
BFA,2016-01-01,2016-12-31,233,'854,Burkina Faso,221,'01371,"Almonds, in shell",5539,Producer Price Index (2014-2016 = 100),2016,2016,7021,Annual value,,101.360000,E
BFA,2017-01-01,2017-12-31,233,'854,Burkina Faso,221,'01371,"Almonds, in shell",5539,Producer Price Index (2014-2016 = 100),2017,2017,7021,Annual value,,103.290000,E
BFA,2018-01-01,2018-12-31,233,'854,Burkina Faso,221,'01371,"Almonds, in shell",5539,Producer Price Index (2014-2016 = 100),2018,2018,7021,Annual value,,104.540000,E
BFA,2019-01-01,2019-12-31,233,'854,Burkina Faso,221,'01371,"Almonds, in shell",5539,Producer Price Index (2014-2016 = 100),2019,2019,7021,Annual value,,106.400000,E
BFA,2020-01-01,2020-12-31,233,'854,Burkina Faso,221,'01371,"Almonds, in shell",5539,Producer Price Index (2014-2016 = 100),2020,2020,7021,Annual value,,106.280000,E
BFA,2021-01-01,2021-12-31,233,'854,Burkina Faso,221,'01371,"Almonds, in shell",5539,Producer Price Index (2014-2016 = 100),2021,2021,7021,Annual value,,102.370000,E
BFA,2022-01-01,2022-12-31,233,'854,Burkina Faso,221,'01371,"Almonds, in shell",5539,Producer Price Index (2014-2016 = 100),2022,2022,7021,Annual value,,134.310000,E
BFA,2023-01-01,2023-12-31,233,'854,Burkina Faso,221,'01371,"Almonds, in shell",5539,Producer Price Index (2014-2016 = 100),2023,2023,7021,Annual value,,105.200000,E
BFA,2024-01-01,2024-12-31,233,'854,Burkina Faso,221,'01371,"Almonds, in shell",5539,Producer Price Index (2014-2016 = 100),2024,2024,7021,Annual value,,117.670000,E
BFA,2025-01-01,2025-12-31,233,'854,Burkina Faso,221,'01371,"Almonds, in shell",5539,Producer Price Index (2014-2016 = 100),2025,2025,7021,Annual value,,117.390000,E
BFA,2017-07-01,2017-07-31,233,'854,Burkina Faso,711,'01654,"Anise, badian, coriander, cumin, caraway, fennel and juniper berries, raw",5530,Producer Price (LCU/tonne),2017,2017,7007,July,LCU,5908.000000,A
BFA,2017-08-01,2017-08-31,233,'854,Burkina Faso,711,'01654,"Anise, badian, coriander, cumin, caraway, fennel and juniper berries, raw",5530,Producer Price (LCU/tonne),2017,2017,7008,August,LCU,5869.000000,A
BFA,2017-09-01,2017-09-30,233,'854,Burkina Faso,711,'01654,"Anise, badian, coriander, cumin, caraway, fennel and juniper berries, raw",5530,Producer Price (LCU/tonne),2017,2017,7009,September,LCU,5872.000000,A
BFA,2017-10-01,2017-10-31,233,'854,Burkina Faso,711,'01654,"Anise, badian, coriander, cumin, caraway, fennel and juniper berries, raw",5530,Producer Price (LCU/tonne),2017,2017,7010,October,LCU,5872.000000,A
BFA,2017-07-01,2017-07-31,233,'854,Burkina Faso,515,'01341,Apples,5530,Producer Price (LCU/tonne),2017,2017,7007,July,LCU,1145.000000,A
BFA,2017-08-01,2017-08-31,233,'854,Burkina Faso,515,'01341,Apples,5530,Producer Price (LCU/tonne),2017,2017,7008,August,LCU,1195.000000,A
BFA,2017-09-01,2017-09-30,233,'854,Burkina Faso,515,'01341,Apples,5530,Producer Price (LCU/tonne),2017,2017,7009,September,LCU,1149.000000,A
BFA,2017-10-01,2017-10-31,233,'854,Burkina Faso,515,'01341,Apples,5530,Producer Price (LCU/tonne),2017,2017,7010,October,LCU,1176.000000,A
BFA,2017-11-01,2017-11-30,233,'854,Burkina Faso,515,'01341,Apples,5530,Producer Price (LCU/tonne),2017,2017,7011,November,LCU,1231.000000,A
BFA,2017-05-01,2017-05-31,233,'854,Burkina Faso,526,'01343,Apricots,5530,Producer Price (LCU/tonne),2017,2017,7005,May,LCU,2193.000000,A
BFA,2017-06-01,2017-06-30,233,'854,Burkina Faso,526,'01343,Apricots,5530,Producer Price (LCU/tonne),2017,2017,7006,June,LCU,2144.000000,A
BFA,2017-07-01,2017-07-31,233,'854,Burkina Faso,526,'01343,Apricots,5530,Producer Price (LCU/tonne),2017,2017,7007,July,LCU,1777.000000,A
BFA,2017-08-01,2017-08-31,233,'854,Burkina Faso,526,'01343,Apricots,5530,Producer Price (LCU/tonne),2017,2017,7008,August,LCU,1768.000000,A
BFA,2017-01-01,2017-01-31,233,'854,Burkina Faso,366,'01216,Artichokes,5530,Producer Price (LCU/tonne),2017,2017,7001,January,LCU,4357.000000,A
BFA,2017-02-01,2017-02-28,233,'854,Burkina Faso,366,'01216,Artichokes,5530,Producer Price (LCU/tonne),2017,2017,7002,February,LCU,4597.000000,A
BFA,2017-03-01,2017-03-31,233,'854,Burkina Faso,366,'01216,Artichokes,5530,Producer Price (LCU/tonne),2017,2017,7003,March,LCU,4506.000000,A
BFA,2017-04-01,2017-04-30,233,'854,Burkina Faso,366,'01216,Artichokes,5530,Producer Price (LCU/tonne),2017,2017,7004,April,LCU,4377.000000,A
BFA,2017-05-01,2017-05-31,233,'854,Burkina Faso,366,'01216,Artichokes,5530,Producer Price (LCU/tonne),2017,2017,7005,May,LCU,3774.000000,A
BFA,2017-06-01,2017-06-30,233,'854,Burkina Faso,366,'01216,Artichokes,5530,Producer Price (LCU/tonne),2017,2017,7006,June,LCU,3954.000000,A
BFA,2017-07-01,2017-07-31,233,'854,Burkina Faso,366,'01216,Artichokes,5530,Producer Price (LCU/tonne),2017,2017,7007,July,LCU,3764.000000,A
BFA,2017-08-01,2017-08-31,233,'854,Burkina Faso,366,'01216,Artichokes,5530,Producer Price (LCU/tonne),2017,2017,7008,August,LCU,4251.000000,A
BFA,2017-09-01,2017-09-30,233,'854,Burkina Faso,366,'01216,Artichokes,5530,Producer Price (LCU/tonne),2017,2017,7009,September,LCU,5000.000000,A
BFA,2017-10-01,2017-10-31,233,'854,Burkina Faso,366,'01216,Artichokes,5530,Producer Price (LCU/tonne),2017,2017,7010,October,LCU,5000.000000,A
BFA,2017-11-01,2017-11-30,233,'854,Burkina Faso,366,'01216,Artichokes,5530,Producer Price (LCU/tonne),2017,2017,7011,November,LCU,4327.000000,A
BFA,2017-12-01,2017-12-31,233,'854,Burkina Faso,366,'01216,Artichokes,5530,Producer Price (LCU/tonne),2017,2017,7012,December,LCU,3429.000000,A
BFA,2017-01-01,2017-01-31,233,'854,Burkina Faso,572,'01311,Avocados,5530,Producer Price (LCU/tonne),2017,2017,7001,January,LCU,4313.000000,A
BFA,2017-02-01,2017-02-28,233,'854,Burkina Faso,572,'01311,Avocados,5530,Producer Price (LCU/tonne),2017,2017,7002,February,LCU,6139.000000,A
BFA,2017-03-01,2017-03-31,233,'854,Burkina Faso,572,'01311,Avocados,5530,Producer Price (LCU/tonne),2017,2017,7003,March,LCU,6569.000000,A
BFA,2017-04-01,2017-04-30,233,'854,Burkina Faso,572,'01311,Avocados,5530,Producer Price (LCU/tonne),2017,2017,7004,April,LCU,7366.000000,A
BFA,2017-05-01,2017-05-31,233,'854,Burkina Faso,572,'01311,Avocados,5530,Producer Price (LCU/tonne),2017,2017,7005,May,LCU,7379.000000,A
BFA,2017-06-01,2017-06-30,233,'854,Burkina Faso,572,'01311,Avocados,5530,Producer Price (LCU/tonne),2017,2017,7006,June,LCU,7379.000000,A
BFA,2017-07-01,2017-07-31,233,'854,Burkina Faso,572,'01311,Avocados,5530,Producer Price (LCU/tonne),2017,2017,7007,July,LCU,7379.000000,A
BFA,2017-08-01,2017-08-31,233,'854,Burkina Faso,572,'01311,Avocados,5530,Producer Price (LCU/tonne),2017,2017,7008,August,LCU,7767.000000,A
BFA,2017-09-01,2017-09-30,233,'854,Burkina Faso,572,'01311,Avocados,5530,Producer Price (LCU/tonne),2017,2017,7009,September,LCU,7612.000000,A
BFA,2017-10-01,2017-10-31,233,'854,Burkina Faso,572,'01311,Avocados,5530,Producer Price (LCU/tonne),2017,2017,7010,October,LCU,6431.000000,A
BFA,2017-11-01,2017-11-30,233,'854,Burkina Faso,572,'01311,Avocados,5530,Producer Price (LCU/tonne),2017,2017,7011,November,LCU,6097.000000,A
BFA,2017-12-01,2017-12-31,233,'854,Burkina Faso,572,'01311,Avocados,5530,Producer Price (LCU/tonne),2017,2017,7012,December,LCU,6337.000000,A
BFA,1997-01-01,1997-12-31,233,'854,Burkina Faso,203,'01708,"Bambara beans, dry",5530,Producer Price (LCU/tonne),1997,1997,7021,Annual value,LCU,137350.000000,A
BFA,1998-01-01,1998-12-31,233,'854,Burkina Faso,203,'01708,"Bambara beans, dry",5530,Producer Price (LCU/tonne),1998,1998,7021,Annual value,LCU,135621.000000,A
BFA,1999-01-01,1999-12-31,233,'854,Burkina Faso,203,'01708,"Bambara beans, dry",5530,Producer Price (LCU/tonne),1999,1999,7021,Annual value,LCU,104822.600000,A
BFA,2000-01-01,2000-12-31,233,'854,Burkina Faso,203,'01708,"Bambara beans, dry",5530,Producer Price (LCU/tonne),2000,2000,7021,Annual value,LCU,80965.000000,A
BFA,2001-01-01,2001-12-31,233,'854,Burkina Faso,203,'01708,"Bambara beans, dry",5530,Producer Price (LCU/tonne),2001,2001,7021,Annual value,LCU,182000.000000,A
BFA,2002-01-01,2002-12-31,233,'854,Burkina Faso,203,'01708,"Bambara beans, dry",5530,Producer Price (LCU/tonne),2002,2002,7021,Annual value,LCU,183456.000000,A
BFA,2003-01-01,2003-12-31,233,'854,Burkina Faso,203,'01708,"Bambara beans, dry",5530,Producer Price (LCU/tonne),2003,2003,7021,Annual value,LCU,54522.100000,A
BFA,2004-01-01,2004-12-31,233,'854,Burkina Faso,203,'01708,"Bambara beans, dry",5530,Producer Price (LCU/tonne),2004,2004,7021,Annual value,LCU,56157.800000,A
BFA,2005-01-01,2005-12-31,233,'854,Burkina Faso,203,'01708,"Bambara beans, dry",5530,Producer Price (LCU/tonne),2005,2005,7021,Annual value,LCU,57800.000000,A
BFA,2006-01-01,2006-12-31,233,'854,Burkina Faso,203,'01708,"Bambara beans, dry",5530,Producer Price (LCU/tonne),2006,2006,7021,Annual value,LCU,122550.300000,A
BFA,2007-01-01,2007-12-31,233,'854,Burkina Faso,203,'01708,"Bambara beans, dry",5530,Producer Price (LCU/tonne),2007,2007,7021,Annual value,LCU,128181.500000,A
BFA,1997-01-01,1997-12-31,233,'854,Burkina Faso,203,'01708,"Bambara beans, dry",5531,Producer Price (SLC/tonne),1997,1997,7021,Annual value,SLC,137350.000000,A
BFA,1998-01-01,1998-12-31,233,'854,Burkina Faso,203,'01708,"Bambara beans, dry",5531,Producer Price (SLC/tonne),1998,1998,7021,Annual value,SLC,135621.000000,A
BFA,1999-01-01,1999-12-31,233,'854,Burkina Faso,203,'01708,"Bambara beans, dry",5531,Producer Price (SLC/tonne),1999,1999,7021,Annual value,SLC,104822.600000,A
BFA,2000-01-01,2000-12-31,233,'854,Burkina Faso,203,'01708,"Bambara beans, dry",5531,Producer Price (SLC/tonne),2000,2000,7021,Annual value,SLC,80965.000000,A
BFA,2001-01-01,2001-12-31,233,'854,Burkina Faso,203,'01708,"Bambara beans, dry",5531,Producer Price (SLC/tonne),2001,2001,7021,Annual value,SLC,182000.000000,A
BFA,2002-01-01,2002-12-31,233,'854,Burkina Faso,203,'01708,"Bambara beans, dry",5531,Producer Price (SLC/tonne),2002,2002,7021,Annual value,SLC,183456.000000,A
BFA,2003-01-01,2003-12-31,233,'854,Burkina Faso,203,'01708,"Bambara beans, dry",5531,Producer Price (SLC/tonne),2003,2003,7021,Annual value,SLC,54522.100000,A
BFA,2004-01-01,2004-12-31,233,'854,Burkina Faso,203,'01708,"Bambara beans, dry",5531,Producer Price (SLC/tonne),2004,2004,7021,Annual value,SLC,56157.800000,A
BFA,2005-01-01,2005-12-31,233,'854,Burkina Faso,203,'01708,"Bambara beans, dry",5531,Producer Price (SLC/tonne),2005,2005,7021,Annual value,SLC,57800.000000,A
BFA,2006-01-01,2006-12-31,233,'854,Burkina Faso,203,'01708,"Bambara beans, dry",5531,Producer Price (SLC/tonne),2006,2006,7021,Annual value,SLC,122550.300000,A
BFA,2007-01-01,2007-12-31,233,'854,Burkina Faso,203,'01708,"Bambara beans, dry",5531,Producer Price (SLC/tonne),2007,2007,7021,Annual value,SLC,128181.500000,A
BFA,1997-01-01,1997-12-31,233,'854,Burkina Faso,203,'01708,"Bambara beans, dry",5532,Producer Price (USD/tonne),1997,1997,7021,Annual value,USD,235.300000,A
BFA,1998-01-01,1998-12-31,233,'854,Burkina Faso,203,'01708,"Bambara beans, dry",5532,Producer Price (USD/tonne),1998,1998,7021,Annual value,USD,229.900000,A
BFA,1999-01-01,1999-12-31,233,'854,Burkina Faso,203,'01708,"Bambara beans, dry",5532,Producer Price (USD/tonne),1999,1999,7021,Annual value,USD,170.200000,A
BFA,2000-01-01,2000-12-31,233,'854,Burkina Faso,203,'01708,"Bambara beans, dry",5532,Producer Price (USD/tonne),2000,2000,7021,Annual value,USD,113.700000,A
BFA,2001-01-01,2001-12-31,233,'854,Burkina Faso,203,'01708,"Bambara beans, dry",5532,Producer Price (USD/tonne),2001,2001,7021,Annual value,USD,248.300000,A
BFA,2002-01-01,2002-12-31,233,'854,Burkina Faso,203,'01708,"Bambara beans, dry",5532,Producer Price (USD/tonne),2002,2002,7021,Annual value,USD,263.200000,A
BFA,2003-01-01,2003-12-31,233,'854,Burkina Faso,203,'01708,"Bambara beans, dry",5532,Producer Price (USD/tonne),2003,2003,7021,Annual value,USD,93.800000,A
BFA,2004-01-01,2004-12-31,233,'854,Burkina Faso,203,'01708,"Bambara beans, dry",5532,Producer Price (USD/tonne),2004,2004,7021,Annual value,USD,106.300000,A
BFA,2005-01-01,2005-12-31,233,'854,Burkina Faso,203,'01708,"Bambara beans, dry",5532,Producer Price (USD/tonne),2005,2005,7021,Annual value,USD,109.600000,A
BFA,2006-01-01,2006-12-31,233,'854,Burkina Faso,203,'01708,"Bambara beans, dry",5532,Producer Price (USD/tonne),2006,2006,7021,Annual value,USD,234.400000,A
BFA,2007-01-01,2007-12-31,233,'854,Burkina Faso,203,'01708,"Bambara beans, dry",5532,Producer Price (USD/tonne),2007,2007,7021,Annual value,USD,267.500000,A
BFA,1991-01-01,1991-12-31,233,'854,Burkina Faso,203,'01708,"Bambara beans, dry",5539,Producer Price Index (2014-2016 = 100),1991,1991,7021,Annual value,,57.670000,E
BFA,1992-01-01,1992-12-31,233,'854,Burkina Faso,203,'01708,"Bambara beans, dry",5539,Producer Price Index (2014-2016 = 100),1992,1992,7021,Annual value,,59.150000,E
BFA,1993-01-01,1993-12-31,233,'854,Burkina Faso,203,'01708,"Bambara beans, dry",5539,Producer Price Index (2014-2016 = 100),1993,1993,7021,Annual value,,48.220000,E
BFA,1994-01-01,1994-12-31,233,'854,Burkina Faso,203,'01708,"Bambara beans, dry",5539,Producer Price Index (2014-2016 = 100),1994,1994,7021,Annual value,,64.440000,E
BFA,1995-01-01,1995-12-31,233,'854,Burkina Faso,203,'01708,"Bambara beans, dry",5539,Producer Price Index (2014-2016 = 100),1995,1995,7021,Annual value,,64.440000,E
BFA,1996-01-01,1996-12-31,233,'854,Burkina Faso,203,'01708,"Bambara beans, dry",5539,Producer Price Index (2014-2016 = 100),1996,1996,7021,Annual value,,90.330000,E
BFA,1997-01-01,1997-12-31,233,'854,Burkina Faso,203,'01708,"Bambara beans, dry",5539,Producer Price Index (2014-2016 = 100),1997,1997,7021,Annual value,,110.910000,E
BFA,1998-01-01,1998-12-31,233,'854,Burkina Faso,203,'01708,"Bambara beans, dry",5539,Producer Price Index (2014-2016 = 100),1998,1998,7021,Annual value,,109.520000,E
BFA,1999-01-01,1999-12-31,233,'854,Burkina Faso,203,'01708,"Bambara beans, dry",5539,Producer Price Index (2014-2016 = 100),1999,1999,7021,Annual value,,84.650000,E
BFA,2000-01-01,2000-12-31,233,'854,Burkina Faso,203,'01708,"Bambara beans, dry",5539,Producer Price Index (2014-2016 = 100),2000,2000,7021,Annual value,,65.380000,E
BFA,2001-01-01,2001-12-31,233,'854,Burkina Faso,203,'01708,"Bambara beans, dry",5539,Producer Price Index (2014-2016 = 100),2001,2001,7021,Annual value,,146.970000,E
BFA,2002-01-01,2002-12-31,233,'854,Burkina Faso,203,'01708,"Bambara beans, dry",5539,Producer Price Index (2014-2016 = 100),2002,2002,7021,Annual value,,148.140000,E
BFA,2003-01-01,2003-12-31,233,'854,Burkina Faso,203,'01708,"Bambara beans, dry",5539,Producer Price Index (2014-2016 = 100),2003,2003,7021,Annual value,,44.030000,E
BFA,2004-01-01,2004-12-31,233,'854,Burkina Faso,203,'01708,"Bambara beans, dry",5539,Producer Price Index (2014-2016 = 100),2004,2004,7021,Annual value,,45.350000,E
BFA,2005-01-01,2005-12-31,233,'854,Burkina Faso,203,'01708,"Bambara beans, dry",5539,Producer Price Index (2014-2016 = 100),2005,2005,7021,Annual value,,46.670000,E
BFA,2006-01-01,2006-12-31,233,'854,Burkina Faso,203,'01708,"Bambara beans, dry",5539,Producer Price Index (2014-2016 = 100),2006,2006,7021,Annual value,,98.960000,E
BFA,2007-01-01,2007-12-31,233,'854,Burkina Faso,203,'01708,"Bambara beans, dry",5539,Producer Price Index (2014-2016 = 100),2007,2007,7021,Annual value,,103.510000,E
BFA,2008-01-01,2008-12-31,233,'854,Burkina Faso,203,'01708,"Bambara beans, dry",5539,Producer Price Index (2014-2016 = 100),2008,2008,7021,Annual value,,106.830000,E
BFA,2009-01-01,2009-12-31,233,'854,Burkina Faso,203,'01708,"Bambara beans, dry",5539,Producer Price Index (2014-2016 = 100),2009,2009,7021,Annual value,,110.000000,E
BFA,2010-01-01,2010-12-31,233,'854,Burkina Faso,203,'01708,"Bambara beans, dry",5539,Producer Price Index (2014-2016 = 100),2010,2010,7021,Annual value,,113.220000,E
BFA,2011-01-01,2011-12-31,233,'854,Burkina Faso,203,'01708,"Bambara beans, dry",5539,Producer Price Index (2014-2016 = 100),2011,2011,7021,Annual value,,116.800000,E
BFA,2012-01-01,2012-12-31,233,'854,Burkina Faso,203,'01708,"Bambara beans, dry",5539,Producer Price Index (2014-2016 = 100),2012,2012,7021,Annual value,,120.730000,E
BFA,2013-01-01,2013-12-31,233,'854,Burkina Faso,203,'01708,"Bambara beans, dry",5539,Producer Price Index (2014-2016 = 100),2013,2013,7021,Annual value,,104.250000,E
BFA,2014-01-01,2014-12-31,233,'854,Burkina Faso,203,'01708,"Bambara beans, dry",5539,Producer Price Index (2014-2016 = 100),2014,2014,7021,Annual value,,105.820000,E
BFA,2015-01-01,2015-12-31,233,'854,Burkina Faso,203,'01708,"Bambara beans, dry",5539,Producer Price Index (2014-2016 = 100),2015,2015,7021,Annual value,,95.270000,E
BFA,2016-01-01,2016-12-31,233,'854,Burkina Faso,203,'01708,"Bambara beans, dry",5539,Producer Price Index (2014-2016 = 100),2016,2016,7021,Annual value,,98.910000,E
BFA,2017-01-01,2017-12-31,233,'854,Burkina Faso,203,'01708,"Bambara beans, dry",5539,Producer Price Index (2014-2016 = 100),2017,2017,7021,Annual value,,102.460000,E
BFA,2018-01-01,2018-12-31,233,'854,Burkina Faso,203,'01708,"Bambara beans, dry",5539,Producer Price Index (2014-2016 = 100),2018,2018,7021,Annual value,,105.860000,E
BFA,2019-01-01,2019-12-31,233,'854,Burkina Faso,203,'01708,"Bambara beans, dry",5539,Producer Price Index (2014-2016 = 100),2019,2019,7021,Annual value,,109.060000,E
BFA,2020-01-01,2020-12-31,233,'854,Burkina Faso,203,'01708,"Bambara beans, dry",5539,Producer Price Index (2014-2016 = 100),2020,2020,7021,Annual value,,107.370000,E
BFA,2021-01-01,2021-12-31,233,'854,Burkina Faso,203,'01708,"Bambara beans, dry",5539,Producer Price Index (2014-2016 = 100),2021,2021,7021,Annual value,,111.830000,E
BFA,2022-01-01,2022-12-31,233,'854,Burkina Faso,203,'01708,"Bambara beans, dry",5539,Producer Price Index (2014-2016 = 100),2022,2022,7021,Annual value,,143.960000,E
BFA,2023-01-01,2023-12-31,233,'854,Burkina Faso,203,'01708,"Bambara beans, dry",5539,Producer Price Index (2014-2016 = 100),2023,2023,7021,Annual value,,125.410000,E
BFA,2024-01-01,2024-12-31,233,'854,Burkina Faso,203,'01708,"Bambara beans, dry",5539,Producer Price Index (2014-2016 = 100),2024,2024,7021,Annual value,,122.280000,E
BFA,2025-01-01,2025-12-31,233,'854,Burkina Faso,203,'01708,"Bambara beans, dry",5539,Producer Price Index (2014-2016 = 100),2025,2025,7021,Annual value,,130.280000,E
BFA,2017-07-01,2017-07-31,233,'854,Burkina Faso,486,'01312,Bananas,5530,Producer Price (LCU/tonne),2017,2017,7007,July,LCU,2258.000000,A
BFA,2017-08-01,2017-08-31,233,'854,Burkina Faso,486,'01312,Bananas,5530,Producer Price (LCU/tonne),2017,2017,7008,August,LCU,2262.000000,A
BFA,2017-09-01,2017-09-30,233,'854,Burkina Faso,486,'01312,Bananas,5530,Producer Price (LCU/tonne),2017,2017,7009,September,LCU,2262.000000,A
BFA,2017-10-01,2017-10-31,233,'854,Burkina Faso,486,'01312,Bananas,5530,Producer Price (LCU/tonne),2017,2017,7010,October,LCU,2562.000000,A
BFA,2017-11-01,2017-11-30,233,'854,Burkina Faso,486,'01312,Bananas,5530,Producer Price (LCU/tonne),2017,2017,7011,November,LCU,2480.000000,A
BFA,2017-12-01,2017-12-31,233,'854,Burkina Faso,486,'01312,Bananas,5530,Producer Price (LCU/tonne),2017,2017,7012,December,LCU,2565.000000,A
BFA,2017-01-01,2017-01-31,233,'854,Burkina Faso,44,'0115,Barley,5530,Producer Price (LCU/tonne),2017,2017,7001,January,LCU,720.000000,A
BFA,2017-02-01,2017-02-28,233,'854,Burkina Faso,44,'0115,Barley,5530,Producer Price (LCU/tonne),2017,2017,7002,February,LCU,735.000000,A
BFA,2017-03-01,2017-03-31,233,'854,Burkina Faso,44,'0115,Barley,5530,Producer Price (LCU/tonne),2017,2017,7003,March,LCU,741.000000,A
BFA,2017-04-01,2017-04-30,233,'854,Burkina Faso,44,'0115,Barley,5530,Producer Price (LCU/tonne),2017,2017,7004,April,LCU,755.000000,A
BFA,2017-05-01,2017-05-31,233,'854,Burkina Faso,44,'0115,Barley,5530,Producer Price (LCU/tonne),2017,2017,7005,May,LCU,777.000000,A
BFA,2017-06-01,2017-06-30,233,'854,Burkina Faso,44,'0115,Barley,5530,Producer Price (LCU/tonne),2017,2017,7006,June,LCU,784.000000,A
BFA,2017-07-01,2017-07-31,233,'854,Burkina Faso,44,'0115,Barley,5530,Producer Price (LCU/tonne),2017,2017,7007,July,LCU,781.000000,A
BFA,2017-08-01,2017-08-31,233,'854,Burkina Faso,44,'0115,Barley,5530,Producer Price (LCU/tonne),2017,2017,7008,August,LCU,798.000000,A
BFA,2017-09-01,2017-09-30,233,'854,Burkina Faso,44,'0115,Barley,5530,Producer Price (LCU/tonne),2017,2017,7009,September,LCU,800.000000,A
BFA,2017-10-01,2017-10-31,233,'854,Burkina Faso,44,'0115,Barley,5530,Producer Price (LCU/tonne),2017,2017,7010,October,LCU,800.000000,A
BFA,2017-11-01,2017-11-30,233,'854,Burkina Faso,44,'0115,Barley,5530,Producer Price (LCU/tonne),2017,2017,7011,November,LCU,808.000000,A
BFA,2017-12-01,2017-12-31,233,'854,Burkina Faso,44,'0115,Barley,5530,Producer Price (LCU/tonne),2017,2017,7012,December,LCU,815.000000,A
BFA,2017-01-01,2017-01-31,233,'854,Burkina Faso,176,'01701,"Beans, dry",5530,Producer Price (LCU/tonne),2017,2017,7001,January,LCU,3950.000000,A
BFA,2017-02-01,2017-02-28,233,'854,Burkina Faso,176,'01701,"Beans, dry",5530,Producer Price (LCU/tonne),2017,2017,7002,February,LCU,4037.000000,A
BFA,2017-03-01,2017-03-31,233,'854,Burkina Faso,176,'01701,"Beans, dry",5530,Producer Price (LCU/tonne),2017,2017,7003,March,LCU,3994.000000,A
BFA,2017-04-01,2017-04-30,233,'854,Burkina Faso,176,'01701,"Beans, dry",5530,Producer Price (LCU/tonne),2017,2017,7004,April,LCU,3963.000000,A
BFA,2017-05-01,2017-05-31,233,'854,Burkina Faso,176,'01701,"Beans, dry",5530,Producer Price (LCU/tonne),2017,2017,7005,May,LCU,3903.000000,A
BFA,2017-06-01,2017-06-30,233,'854,Burkina Faso,176,'01701,"Beans, dry",5530,Producer Price (LCU/tonne),2017,2017,7006,June,LCU,3972.000000,A
BFA,2017-07-01,2017-07-31,233,'854,Burkina Faso,176,'01701,"Beans, dry",5530,Producer Price (LCU/tonne),2017,2017,7007,July,LCU,3973.000000,A
BFA,2017-08-01,2017-08-31,233,'854,Burkina Faso,176,'01701,"Beans, dry",5530,Producer Price (LCU/tonne),2017,2017,7008,August,LCU,3977.000000,A
BFA,2017-09-01,2017-09-30,233,'854,Burkina Faso,176,'01701,"Beans, dry",5530,Producer Price (LCU/tonne),2017,2017,7009,September,LCU,3882.000000,A
BFA,2017-10-01,2017-10-31,233,'854,Burkina Faso,176,'01701,"Beans, dry",5530,Producer Price (LCU/tonne),2017,2017,7010,October,LCU,3896.000000,A
BFA,2017-11-01,2017-11-30,233,'854,Burkina Faso,176,'01701,"Beans, dry",5530,Producer Price (LCU/tonne),2017,2017,7011,November,LCU,4081.000000,A
BFA,2017-12-01,2017-12-31,233,'854,Burkina Faso,176,'01701,"Beans, dry",5530,Producer Price (LCU/tonne),2017,2017,7012,December,LCU,4089.000000,A
BFA,2017-01-01,2017-01-31,233,'854,Burkina Faso,1183,'02960.01,Beeswax,5530,Producer Price (LCU/tonne),2017,2017,7001,January,LCU,21206.000000,A
BFA,2017-02-01,2017-02-28,233,'854,Burkina Faso,1183,'02960.01,Beeswax,5530,Producer Price (LCU/tonne),2017,2017,7002,February,LCU,21905.000000,A
BFA,2017-03-01,2017-03-31,233,'854,Burkina Faso,1183,'02960.01,Beeswax,5530,Producer Price (LCU/tonne),2017,2017,7003,March,LCU,22452.000000,A
BFA,2017-04-01,2017-04-30,233,'854,Burkina Faso,1183,'02960.01,Beeswax,5530,Producer Price (LCU/tonne),2017,2017,7004,April,LCU,22668.000000,A
BFA,2017-05-01,2017-05-31,233,'854,Burkina Faso,1183,'02960.01,Beeswax,5530,Producer Price (LCU/tonne),2017,2017,7005,May,LCU,23267.000000,A
BFA,2017-06-01,2017-06-30,233,'854,Burkina Faso,1183,'02960.01,Beeswax,5530,Producer Price (LCU/tonne),2017,2017,7006,June,LCU,23665.000000,A
BFA,2017-07-01,2017-07-31,233,'854,Burkina Faso,1183,'02960.01,Beeswax,5530,Producer Price (LCU/tonne),2017,2017,7007,July,LCU,24014.000000,A
BFA,2017-08-01,2017-08-31,233,'854,Burkina Faso,1183,'02960.01,Beeswax,5530,Producer Price (LCU/tonne),2017,2017,7008,August,LCU,24279.000000,A
BFA,2017-09-01,2017-09-30,233,'854,Burkina Faso,1183,'02960.01,Beeswax,5530,Producer Price (LCU/tonne),2017,2017,7009,September,LCU,24509.000000,A
BFA,2017-10-01,2017-10-31,233,'854,Burkina Faso,1183,'02960.01,Beeswax,5530,Producer Price (LCU/tonne),2017,2017,7010,October,LCU,24624.000000,A
BFA,2017-11-01,2017-11-30,233,'854,Burkina Faso,1183,'02960.01,Beeswax,5530,Producer Price (LCU/tonne),2017,2017,7011,November,LCU,24892.000000,A
BFA,2017-12-01,2017-12-31,233,'854,Burkina Faso,1183,'02960.01,Beeswax,5530,Producer Price (LCU/tonne),2017,2017,7012,December,LCU,24979.000000,A
BFA,2017-01-01,2017-01-31,233,'854,Burkina Faso,181,'01702,"Broad beans and horse beans, dry",5530,Producer Price (LCU/tonne),2017,2017,7001,January,LCU,1936.000000,A
BFA,2017-02-01,2017-02-28,233,'854,Burkina Faso,181,'01702,"Broad beans and horse beans, dry",5530,Producer Price (LCU/tonne),2017,2017,7002,February,LCU,1867.000000,A
BFA,2017-03-01,2017-03-31,233,'854,Burkina Faso,181,'01702,"Broad beans and horse beans, dry",5530,Producer Price (LCU/tonne),2017,2017,7003,March,LCU,1891.000000,A
BFA,2017-04-01,2017-04-30,233,'854,Burkina Faso,181,'01702,"Broad beans and horse beans, dry",5530,Producer Price (LCU/tonne),2017,2017,7004,April,LCU,1891.000000,A
BFA,2017-05-01,2017-05-31,233,'854,Burkina Faso,181,'01702,"Broad beans and horse beans, dry",5530,Producer Price (LCU/tonne),2017,2017,7005,May,LCU,1890.000000,A
BFA,2017-06-01,2017-06-30,233,'854,Burkina Faso,181,'01702,"Broad beans and horse beans, dry",5530,Producer Price (LCU/tonne),2017,2017,7006,June,LCU,1894.000000,A
BFA,2017-07-01,2017-07-31,233,'854,Burkina Faso,181,'01702,"Broad beans and horse beans, dry",5530,Producer Price (LCU/tonne),2017,2017,7007,July,LCU,1865.000000,A
BFA,2017-08-01,2017-08-31,233,'854,Burkina Faso,181,'01702,"Broad beans and horse beans, dry",5530,Producer Price (LCU/tonne),2017,2017,7008,August,LCU,1857.000000,A
BFA,2017-09-01,2017-09-30,233,'854,Burkina Faso,181,'01702,"Broad beans and horse beans, dry",5530,Producer Price (LCU/tonne),2017,2017,7009,September,LCU,1867.000000,A
BFA,2017-10-01,2017-10-31,233,'854,Burkina Faso,181,'01702,"Broad beans and horse beans, dry",5530,Producer Price (LCU/tonne),2017,2017,7010,October,LCU,1884.000000,A
BFA,2017-11-01,2017-11-30,233,'854,Burkina Faso,181,'01702,"Broad beans and horse beans, dry",5530,Producer Price (LCU/tonne),2017,2017,7011,November,LCU,1887.000000,A
BFA,2017-12-01,2017-12-31,233,'854,Burkina Faso,181,'01702,"Broad beans and horse beans, dry",5530,Producer Price (LCU/tonne),2017,2017,7012,December,LCU,1948.000000,A
BFA,2017-01-01,2017-01-31,233,'854,Burkina Faso,420,'01243,"Broad beans and horse beans, green",5530,Producer Price (LCU/tonne),2017,2017,7001,January,LCU,2410.000000,A
BFA,2017-02-01,2017-02-28,233,'854,Burkina Faso,420,'01243,"Broad beans and horse beans, green",5530,Producer Price (LCU/tonne),2017,2017,7002,February,LCU,2645.000000,A
BFA,2017-03-01,2017-03-31,233,'854,Burkina Faso,420,'01243,"Broad beans and horse beans, green",5530,Producer Price (LCU/tonne),2017,2017,7003,March,LCU,2115.000000,A
BFA,2017-04-01,2017-04-30,233,'854,Burkina Faso,420,'01243,"Broad beans and horse beans, green",5530,Producer Price (LCU/tonne),2017,2017,7004,April,LCU,2142.000000,A
BFA,2017-05-01,2017-05-31,233,'854,Burkina Faso,420,'01243,"Broad beans and horse beans, green",5530,Producer Price (LCU/tonne),2017,2017,7005,May,LCU,2123.000000,A
BFA,2017-06-01,2017-06-30,233,'854,Burkina Faso,420,'01243,"Broad beans and horse beans, green",5530,Producer Price (LCU/tonne),2017,2017,7006,June,LCU,2024.000000,A
BFA,2017-07-01,2017-07-31,233,'854,Burkina Faso,420,'01243,"Broad beans and horse beans, green",5530,Producer Price (LCU/tonne),2017,2017,7007,July,LCU,1975.000000,A
BFA,2017-08-01,2017-08-31,233,'854,Burkina Faso,420,'01243,"Broad beans and horse beans, green",5530,Producer Price (LCU/tonne),2017,2017,7008,August,LCU,1851.000000,A
BFA,2017-09-01,2017-09-30,233,'854,Burkina Faso,420,'01243,"Broad beans and horse beans, green",5530,Producer Price (LCU/tonne),2017,2017,7009,September,LCU,1961.000000,A
BFA,2017-01-01,2017-01-31,233,'854,Burkina Faso,358,'01212,Cabbages,5530,Producer Price (LCU/tonne),2017,2017,7001,January,LCU,944.000000,A
BFA,2017-02-01,2017-02-28,233,'854,Burkina Faso,358,'01212,Cabbages,5530,Producer Price (LCU/tonne),2017,2017,7002,February,LCU,977.000000,A
BFA,2017-03-01,2017-03-31,233,'854,Burkina Faso,358,'01212,Cabbages,5530,Producer Price (LCU/tonne),2017,2017,7003,March,LCU,851.000000,A
BFA,2017-04-01,2017-04-30,233,'854,Burkina Faso,358,'01212,Cabbages,5530,Producer Price (LCU/tonne),2017,2017,7004,April,LCU,958.000000,A
BFA,2017-05-01,2017-05-31,233,'854,Burkina Faso,358,'01212,Cabbages,5530,Producer Price (LCU/tonne),2017,2017,7005,May,LCU,1373.000000,A
BFA,2017-06-01,2017-06-30,233,'854,Burkina Faso,358,'01212,Cabbages,5530,Producer Price (LCU/tonne),2017,2017,7006,June,LCU,898.000000,A
BFA,2017-07-01,2017-07-31,233,'854,Burkina Faso,358,'01212,Cabbages,5530,Producer Price (LCU/tonne),2017,2017,7007,July,LCU,987.000000,A
BFA,2017-08-01,2017-08-31,233,'854,Burkina Faso,358,'01212,Cabbages,5530,Producer Price (LCU/tonne),2017,2017,7008,August,LCU,903.000000,A
BFA,2017-09-01,2017-09-30,233,'854,Burkina Faso,358,'01212,Cabbages,5530,Producer Price (LCU/tonne),2017,2017,7009,September,LCU,841.000000,A
BFA,2017-10-01,2017-10-31,233,'854,Burkina Faso,358,'01212,Cabbages,5530,Producer Price (LCU/tonne),2017,2017,7010,October,LCU,958.000000,A
BFA,2017-11-01,2017-11-30,233,'854,Burkina Faso,358,'01212,Cabbages,5530,Producer Price (LCU/tonne),2017,2017,7011,November,LCU,880.000000,A
BFA,2017-12-01,2017-12-31,233,'854,Burkina Faso,358,'01212,Cabbages,5530,Producer Price (LCU/tonne),2017,2017,7012,December,LCU,842.000000,A
BFA,2017-01-01,2017-01-31,233,'854,Burkina Faso,101,'01195,Canary seed,5530,Producer Price (LCU/tonne),2017,2017,7001,January,LCU,1313.000000,A
BFA,2017-02-01,2017-02-28,233,'854,Burkina Faso,101,'01195,Canary seed,5530,Producer Price (LCU/tonne),2017,2017,7002,February,LCU,1313.000000,A
BFA,2017-03-01,2017-03-31,233,'854,Burkina Faso,101,'01195,Canary seed,5530,Producer Price (LCU/tonne),2017,2017,7003,March,LCU,1313.000000,A
BFA,2017-04-01,2017-04-30,233,'854,Burkina Faso,101,'01195,Canary seed,5530,Producer Price (LCU/tonne),2017,2017,7004,April,LCU,1313.000000,A
BFA,2017-05-01,2017-05-31,233,'854,Burkina Faso,101,'01195,Canary seed,5530,Producer Price (LCU/tonne),2017,2017,7005,May,LCU,1313.000000,A
BFA,2017-06-01,2017-06-30,233,'854,Burkina Faso,101,'01195,Canary seed,5530,Producer Price (LCU/tonne),2017,2017,7006,June,LCU,1313.000000,A
BFA,2017-07-01,2017-07-31,233,'854,Burkina Faso,101,'01195,Canary seed,5530,Producer Price (LCU/tonne),2017,2017,7007,July,LCU,1313.000000,A
BFA,2017-08-01,2017-08-31,233,'854,Burkina Faso,101,'01195,Canary seed,5530,Producer Price (LCU/tonne),2017,2017,7008,August,LCU,1350.000000,A
BFA,2017-09-01,2017-09-30,233,'854,Burkina Faso,101,'01195,Canary seed,5530,Producer Price (LCU/tonne),2017,2017,7009,September,LCU,1350.000000,A
BFA,2017-10-01,2017-10-31,233,'854,Burkina Faso,101,'01195,Canary seed,5530,Producer Price (LCU/tonne),2017,2017,7010,October,LCU,1350.000000,A
BFA,2017-11-01,2017-11-30,233,'854,Burkina Faso,101,'01195,Canary seed,5530,Producer Price (LCU/tonne),2017,2017,7011,November,LCU,1350.000000,A
BFA,2017-12-01,2017-12-31,233,'854,Burkina Faso,101,'01195,Canary seed,5530,Producer Price (LCU/tonne),2017,2017,7012,December,LCU,1350.000000,A
BFA,2017-06-01,2017-06-30,233,'854,Burkina Faso,568,'01229,Cantaloupes and other melons,5530,Producer Price (LCU/tonne),2017,2017,7006,June,LCU,791.000000,A
BFA,2017-07-01,2017-07-31,233,'854,Burkina Faso,568,'01229,Cantaloupes and other melons,5530,Producer Price (LCU/tonne),2017,2017,7007,July,LCU,869.000000,A
BFA,2017-08-01,2017-08-31,233,'854,Burkina Faso,568,'01229,Cantaloupes and other melons,5530,Producer Price (LCU/tonne),2017,2017,7008,August,LCU,831.000000,A
BFA,2017-09-01,2017-09-30,233,'854,Burkina Faso,568,'01229,Cantaloupes and other melons,5530,Producer Price (LCU/tonne),2017,2017,7009,September,LCU,796.000000,A
BFA,2017-10-01,2017-10-31,233,'854,Burkina Faso,568,'01229,Cantaloupes and other melons,5530,Producer Price (LCU/tonne),2017,2017,7010,October,LCU,799.000000,A
BFA,2017-11-01,2017-11-30,233,'854,Burkina Faso,568,'01229,Cantaloupes and other melons,5530,Producer Price (LCU/tonne),2017,2017,7011,November,LCU,1065.000000,A
BFA,2017-01-01,2017-01-31,233,'854,Burkina Faso,426,'01251,Carrots and turnips,5530,Producer Price (LCU/tonne),2017,2017,7001,January,LCU,716.000000,A
BFA,2017-02-01,2017-02-28,233,'854,Burkina Faso,426,'01251,Carrots and turnips,5530,Producer Price (LCU/tonne),2017,2017,7002,February,LCU,686.000000,A
BFA,2017-03-01,2017-03-31,233,'854,Burkina Faso,426,'01251,Carrots and turnips,5530,Producer Price (LCU/tonne),2017,2017,7003,March,LCU,555.000000,A
BFA,2017-04-01,2017-04-30,233,'854,Burkina Faso,426,'01251,Carrots and turnips,5530,Producer Price (LCU/tonne),2017,2017,7004,April,LCU,655.000000,A
BFA,2017-05-01,2017-05-31,233,'854,Burkina Faso,426,'01251,Carrots and turnips,5530,Producer Price (LCU/tonne),2017,2017,7005,May,LCU,704.000000,A
BFA,2017-06-01,2017-06-30,233,'854,Burkina Faso,426,'01251,Carrots and turnips,5530,Producer Price (LCU/tonne),2017,2017,7006,June,LCU,719.000000,A
BFA,2017-07-01,2017-07-31,233,'854,Burkina Faso,426,'01251,Carrots and turnips,5530,Producer Price (LCU/tonne),2017,2017,7007,July,LCU,697.000000,A
BFA,2017-08-01,2017-08-31,233,'854,Burkina Faso,426,'01251,Carrots and turnips,5530,Producer Price (LCU/tonne),2017,2017,7008,August,LCU,637.000000,A
BFA,2017-09-01,2017-09-30,233,'854,Burkina Faso,426,'01251,Carrots and turnips,5530,Producer Price (LCU/tonne),2017,2017,7009,September,LCU,646.000000,A
BFA,2017-10-01,2017-10-31,233,'854,Burkina Faso,426,'01251,Carrots and turnips,5530,Producer Price (LCU/tonne),2017,2017,7010,October,LCU,648.000000,A
BFA,2017-11-01,2017-11-30,233,'854,Burkina Faso,426,'01251,Carrots and turnips,5530,Producer Price (LCU/tonne),2017,2017,7011,November,LCU,656.000000,A
BFA,2017-12-01,2017-12-31,233,'854,Burkina Faso,426,'01251,Carrots and turnips,5530,Producer Price (LCU/tonne),2017,2017,7012,December,LCU,655.000000,A
BFA,1991-01-01,1991-12-31,233,'854,Burkina Faso,217,'01372,"Cashew nuts, in shell",5539,Producer Price Index (2014-2016 = 100),1991,1991,7021,Annual value,,45.990000,E
BFA,1992-01-01,1992-12-31,233,'854,Burkina Faso,217,'01372,"Cashew nuts, in shell",5539,Producer Price Index (2014-2016 = 100),1992,1992,7021,Annual value,,47.200000,E
BFA,1993-01-01,1993-12-31,233,'854,Burkina Faso,217,'01372,"Cashew nuts, in shell",5539,Producer Price Index (2014-2016 = 100),1993,1993,7021,Annual value,,38.470000,E
BFA,1994-01-01,1994-12-31,233,'854,Burkina Faso,217,'01372,"Cashew nuts, in shell",5539,Producer Price Index (2014-2016 = 100),1994,1994,7021,Annual value,,51.420000,E
BFA,1995-01-01,1995-12-31,233,'854,Burkina Faso,217,'01372,"Cashew nuts, in shell",5539,Producer Price Index (2014-2016 = 100),1995,1995,7021,Annual value,,51.420000,E
BFA,1996-01-01,1996-12-31,233,'854,Burkina Faso,217,'01372,"Cashew nuts, in shell",5539,Producer Price Index (2014-2016 = 100),1996,1996,7021,Annual value,,72.070000,E
BFA,1997-01-01,1997-12-31,233,'854,Burkina Faso,217,'01372,"Cashew nuts, in shell",5539,Producer Price Index (2014-2016 = 100),1997,1997,7021,Annual value,,73.270000,E
BFA,1998-01-01,1998-12-31,233,'854,Burkina Faso,217,'01372,"Cashew nuts, in shell",5539,Producer Price Index (2014-2016 = 100),1998,1998,7021,Annual value,,88.960000,E
BFA,1999-01-01,1999-12-31,233,'854,Burkina Faso,217,'01372,"Cashew nuts, in shell",5539,Producer Price Index (2014-2016 = 100),1999,1999,7021,Annual value,,69.360000,E
BFA,2000-01-01,2000-12-31,233,'854,Burkina Faso,217,'01372,"Cashew nuts, in shell",5539,Producer Price Index (2014-2016 = 100),2000,2000,7021,Annual value,,53.110000,E
BFA,2001-01-01,2001-12-31,233,'854,Burkina Faso,217,'01372,"Cashew nuts, in shell",5539,Producer Price Index (2014-2016 = 100),2001,2001,7021,Annual value,,82.490000,E
BFA,2002-01-01,2002-12-31,233,'854,Burkina Faso,217,'01372,"Cashew nuts, in shell",5539,Producer Price Index (2014-2016 = 100),2002,2002,7021,Annual value,,93.820000,E
BFA,2003-01-01,2003-12-31,233,'854,Burkina Faso,217,'01372,"Cashew nuts, in shell",5539,Producer Price Index (2014-2016 = 100),2003,2003,7021,Annual value,,64.670000,E
BFA,2004-01-01,2004-12-31,233,'854,Burkina Faso,217,'01372,"Cashew nuts, in shell",5539,Producer Price Index (2014-2016 = 100),2004,2004,7021,Annual value,,72.290000,E
BFA,2005-01-01,2005-12-31,233,'854,Burkina Faso,217,'01372,"Cashew nuts, in shell",5539,Producer Price Index (2014-2016 = 100),2005,2005,7021,Annual value,,83.030000,E
BFA,2006-01-01,2006-12-31,233,'854,Burkina Faso,217,'01372,"Cashew nuts, in shell",5539,Producer Price Index (2014-2016 = 100),2006,2006,7021,Annual value,,71.500000,E
BFA,2007-01-01,2007-12-31,233,'854,Burkina Faso,217,'01372,"Cashew nuts, in shell",5539,Producer Price Index (2014-2016 = 100),2007,2007,7021,Annual value,,78.400000,E
BFA,2008-01-01,2008-12-31,233,'854,Burkina Faso,217,'01372,"Cashew nuts, in shell",5539,Producer Price Index (2014-2016 = 100),2008,2008,7021,Annual value,,83.810000,E
BFA,2009-01-01,2009-12-31,233,'854,Burkina Faso,217,'01372,"Cashew nuts, in shell",5539,Producer Price Index (2014-2016 = 100),2009,2009,7021,Annual value,,87.130000,E
BFA,2010-01-01,2010-12-31,233,'854,Burkina Faso,217,'01372,"Cashew nuts, in shell",5539,Producer Price Index (2014-2016 = 100),2010,2010,7021,Annual value,,90.280000,E
BFA,2011-01-01,2011-12-31,233,'854,Burkina Faso,217,'01372,"Cashew nuts, in shell",5539,Producer Price Index (2014-2016 = 100),2011,2011,7021,Annual value,,93.220000,E
BFA,2012-01-01,2012-12-31,233,'854,Burkina Faso,217,'01372,"Cashew nuts, in shell",5539,Producer Price Index (2014-2016 = 100),2012,2012,7021,Annual value,,95.920000,E
BFA,2013-01-01,2013-12-31,233,'854,Burkina Faso,217,'01372,"Cashew nuts, in shell",5539,Producer Price Index (2014-2016 = 100),2013,2013,7021,Annual value,,97.760000,E
BFA,2014-01-01,2014-12-31,233,'854,Burkina Faso,217,'01372,"Cashew nuts, in shell",5539,Producer Price Index (2014-2016 = 100),2014,2014,7021,Annual value,,99.730000,E
BFA,2015-01-01,2015-12-31,233,'854,Burkina Faso,217,'01372,"Cashew nuts, in shell",5539,Producer Price Index (2014-2016 = 100),2015,2015,7021,Annual value,,99.340000,E
BFA,2016-01-01,2016-12-31,233,'854,Burkina Faso,217,'01372,"Cashew nuts, in shell",5539,Producer Price Index (2014-2016 = 100),2016,2016,7021,Annual value,,100.930000,E
BFA,2017-01-01,2017-12-31,233,'854,Burkina Faso,217,'01372,"Cashew nuts, in shell",5539,Producer Price Index (2014-2016 = 100),2017,2017,7021,Annual value,,102.250000,E
BFA,2018-01-01,2018-12-31,233,'854,Burkina Faso,217,'01372,"Cashew nuts, in shell",5539,Producer Price Index (2014-2016 = 100),2018,2018,7021,Annual value,,103.290000,E
BFA,2019-01-01,2019-12-31,233,'854,Burkina Faso,217,'01372,"Cashew nuts, in shell",5539,Producer Price Index (2014-2016 = 100),2019,2019,7021,Annual value,,104.110000,E
BFA,2020-01-01,2020-12-31,233,'854,Burkina Faso,217,'01372,"Cashew nuts, in shell",5539,Producer Price Index (2014-2016 = 100),2020,2020,7021,Annual value,,98.560000,E
BFA,2021-01-01,2021-12-31,233,'854,Burkina Faso,217,'01372,"Cashew nuts, in shell",5539,Producer Price Index (2014-2016 = 100),2021,2021,7021,Annual value,,94.880000,E
BFA,2022-01-01,2022-12-31,233,'854,Burkina Faso,217,'01372,"Cashew nuts, in shell",5539,Producer Price Index (2014-2016 = 100),2022,2022,7021,Annual value,,124.680000,E
BFA,2023-01-01,2023-12-31,233,'854,Burkina Faso,217,'01372,"Cashew nuts, in shell",5539,Producer Price Index (2014-2016 = 100),2023,2023,7021,Annual value,,102.880000,E
BFA,2024-01-01,2024-12-31,233,'854,Burkina Faso,217,'01372,"Cashew nuts, in shell",5539,Producer Price Index (2014-2016 = 100),2024,2024,7021,Annual value,,117.300000,E
BFA,2025-01-01,2025-12-31,233,'854,Burkina Faso,217,'01372,"Cashew nuts, in shell",5539,Producer Price Index (2014-2016 = 100),2025,2025,7021,Annual value,,119.760000,E
BFA,1997-01-01,1997-12-31,233,'854,Burkina Faso,125,'01520.01,"Cassava, fresh",5530,Producer Price (LCU/tonne),1997,1997,7021,Annual value,LCU,29709.400000,A
BFA,1998-01-01,1998-12-31,233,'854,Burkina Faso,125,'01520.01,"Cassava, fresh",5530,Producer Price (LCU/tonne),1998,1998,7021,Annual value,LCU,33893.200000,A
BFA,1999-01-01,1999-12-31,233,'854,Burkina Faso,125,'01520.01,"Cassava, fresh",5530,Producer Price (LCU/tonne),1999,1999,7021,Annual value,LCU,29709.400000,A
BFA,2000-01-01,2000-12-31,233,'854,Burkina Faso,125,'01520.01,"Cassava, fresh",5530,Producer Price (LCU/tonne),2000,2000,7021,Annual value,LCU,26393.000000,A
BFA,2001-01-01,2001-12-31,233,'854,Burkina Faso,125,'01520.01,"Cassava, fresh",5530,Producer Price (LCU/tonne),2001,2001,7021,Annual value,LCU,24200.000000,A
BFA,2002-01-01,2002-12-31,233,'854,Burkina Faso,125,'01520.01,"Cassava, fresh",5530,Producer Price (LCU/tonne),2002,2002,7021,Annual value,LCU,24192.000000,A
BFA,2003-01-01,2003-12-31,233,'854,Burkina Faso,125,'01520.01,"Cassava, fresh",5530,Producer Price (LCU/tonne),2003,2003,7021,Annual value,LCU,37524.000000,A
BFA,2004-01-01,2004-12-31,233,'854,Burkina Faso,125,'01520.01,"Cassava, fresh",5530,Producer Price (LCU/tonne),2004,2004,7021,Annual value,LCU,39400.200000,A
BFA,2005-01-01,2005-12-31,233,'854,Burkina Faso,125,'01520.01,"Cassava, fresh",5530,Producer Price (LCU/tonne),2005,2005,7021,Annual value,LCU,40582.200000,A
BFA,2006-01-01,2006-12-31,233,'854,Burkina Faso,125,'01520.01,"Cassava, fresh",5530,Producer Price (LCU/tonne),2006,2006,7021,Annual value,LCU,41799.700000,A
BFA,2007-01-01,2007-12-31,233,'854,Burkina Faso,125,'01520.01,"Cassava, fresh",5530,Producer Price (LCU/tonne),2007,2007,7021,Annual value,LCU,246039.500000,A
BFA,1997-01-01,1997-12-31,233,'854,Burkina Faso,125,'01520.01,"Cassava, fresh",5531,Producer Price (SLC/tonne),1997,1997,7021,Annual value,SLC,29709.400000,A
BFA,1998-01-01,1998-12-31,233,'854,Burkina Faso,125,'01520.01,"Cassava, fresh",5531,Producer Price (SLC/tonne),1998,1998,7021,Annual value,SLC,33893.200000,A
BFA,1999-01-01,1999-12-31,233,'854,Burkina Faso,125,'01520.01,"Cassava, fresh",5531,Producer Price (SLC/tonne),1999,1999,7021,Annual value,SLC,29709.400000,A
BFA,2000-01-01,2000-12-31,233,'854,Burkina Faso,125,'01520.01,"Cassava, fresh",5531,Producer Price (SLC/tonne),2000,2000,7021,Annual value,SLC,26393.000000,A
BFA,2001-01-01,2001-12-31,233,'854,Burkina Faso,125,'01520.01,"Cassava, fresh",5531,Producer Price (SLC/tonne),2001,2001,7021,Annual value,SLC,24200.000000,A
BFA,2002-01-01,2002-12-31,233,'854,Burkina Faso,125,'01520.01,"Cassava, fresh",5531,Producer Price (SLC/tonne),2002,2002,7021,Annual value,SLC,24192.000000,A
BFA,2003-01-01,2003-12-31,233,'854,Burkina Faso,125,'01520.01,"Cassava, fresh",5531,Producer Price (SLC/tonne),2003,2003,7021,Annual value,SLC,37524.000000,A
BFA,2004-01-01,2004-12-31,233,'854,Burkina Faso,125,'01520.01,"Cassava, fresh",5531,Producer Price (SLC/tonne),2004,2004,7021,Annual value,SLC,39400.200000,A
BFA,2005-01-01,2005-12-31,233,'854,Burkina Faso,125,'01520.01,"Cassava, fresh",5531,Producer Price (SLC/tonne),2005,2005,7021,Annual value,SLC,40582.200000,A
BFA,2006-01-01,2006-12-31,233,'854,Burkina Faso,125,'01520.01,"Cassava, fresh",5531,Producer Price (SLC/tonne),2006,2006,7021,Annual value,SLC,41799.700000,A
BFA,2007-01-01,2007-12-31,233,'854,Burkina Faso,125,'01520.01,"Cassava, fresh",5531,Producer Price (SLC/tonne),2007,2007,7021,Annual value,SLC,246039.500000,A
BFA,1997-01-01,1997-12-31,233,'854,Burkina Faso,125,'01520.01,"Cassava, fresh",5532,Producer Price (USD/tonne),1997,1997,7021,Annual value,USD,50.900000,A
BFA,1998-01-01,1998-12-31,233,'854,Burkina Faso,125,'01520.01,"Cassava, fresh",5532,Producer Price (USD/tonne),1998,1998,7021,Annual value,USD,57.500000,A
BFA,1999-01-01,1999-12-31,233,'854,Burkina Faso,125,'01520.01,"Cassava, fresh",5532,Producer Price (USD/tonne),1999,1999,7021,Annual value,USD,48.300000,A
BFA,2000-01-01,2000-12-31,233,'854,Burkina Faso,125,'01520.01,"Cassava, fresh",5532,Producer Price (USD/tonne),2000,2000,7021,Annual value,USD,37.100000,A
BFA,2001-01-01,2001-12-31,233,'854,Burkina Faso,125,'01520.01,"Cassava, fresh",5532,Producer Price (USD/tonne),2001,2001,7021,Annual value,USD,33.000000,A
BFA,2002-01-01,2002-12-31,233,'854,Burkina Faso,125,'01520.01,"Cassava, fresh",5532,Producer Price (USD/tonne),2002,2002,7021,Annual value,USD,34.700000,A
BFA,2003-01-01,2003-12-31,233,'854,Burkina Faso,125,'01520.01,"Cassava, fresh",5532,Producer Price (USD/tonne),2003,2003,7021,Annual value,USD,64.600000,A
BFA,2004-01-01,2004-12-31,233,'854,Burkina Faso,125,'01520.01,"Cassava, fresh",5532,Producer Price (USD/tonne),2004,2004,7021,Annual value,USD,74.600000,A
BFA,2005-01-01,2005-12-31,233,'854,Burkina Faso,125,'01520.01,"Cassava, fresh",5532,Producer Price (USD/tonne),2005,2005,7021,Annual value,USD,76.900000,A
BFA,2006-01-01,2006-12-31,233,'854,Burkina Faso,125,'01520.01,"Cassava, fresh",5532,Producer Price (USD/tonne),2006,2006,7021,Annual value,USD,79.900000,A
BFA,2007-01-01,2007-12-31,233,'854,Burkina Faso,125,'01520.01,"Cassava, fresh",5532,Producer Price (USD/tonne),2007,2007,7021,Annual value,USD,513.400000,A
BFA,1991-01-01,1991-12-31,233,'854,Burkina Faso,125,'01520.01,"Cassava, fresh",5539,Producer Price Index (2014-2016 = 100),1991,1991,7021,Annual value,,15.950000,E
BFA,1992-01-01,1992-12-31,233,'854,Burkina Faso,125,'01520.01,"Cassava, fresh",5539,Producer Price Index (2014-2016 = 100),1992,1992,7021,Annual value,,16.480000,E
BFA,1993-01-01,1993-12-31,233,'854,Burkina Faso,125,'01520.01,"Cassava, fresh",5539,Producer Price Index (2014-2016 = 100),1993,1993,7021,Annual value,,13.440000,E
BFA,1994-01-01,1994-12-31,233,'854,Burkina Faso,125,'01520.01,"Cassava, fresh",5539,Producer Price Index (2014-2016 = 100),1994,1994,7021,Annual value,,17.960000,E
BFA,1995-01-01,1995-12-31,233,'854,Burkina Faso,125,'01520.01,"Cassava, fresh",5539,Producer Price Index (2014-2016 = 100),1995,1995,7021,Annual value,,17.960000,E
BFA,1996-01-01,1996-12-31,233,'854,Burkina Faso,125,'01520.01,"Cassava, fresh",5539,Producer Price Index (2014-2016 = 100),1996,1996,7021,Annual value,,25.170000,E
BFA,1997-01-01,1997-12-31,233,'854,Burkina Faso,125,'01520.01,"Cassava, fresh",5539,Producer Price Index (2014-2016 = 100),1997,1997,7021,Annual value,,9.480000,E
BFA,1998-01-01,1998-12-31,233,'854,Burkina Faso,125,'01520.01,"Cassava, fresh",5539,Producer Price Index (2014-2016 = 100),1998,1998,7021,Annual value,,10.810000,E
BFA,1999-01-01,1999-12-31,233,'854,Burkina Faso,125,'01520.01,"Cassava, fresh",5539,Producer Price Index (2014-2016 = 100),1999,1999,7021,Annual value,,9.480000,E
BFA,2000-01-01,2000-12-31,233,'854,Burkina Faso,125,'01520.01,"Cassava, fresh",5539,Producer Price Index (2014-2016 = 100),2000,2000,7021,Annual value,,8.420000,E
BFA,2001-01-01,2001-12-31,233,'854,Burkina Faso,125,'01520.01,"Cassava, fresh",5539,Producer Price Index (2014-2016 = 100),2001,2001,7021,Annual value,,7.720000,E
BFA,2002-01-01,2002-12-31,233,'854,Burkina Faso,125,'01520.01,"Cassava, fresh",5539,Producer Price Index (2014-2016 = 100),2002,2002,7021,Annual value,,7.720000,E
BFA,2003-01-01,2003-12-31,233,'854,Burkina Faso,125,'01520.01,"Cassava, fresh",5539,Producer Price Index (2014-2016 = 100),2003,2003,7021,Annual value,,11.970000,E
BFA,2004-01-01,2004-12-31,233,'854,Burkina Faso,125,'01520.01,"Cassava, fresh",5539,Producer Price Index (2014-2016 = 100),2004,2004,7021,Annual value,,12.570000,E
BFA,2005-01-01,2005-12-31,233,'854,Burkina Faso,125,'01520.01,"Cassava, fresh",5539,Producer Price Index (2014-2016 = 100),2005,2005,7021,Annual value,,12.950000,E
BFA,2006-01-01,2006-12-31,233,'854,Burkina Faso,125,'01520.01,"Cassava, fresh",5539,Producer Price Index (2014-2016 = 100),2006,2006,7021,Annual value,,13.340000,E
BFA,2007-01-01,2007-12-31,233,'854,Burkina Faso,125,'01520.01,"Cassava, fresh",5539,Producer Price Index (2014-2016 = 100),2007,2007,7021,Annual value,,78.500000,E
BFA,2008-01-01,2008-12-31,233,'854,Burkina Faso,125,'01520.01,"Cassava, fresh",5539,Producer Price Index (2014-2016 = 100),2008,2008,7021,Annual value,,80.520000,E
BFA,2009-01-01,2009-12-31,233,'854,Burkina Faso,125,'01520.01,"Cassava, fresh",5539,Producer Price Index (2014-2016 = 100),2009,2009,7021,Annual value,,91.410000,E
BFA,2010-01-01,2010-12-31,233,'854,Burkina Faso,125,'01520.01,"Cassava, fresh",5539,Producer Price Index (2014-2016 = 100),2010,2010,7021,Annual value,,101.450000,E
BFA,2011-01-01,2011-12-31,233,'854,Burkina Faso,125,'01520.01,"Cassava, fresh",5539,Producer Price Index (2014-2016 = 100),2011,2011,7021,Annual value,,110.760000,E
BFA,2012-01-01,2012-12-31,233,'854,Burkina Faso,125,'01520.01,"Cassava, fresh",5539,Producer Price Index (2014-2016 = 100),2012,2012,7021,Annual value,,119.460000,E
BFA,2013-01-01,2013-12-31,233,'854,Burkina Faso,125,'01520.01,"Cassava, fresh",5539,Producer Price Index (2014-2016 = 100),2013,2013,7021,Annual value,,94.970000,E
BFA,2014-01-01,2014-12-31,233,'854,Burkina Faso,125,'01520.01,"Cassava, fresh",5539,Producer Price Index (2014-2016 = 100),2014,2014,7021,Annual value,,97.590000,E
BFA,2015-01-01,2015-12-31,233,'854,Burkina Faso,125,'01520.01,"Cassava, fresh",5539,Producer Price Index (2014-2016 = 100),2015,2015,7021,Annual value,,100.170000,E
BFA,2016-01-01,2016-12-31,233,'854,Burkina Faso,125,'01520.01,"Cassava, fresh",5539,Producer Price Index (2014-2016 = 100),2016,2016,7021,Annual value,,102.240000,E
BFA,2017-01-01,2017-12-31,233,'854,Burkina Faso,125,'01520.01,"Cassava, fresh",5539,Producer Price Index (2014-2016 = 100),2017,2017,7021,Annual value,,104.470000,E
BFA,2018-01-01,2018-12-31,233,'854,Burkina Faso,125,'01520.01,"Cassava, fresh",5539,Producer Price Index (2014-2016 = 100),2018,2018,7021,Annual value,,107.000000,E
BFA,2019-01-01,2019-12-31,233,'854,Burkina Faso,125,'01520.01,"Cassava, fresh",5539,Producer Price Index (2014-2016 = 100),2019,2019,7021,Annual value,,109.970000,E
BFA,2020-01-01,2020-12-31,233,'854,Burkina Faso,125,'01520.01,"Cassava, fresh",5539,Producer Price Index (2014-2016 = 100),2020,2020,7021,Annual value,,118.620000,E
BFA,2021-01-01,2021-12-31,233,'854,Burkina Faso,125,'01520.01,"Cassava, fresh",5539,Producer Price Index (2014-2016 = 100),2021,2021,7021,Annual value,,128.110000,E
BFA,2022-01-01,2022-12-31,233,'854,Burkina Faso,125,'01520.01,"Cassava, fresh",5539,Producer Price Index (2014-2016 = 100),2022,2022,7021,Annual value,,108.710000,E
BFA,2023-01-01,2023-12-31,233,'854,Burkina Faso,125,'01520.01,"Cassava, fresh",5539,Producer Price Index (2014-2016 = 100),2023,2023,7021,Annual value,,118.380000,E
BFA,2024-01-01,2024-12-31,233,'854,Burkina Faso,125,'01520.01,"Cassava, fresh",5539,Producer Price Index (2014-2016 = 100),2024,2024,7021,Annual value,,125.460000,E
BFA,2025-01-01,2025-12-31,233,'854,Burkina Faso,125,'01520.01,"Cassava, fresh",5539,Producer Price Index (2014-2016 = 100),2025,2025,7021,Annual value,,132.530000,E
BFA,2017-01-01,2017-01-31,233,'854,Burkina Faso,393,'01213,Cauliflowers and broccoli,5530,Producer Price (LCU/tonne),2017,2017,7001,January,LCU,1643.000000,A
BFA,2017-02-01,2017-02-28,233,'854,Burkina Faso,393,'01213,Cauliflowers and broccoli,5530,Producer Price (LCU/tonne),2017,2017,7002,February,LCU,1491.000000,A
BFA,2017-03-01,2017-03-31,233,'854,Burkina Faso,393,'01213,Cauliflowers and broccoli,5530,Producer Price (LCU/tonne),2017,2017,7003,March,LCU,1307.000000,A
BFA,2017-04-01,2017-04-30,233,'854,Burkina Faso,393,'01213,Cauliflowers and broccoli,5530,Producer Price (LCU/tonne),2017,2017,7004,April,LCU,1290.000000,A
BFA,2017-07-01,2017-07-31,233,'854,Burkina Faso,393,'01213,Cauliflowers and broccoli,5530,Producer Price (LCU/tonne),2017,2017,7007,July,LCU,1594.000000,A
BFA,2017-08-01,2017-08-31,233,'854,Burkina Faso,393,'01213,Cauliflowers and broccoli,5530,Producer Price (LCU/tonne),2017,2017,7008,August,LCU,1433.000000,A
BFA,2017-09-01,2017-09-30,233,'854,Burkina Faso,393,'01213,Cauliflowers and broccoli,5530,Producer Price (LCU/tonne),2017,2017,7009,September,LCU,1281.000000,A
BFA,2017-10-01,2017-10-31,233,'854,Burkina Faso,393,'01213,Cauliflowers and broccoli,5530,Producer Price (LCU/tonne),2017,2017,7010,October,LCU,1276.000000,A
BFA,2017-11-01,2017-11-30,233,'854,Burkina Faso,393,'01213,Cauliflowers and broccoli,5530,Producer Price (LCU/tonne),2017,2017,7011,November,LCU,1199.000000,A
BFA,2017-12-01,2017-12-31,233,'854,Burkina Faso,393,'01213,Cauliflowers and broccoli,5530,Producer Price (LCU/tonne),2017,2017,7012,December,LCU,1087.000000,A
BFA,2017-05-01,2017-05-31,233,'854,Burkina Faso,531,'01344.02,Cherries,5530,Producer Price (LCU/tonne),2017,2017,7005,May,LCU,3777.000000,A
BFA,2017-06-01,2017-06-30,233,'854,Burkina Faso,531,'01344.02,Cherries,5530,Producer Price (LCU/tonne),2017,2017,7006,June,LCU,4114.000000,A
BFA,2017-07-01,2017-07-31,233,'854,Burkina Faso,531,'01344.02,Cherries,5530,Producer Price (LCU/tonne),2017,2017,7007,July,LCU,4073.000000,A
BFA,2017-08-01,2017-08-31,233,'854,Burkina Faso,531,'01344.02,Cherries,5530,Producer Price (LCU/tonne),2017,2017,7008,August,LCU,4074.000000,A
BFA,2017-09-01,2017-09-30,233,'854,Burkina Faso,531,'01344.02,Cherries,5530,Producer Price (LCU/tonne),2017,2017,7009,September,LCU,3615.000000,A
BFA,2017-06-01,2017-06-30,233,'854,Burkina Faso,220,'01373,"Chestnuts, in shell",5530,Producer Price (LCU/tonne),2017,2017,7006,June,LCU,8570.000000,A
BFA,2017-07-01,2017-07-31,233,'854,Burkina Faso,220,'01373,"Chestnuts, in shell",5530,Producer Price (LCU/tonne),2017,2017,7007,July,LCU,8570.000000,A
BFA,2017-08-01,2017-08-31,233,'854,Burkina Faso,220,'01373,"Chestnuts, in shell",5530,Producer Price (LCU/tonne),2017,2017,7008,August,LCU,8570.000000,A
BFA,2017-09-01,2017-09-30,233,'854,Burkina Faso,220,'01373,"Chestnuts, in shell",5530,Producer Price (LCU/tonne),2017,2017,7009,September,LCU,8608.000000,A
BFA,2017-10-01,2017-10-31,233,'854,Burkina Faso,220,'01373,"Chestnuts, in shell",5530,Producer Price (LCU/tonne),2017,2017,7010,October,LCU,8845.000000,A
BFA,2017-11-01,2017-11-30,233,'854,Burkina Faso,220,'01373,"Chestnuts, in shell",5530,Producer Price (LCU/tonne),2017,2017,7011,November,LCU,10476.000000,A
BFA,2017-12-01,2017-12-31,233,'854,Burkina Faso,220,'01373,"Chestnuts, in shell",5530,Producer Price (LCU/tonne),2017,2017,7012,December,LCU,11812.000000,A
BFA,2017-01-01,2017-01-31,233,'854,Burkina Faso,191,'01703,"Chick peas, dry",5530,Producer Price (LCU/tonne),2017,2017,7001,January,LCU,4688.000000,A
BFA,2017-02-01,2017-02-28,233,'854,Burkina Faso,191,'01703,"Chick peas, dry",5530,Producer Price (LCU/tonne),2017,2017,7002,February,LCU,5085.000000,A
BFA,2017-03-01,2017-03-31,233,'854,Burkina Faso,191,'01703,"Chick peas, dry",5530,Producer Price (LCU/tonne),2017,2017,7003,March,LCU,5304.000000,A
BFA,2017-04-01,2017-04-30,233,'854,Burkina Faso,191,'01703,"Chick peas, dry",5530,Producer Price (LCU/tonne),2017,2017,7004,April,LCU,5289.000000,A
BFA,2017-05-01,2017-05-31,233,'854,Burkina Faso,191,'01703,"Chick peas, dry",5530,Producer Price (LCU/tonne),2017,2017,7005,May,LCU,5274.000000,A
BFA,2017-06-01,2017-06-30,233,'854,Burkina Faso,191,'01703,"Chick peas, dry",5530,Producer Price (LCU/tonne),2017,2017,7006,June,LCU,5313.000000,A
BFA,2017-07-01,2017-07-31,233,'854,Burkina Faso,191,'01703,"Chick peas, dry",5530,Producer Price (LCU/tonne),2017,2017,7007,July,LCU,5079.000000,A
BFA,2017-08-01,2017-08-31,233,'854,Burkina Faso,191,'01703,"Chick peas, dry",5530,Producer Price (LCU/tonne),2017,2017,7008,August,LCU,5189.000000,A
BFA,2017-09-01,2017-09-30,233,'854,Burkina Faso,191,'01703,"Chick peas, dry",5530,Producer Price (LCU/tonne),2017,2017,7009,September,LCU,5867.000000,A
BFA,2017-10-01,2017-10-31,233,'854,Burkina Faso,191,'01703,"Chick peas, dry",5530,Producer Price (LCU/tonne),2017,2017,7010,October,LCU,6024.000000,A
BFA,2017-11-01,2017-11-30,233,'854,Burkina Faso,191,'01703,"Chick peas, dry",5530,Producer Price (LCU/tonne),2017,2017,7011,November,LCU,6124.000000,A
BFA,2017-12-01,2017-12-31,233,'854,Burkina Faso,191,'01703,"Chick peas, dry",5530,Producer Price (LCU/tonne),2017,2017,7012,December,LCU,6228.000000,A
BFA,1998-01-01,1998-12-31,233,'854,Burkina Faso,401,'01231,"Chillies and peppers, green (Capsicum spp. and Pimenta spp.)",5530,Producer Price (LCU/tonne),1998,1998,7021,Annual value,LCU,158140.000000,A
BFA,1999-01-01,1999-12-31,233,'854,Burkina Faso,401,'01231,"Chillies and peppers, green (Capsicum spp. and Pimenta spp.)",5530,Producer Price (LCU/tonne),1999,1999,7021,Annual value,LCU,99520.000000,A
BFA,2001-01-01,2001-12-31,233,'854,Burkina Faso,401,'01231,"Chillies and peppers, green (Capsicum spp. and Pimenta spp.)",5530,Producer Price (LCU/tonne),2001,2001,7021,Annual value,LCU,110653.600000,A
BFA,2002-01-01,2002-12-31,233,'854,Burkina Faso,401,'01231,"Chillies and peppers, green (Capsicum spp. and Pimenta spp.)",5530,Producer Price (LCU/tonne),2002,2002,7021,Annual value,LCU,102666.200000,A
BFA,2003-01-01,2003-12-31,233,'854,Burkina Faso,401,'01231,"Chillies and peppers, green (Capsicum spp. and Pimenta spp.)",5530,Producer Price (LCU/tonne),2003,2003,7021,Annual value,LCU,166878.500000,A
BFA,2005-01-01,2005-12-31,233,'854,Burkina Faso,401,'01231,"Chillies and peppers, green (Capsicum spp. and Pimenta spp.)",5530,Producer Price (LCU/tonne),2005,2005,7021,Annual value,LCU,152455.900000,A
BFA,2006-01-01,2006-12-31,233,'854,Burkina Faso,401,'01231,"Chillies and peppers, green (Capsicum spp. and Pimenta spp.)",5530,Producer Price (LCU/tonne),2006,2006,7021,Annual value,LCU,152896.200000,A
BFA,2007-01-01,2007-12-31,233,'854,Burkina Faso,401,'01231,"Chillies and peppers, green (Capsicum spp. and Pimenta spp.)",5530,Producer Price (LCU/tonne),2007,2007,7021,Annual value,LCU,152000.000000,A
BFA,2017-01-01,2017-01-31,233,'854,Burkina Faso,401,'01231,"Chillies and peppers, green (Capsicum spp. and Pimenta spp.)",5530,Producer Price (LCU/tonne),2017,2017,7001,January,LCU,2595.000000,A
BFA,2017-02-01,2017-02-28,233,'854,Burkina Faso,401,'01231,"Chillies and peppers, green (Capsicum spp. and Pimenta spp.)",5530,Producer Price (LCU/tonne),2017,2017,7002,February,LCU,2668.000000,A
BFA,2017-03-01,2017-03-31,233,'854,Burkina Faso,401,'01231,"Chillies and peppers, green (Capsicum spp. and Pimenta spp.)",5530,Producer Price (LCU/tonne),2017,2017,7003,March,LCU,2883.000000,A
BFA,2017-04-01,2017-04-30,233,'854,Burkina Faso,401,'01231,"Chillies and peppers, green (Capsicum spp. and Pimenta spp.)",5530,Producer Price (LCU/tonne),2017,2017,7004,April,LCU,2570.000000,A
BFA,2017-05-01,2017-05-31,233,'854,Burkina Faso,401,'01231,"Chillies and peppers, green (Capsicum spp. and Pimenta spp.)",5530,Producer Price (LCU/tonne),2017,2017,7005,May,LCU,1157.000000,A
BFA,2017-06-01,2017-06-30,233,'854,Burkina Faso,401,'01231,"Chillies and peppers, green (Capsicum spp. and Pimenta spp.)",5530,Producer Price (LCU/tonne),2017,2017,7006,June,LCU,1180.000000,A
BFA,2017-07-01,2017-07-31,233,'854,Burkina Faso,401,'01231,"Chillies and peppers, green (Capsicum spp. and Pimenta spp.)",5530,Producer Price (LCU/tonne),2017,2017,7007,July,LCU,1391.000000,A
BFA,2017-08-01,2017-08-31,233,'854,Burkina Faso,401,'01231,"Chillies and peppers, green (Capsicum spp. and Pimenta spp.)",5530,Producer Price (LCU/tonne),2017,2017,7008,August,LCU,1341.000000,A
BFA,2017-09-01,2017-09-30,233,'854,Burkina Faso,401,'01231,"Chillies and peppers, green (Capsicum spp. and Pimenta spp.)",5530,Producer Price (LCU/tonne),2017,2017,7009,September,LCU,1226.000000,A
BFA,2017-10-01,2017-10-31,233,'854,Burkina Faso,401,'01231,"Chillies and peppers, green (Capsicum spp. and Pimenta spp.)",5530,Producer Price (LCU/tonne),2017,2017,7010,October,LCU,1285.000000,A
BFA,2017-11-01,2017-11-30,233,'854,Burkina Faso,401,'01231,"Chillies and peppers, green (Capsicum spp. and Pimenta spp.)",5530,Producer Price (LCU/tonne),2017,2017,7011,November,LCU,1399.000000,A
BFA,2017-12-01,2017-12-31,233,'854,Burkina Faso,401,'01231,"Chillies and peppers, green (Capsicum spp. and Pimenta spp.)",5530,Producer Price (LCU/tonne),2017,2017,7012,December,LCU,1740.000000,A
BFA,1998-01-01,1998-12-31,233,'854,Burkina Faso,401,'01231,"Chillies and peppers, green (Capsicum spp. and Pimenta spp.)",5531,Producer Price (SLC/tonne),1998,1998,7021,Annual value,SLC,158140.000000,A
BFA,1999-01-01,1999-12-31,233,'854,Burkina Faso,401,'01231,"Chillies and peppers, green (Capsicum spp. and Pimenta spp.)",5531,Producer Price (SLC/tonne),1999,1999,7021,Annual value,SLC,99520.000000,A
BFA,2001-01-01,2001-12-31,233,'854,Burkina Faso,401,'01231,"Chillies and peppers, green (Capsicum spp. and Pimenta spp.)",5531,Producer Price (SLC/tonne),2001,2001,7021,Annual value,SLC,110653.600000,A
BFA,2002-01-01,2002-12-31,233,'854,Burkina Faso,401,'01231,"Chillies and peppers, green (Capsicum spp. and Pimenta spp.)",5531,Producer Price (SLC/tonne),2002,2002,7021,Annual value,SLC,102666.200000,A
BFA,2003-01-01,2003-12-31,233,'854,Burkina Faso,401,'01231,"Chillies and peppers, green (Capsicum spp. and Pimenta spp.)",5531,Producer Price (SLC/tonne),2003,2003,7021,Annual value,SLC,166878.500000,A
BFA,2005-01-01,2005-12-31,233,'854,Burkina Faso,401,'01231,"Chillies and peppers, green (Capsicum spp. and Pimenta spp.)",5531,Producer Price (SLC/tonne),2005,2005,7021,Annual value,SLC,152455.900000,A
BFA,2006-01-01,2006-12-31,233,'854,Burkina Faso,401,'01231,"Chillies and peppers, green (Capsicum spp. and Pimenta spp.)",5531,Producer Price (SLC/tonne),2006,2006,7021,Annual value,SLC,152896.200000,A
BFA,2007-01-01,2007-12-31,233,'854,Burkina Faso,401,'01231,"Chillies and peppers, green (Capsicum spp. and Pimenta spp.)",5531,Producer Price (SLC/tonne),2007,2007,7021,Annual value,SLC,152000.000000,A
BFA,1998-01-01,1998-12-31,233,'854,Burkina Faso,401,'01231,"Chillies and peppers, green (Capsicum spp. and Pimenta spp.)",5532,Producer Price (USD/tonne),1998,1998,7021,Annual value,USD,268.100000,A
BFA,1999-01-01,1999-12-31,233,'854,Burkina Faso,401,'01231,"Chillies and peppers, green (Capsicum spp. and Pimenta spp.)",5532,Producer Price (USD/tonne),1999,1999,7021,Annual value,USD,161.600000,A
BFA,2001-01-01,2001-12-31,233,'854,Burkina Faso,401,'01231,"Chillies and peppers, green (Capsicum spp. and Pimenta spp.)",5532,Producer Price (USD/tonne),2001,2001,7021,Annual value,USD,151.000000,A
BFA,2002-01-01,2002-12-31,233,'854,Burkina Faso,401,'01231,"Chillies and peppers, green (Capsicum spp. and Pimenta spp.)",5532,Producer Price (USD/tonne),2002,2002,7021,Annual value,USD,147.300000,A
BFA,2003-01-01,2003-12-31,233,'854,Burkina Faso,401,'01231,"Chillies and peppers, green (Capsicum spp. and Pimenta spp.)",5532,Producer Price (USD/tonne),2003,2003,7021,Annual value,USD,287.100000,A
BFA,2005-01-01,2005-12-31,233,'854,Burkina Faso,401,'01231,"Chillies and peppers, green (Capsicum spp. and Pimenta spp.)",5532,Producer Price (USD/tonne),2005,2005,7021,Annual value,USD,289.000000,A
BFA,2006-01-01,2006-12-31,233,'854,Burkina Faso,401,'01231,"Chillies and peppers, green (Capsicum spp. and Pimenta spp.)",5532,Producer Price (USD/tonne),2006,2006,7021,Annual value,USD,292.400000,A
BFA,2007-01-01,2007-12-31,233,'854,Burkina Faso,401,'01231,"Chillies and peppers, green (Capsicum spp. and Pimenta spp.)",5532,Producer Price (USD/tonne),2007,2007,7021,Annual value,USD,317.200000,A
BFA,1991-01-01,1991-12-31,233,'854,Burkina Faso,401,'01231,"Chillies and peppers, green (Capsicum spp. and Pimenta spp.)",5539,Producer Price Index (2014-2016 = 100),1991,1991,7021,Annual value,,122.120000,E
BFA,1992-01-01,1992-12-31,233,'854,Burkina Faso,401,'01231,"Chillies and peppers, green (Capsicum spp. and Pimenta spp.)",5539,Producer Price Index (2014-2016 = 100),1992,1992,7021,Annual value,,125.350000,E
BFA,1993-01-01,1993-12-31,233,'854,Burkina Faso,401,'01231,"Chillies and peppers, green (Capsicum spp. and Pimenta spp.)",5539,Producer Price Index (2014-2016 = 100),1993,1993,7021,Annual value,,102.170000,E
BFA,1994-01-01,1994-12-31,233,'854,Burkina Faso,401,'01231,"Chillies and peppers, green (Capsicum spp. and Pimenta spp.)",5539,Producer Price Index (2014-2016 = 100),1994,1994,7021,Annual value,,136.550000,E
BFA,1995-01-01,1995-12-31,233,'854,Burkina Faso,401,'01231,"Chillies and peppers, green (Capsicum spp. and Pimenta spp.)",5539,Producer Price Index (2014-2016 = 100),1995,1995,7021,Annual value,,136.550000,E
BFA,1996-01-01,1996-12-31,233,'854,Burkina Faso,401,'01231,"Chillies and peppers, green (Capsicum spp. and Pimenta spp.)",5539,Producer Price Index (2014-2016 = 100),1996,1996,7021,Annual value,,191.400000,E
BFA,1997-01-01,1997-12-31,233,'854,Burkina Faso,401,'01231,"Chillies and peppers, green (Capsicum spp. and Pimenta spp.)",5539,Producer Price Index (2014-2016 = 100),1997,1997,7021,Annual value,,194.580000,E
BFA,1998-01-01,1998-12-31,233,'854,Burkina Faso,401,'01231,"Chillies and peppers, green (Capsicum spp. and Pimenta spp.)",5539,Producer Price Index (2014-2016 = 100),1998,1998,7021,Annual value,,87.050000,E
BFA,1999-01-01,1999-12-31,233,'854,Burkina Faso,401,'01231,"Chillies and peppers, green (Capsicum spp. and Pimenta spp.)",5539,Producer Price Index (2014-2016 = 100),1999,1999,7021,Annual value,,54.780000,E
BFA,2000-01-01,2000-12-31,233,'854,Burkina Faso,401,'01231,"Chillies and peppers, green (Capsicum spp. and Pimenta spp.)",5539,Producer Price Index (2014-2016 = 100),2000,2000,7021,Annual value,,141.040000,E
BFA,2001-01-01,2001-12-31,233,'854,Burkina Faso,401,'01231,"Chillies and peppers, green (Capsicum spp. and Pimenta spp.)",5539,Producer Price Index (2014-2016 = 100),2001,2001,7021,Annual value,,60.910000,E
BFA,2002-01-01,2002-12-31,233,'854,Burkina Faso,401,'01231,"Chillies and peppers, green (Capsicum spp. and Pimenta spp.)",5539,Producer Price Index (2014-2016 = 100),2002,2002,7021,Annual value,,56.520000,E
BFA,2003-01-01,2003-12-31,233,'854,Burkina Faso,401,'01231,"Chillies and peppers, green (Capsicum spp. and Pimenta spp.)",5539,Producer Price Index (2014-2016 = 100),2003,2003,7021,Annual value,,91.860000,E
BFA,2004-01-01,2004-12-31,233,'854,Burkina Faso,401,'01231,"Chillies and peppers, green (Capsicum spp. and Pimenta spp.)",5539,Producer Price Index (2014-2016 = 100),2004,2004,7021,Annual value,,183.410000,E
BFA,2005-01-01,2005-12-31,233,'854,Burkina Faso,401,'01231,"Chillies and peppers, green (Capsicum spp. and Pimenta spp.)",5539,Producer Price Index (2014-2016 = 100),2005,2005,7021,Annual value,,83.930000,E
BFA,2006-01-01,2006-12-31,233,'854,Burkina Faso,401,'01231,"Chillies and peppers, green (Capsicum spp. and Pimenta spp.)",5539,Producer Price Index (2014-2016 = 100),2006,2006,7021,Annual value,,84.170000,E
BFA,2007-01-01,2007-12-31,233,'854,Burkina Faso,401,'01231,"Chillies and peppers, green (Capsicum spp. and Pimenta spp.)",5539,Producer Price Index (2014-2016 = 100),2007,2007,7021,Annual value,,83.670000,E
BFA,2008-01-01,2008-12-31,233,'854,Burkina Faso,401,'01231,"Chillies and peppers, green (Capsicum spp. and Pimenta spp.)",5539,Producer Price Index (2014-2016 = 100),2008,2008,7021,Annual value,,97.980000,E
BFA,2009-01-01,2009-12-31,233,'854,Burkina Faso,401,'01231,"Chillies and peppers, green (Capsicum spp. and Pimenta spp.)",5539,Producer Price Index (2014-2016 = 100),2009,2009,7021,Annual value,,97.340000,E
BFA,2010-01-01,2010-12-31,233,'854,Burkina Faso,401,'01231,"Chillies and peppers, green (Capsicum spp. and Pimenta spp.)",5539,Producer Price Index (2014-2016 = 100),2010,2010,7021,Annual value,,97.000000,E
BFA,2011-01-01,2011-12-31,233,'854,Burkina Faso,401,'01231,"Chillies and peppers, green (Capsicum spp. and Pimenta spp.)",5539,Producer Price Index (2014-2016 = 100),2011,2011,7021,Annual value,,96.900000,E
BFA,2012-01-01,2012-12-31,233,'854,Burkina Faso,401,'01231,"Chillies and peppers, green (Capsicum spp. and Pimenta spp.)",5539,Producer Price Index (2014-2016 = 100),2012,2012,7021,Annual value,,96.990000,E
BFA,2013-01-01,2013-12-31,233,'854,Burkina Faso,401,'01231,"Chillies and peppers, green (Capsicum spp. and Pimenta spp.)",5539,Producer Price Index (2014-2016 = 100),2013,2013,7021,Annual value,,98.600000,E
BFA,2014-01-01,2014-12-31,233,'854,Burkina Faso,401,'01231,"Chillies and peppers, green (Capsicum spp. and Pimenta spp.)",5539,Producer Price Index (2014-2016 = 100),2014,2014,7021,Annual value,,99.140000,E
BFA,2015-01-01,2015-12-31,233,'854,Burkina Faso,401,'01231,"Chillies and peppers, green (Capsicum spp. and Pimenta spp.)",5539,Producer Price Index (2014-2016 = 100),2015,2015,7021,Annual value,,100.180000,E
BFA,2016-01-01,2016-12-31,233,'854,Burkina Faso,401,'01231,"Chillies and peppers, green (Capsicum spp. and Pimenta spp.)",5539,Producer Price Index (2014-2016 = 100),2016,2016,7021,Annual value,,100.690000,E
BFA,2017-01-01,2017-12-31,233,'854,Burkina Faso,401,'01231,"Chillies and peppers, green (Capsicum spp. and Pimenta spp.)",5539,Producer Price Index (2014-2016 = 100),2017,2017,7021,Annual value,,101.150000,E
BFA,2018-01-01,2018-12-31,233,'854,Burkina Faso,401,'01231,"Chillies and peppers, green (Capsicum spp. and Pimenta spp.)",5539,Producer Price Index (2014-2016 = 100),2018,2018,7021,Annual value,,101.520000,E
BFA,2019-01-01,2019-12-31,233,'854,Burkina Faso,401,'01231,"Chillies and peppers, green (Capsicum spp. and Pimenta spp.)",5539,Producer Price Index (2014-2016 = 100),2019,2019,7021,Annual value,,101.750000,E
BFA,2020-01-01,2020-12-31,233,'854,Burkina Faso,401,'01231,"Chillies and peppers, green (Capsicum spp. and Pimenta spp.)",5539,Producer Price Index (2014-2016 = 100),2020,2020,7021,Annual value,,103.650000,E
BFA,2021-01-01,2021-12-31,233,'854,Burkina Faso,401,'01231,"Chillies and peppers, green (Capsicum spp. and Pimenta spp.)",5539,Producer Price Index (2014-2016 = 100),2021,2021,7021,Annual value,,103.770000,E
BFA,2022-01-01,2022-12-31,233,'854,Burkina Faso,401,'01231,"Chillies and peppers, green (Capsicum spp. and Pimenta spp.)",5539,Producer Price Index (2014-2016 = 100),2022,2022,7021,Annual value,,106.740000,E
BFA,2023-01-01,2023-12-31,233,'854,Burkina Faso,401,'01231,"Chillies and peppers, green (Capsicum spp. and Pimenta spp.)",5539,Producer Price Index (2014-2016 = 100),2023,2023,7021,Annual value,,95.720000,E
BFA,2024-01-01,2024-12-31,233,'854,Burkina Faso,401,'01231,"Chillies and peppers, green (Capsicum spp. and Pimenta spp.)",5539,Producer Price Index (2014-2016 = 100),2024,2024,7021,Annual value,,103.570000,E
BFA,2025-01-01,2025-12-31,233,'854,Burkina Faso,401,'01231,"Chillies and peppers, green (Capsicum spp. and Pimenta spp.)",5539,Producer Price Index (2014-2016 = 100),2025,2025,7021,Annual value,,104.240000,E
BFA,1991-01-01,1991-12-31,233,'854,Burkina Faso,767,'01921.02,"Cotton lint, ginned",5539,Producer Price Index (2014-2016 = 100),1991,1991,7021,Annual value,,40.800000,E
BFA,1992-01-01,1992-12-31,233,'854,Burkina Faso,767,'01921.02,"Cotton lint, ginned",5539,Producer Price Index (2014-2016 = 100),1992,1992,7021,Annual value,,40.800000,E
BFA,1993-01-01,1993-12-31,233,'854,Burkina Faso,767,'01921.02,"Cotton lint, ginned",5539,Producer Price Index (2014-2016 = 100),1993,1993,7021,Annual value,,40.800000,E
BFA,1994-01-01,1994-12-31,233,'854,Burkina Faso,767,'01921.02,"Cotton lint, ginned",5539,Producer Price Index (2014-2016 = 100),1994,1994,7021,Annual value,,40.800000,E
BFA,1995-01-01,1995-12-31,233,'854,Burkina Faso,767,'01921.02,"Cotton lint, ginned",5539,Producer Price Index (2014-2016 = 100),1995,1995,7021,Annual value,,40.800000,E
BFA,1996-01-01,1996-12-31,233,'854,Burkina Faso,767,'01921.02,"Cotton lint, ginned",5539,Producer Price Index (2014-2016 = 100),1996,1996,7021,Annual value,,40.800000,E
BFA,1997-01-01,1997-12-31,233,'854,Burkina Faso,767,'01921.02,"Cotton lint, ginned",5539,Producer Price Index (2014-2016 = 100),1997,1997,7021,Annual value,,68.460000,E
BFA,1998-01-01,1998-12-31,233,'854,Burkina Faso,767,'01921.02,"Cotton lint, ginned",5539,Producer Price Index (2014-2016 = 100),1998,1998,7021,Annual value,,68.250000,E
BFA,1999-01-01,1999-12-31,233,'854,Burkina Faso,767,'01921.02,"Cotton lint, ginned",5539,Producer Price Index (2014-2016 = 100),1999,1999,7021,Annual value,,68.680000,E
BFA,2000-01-01,2000-12-31,233,'854,Burkina Faso,767,'01921.02,"Cotton lint, ginned",5539,Producer Price Index (2014-2016 = 100),2000,2000,7021,Annual value,,73.010000,E
BFA,2001-01-01,2001-12-31,233,'854,Burkina Faso,767,'01921.02,"Cotton lint, ginned",5539,Producer Price Index (2014-2016 = 100),2001,2001,7021,Annual value,,75.590000,E
BFA,2002-01-01,2002-12-31,233,'854,Burkina Faso,767,'01921.02,"Cotton lint, ginned",5539,Producer Price Index (2014-2016 = 100),2002,2002,7021,Annual value,,74.780000,E
BFA,2003-01-01,2003-12-31,233,'854,Burkina Faso,767,'01921.02,"Cotton lint, ginned",5539,Producer Price Index (2014-2016 = 100),2003,2003,7021,Annual value,,74.690000,E
BFA,2004-01-01,2004-12-31,233,'854,Burkina Faso,767,'01921.02,"Cotton lint, ginned",5539,Producer Price Index (2014-2016 = 100),2004,2004,7021,Annual value,,79.200000,E
BFA,2005-01-01,2005-12-31,233,'854,Burkina Faso,767,'01921.02,"Cotton lint, ginned",5539,Producer Price Index (2014-2016 = 100),2005,2005,7021,Annual value,,75.160000,E
BFA,2006-01-01,2006-12-31,233,'854,Burkina Faso,767,'01921.02,"Cotton lint, ginned",5539,Producer Price Index (2014-2016 = 100),2006,2006,7021,Annual value,,73.560000,E
BFA,2007-01-01,2007-12-31,233,'854,Burkina Faso,767,'01921.02,"Cotton lint, ginned",5539,Producer Price Index (2014-2016 = 100),2007,2007,7021,Annual value,,80.660000,E
BFA,2008-01-01,2008-12-31,233,'854,Burkina Faso,767,'01921.02,"Cotton lint, ginned",5539,Producer Price Index (2014-2016 = 100),2008,2008,7021,Annual value,,84.200000,E
BFA,2009-01-01,2009-12-31,233,'854,Burkina Faso,767,'01921.02,"Cotton lint, ginned",5539,Producer Price Index (2014-2016 = 100),2009,2009,7021,Annual value,,87.400000,E
BFA,2010-01-01,2010-12-31,233,'854,Burkina Faso,767,'01921.02,"Cotton lint, ginned",5539,Producer Price Index (2014-2016 = 100),2010,2010,7021,Annual value,,90.420000,E
BFA,2011-01-01,2011-12-31,233,'854,Burkina Faso,767,'01921.02,"Cotton lint, ginned",5539,Producer Price Index (2014-2016 = 100),2011,2011,7021,Annual value,,93.260000,E
BFA,2012-01-01,2012-12-31,233,'854,Burkina Faso,767,'01921.02,"Cotton lint, ginned",5539,Producer Price Index (2014-2016 = 100),2012,2012,7021,Annual value,,95.930000,E
BFA,2013-01-01,2013-12-31,233,'854,Burkina Faso,767,'01921.02,"Cotton lint, ginned",5539,Producer Price Index (2014-2016 = 100),2013,2013,7021,Annual value,,94.950000,E
BFA,2014-01-01,2014-12-31,233,'854,Burkina Faso,767,'01921.02,"Cotton lint, ginned",5539,Producer Price Index (2014-2016 = 100),2014,2014,7021,Annual value,,96.690000,E
BFA,2015-01-01,2015-12-31,233,'854,Burkina Faso,767,'01921.02,"Cotton lint, ginned",5539,Producer Price Index (2014-2016 = 100),2015,2015,7021,Annual value,,101.210000,E
BFA,2016-01-01,2016-12-31,233,'854,Burkina Faso,767,'01921.02,"Cotton lint, ginned",5539,Producer Price Index (2014-2016 = 100),2016,2016,7021,Annual value,,102.100000,E
BFA,2017-01-01,2017-12-31,233,'854,Burkina Faso,767,'01921.02,"Cotton lint, ginned",5539,Producer Price Index (2014-2016 = 100),2017,2017,7021,Annual value,,102.890000,E
BFA,2018-01-01,2018-12-31,233,'854,Burkina Faso,767,'01921.02,"Cotton lint, ginned",5539,Producer Price Index (2014-2016 = 100),2018,2018,7021,Annual value,,103.610000,E
BFA,2019-01-01,2019-12-31,233,'854,Burkina Faso,767,'01921.02,"Cotton lint, ginned",5539,Producer Price Index (2014-2016 = 100),2019,2019,7021,Annual value,,104.270000,E
BFA,2020-01-01,2020-12-31,233,'854,Burkina Faso,767,'01921.02,"Cotton lint, ginned",5539,Producer Price Index (2014-2016 = 100),2020,2020,7021,Annual value,,106.260000,E
BFA,2021-01-01,2021-12-31,233,'854,Burkina Faso,767,'01921.02,"Cotton lint, ginned",5539,Producer Price Index (2014-2016 = 100),2021,2021,7021,Annual value,,104.830000,E
BFA,2022-01-01,2022-12-31,233,'854,Burkina Faso,767,'01921.02,"Cotton lint, ginned",5539,Producer Price Index (2014-2016 = 100),2022,2022,7021,Annual value,,104.910000,E
BFA,2023-01-01,2023-12-31,233,'854,Burkina Faso,767,'01921.02,"Cotton lint, ginned",5539,Producer Price Index (2014-2016 = 100),2023,2023,7021,Annual value,,104.010000,E
BFA,2024-01-01,2024-12-31,233,'854,Burkina Faso,767,'01921.02,"Cotton lint, ginned",5539,Producer Price Index (2014-2016 = 100),2024,2024,7021,Annual value,,110.660000,E
BFA,2025-01-01,2025-12-31,233,'854,Burkina Faso,767,'01921.02,"Cotton lint, ginned",5539,Producer Price Index (2014-2016 = 100),2025,2025,7021,Annual value,,113.190000,E
BFA,2017-01-01,2017-01-31,233,'854,Burkina Faso,329,'0143,Cotton seed,5530,Producer Price (LCU/tonne),2017,2017,7001,January,LCU,3148.000000,A
BFA,2017-02-01,2017-02-28,233,'854,Burkina Faso,329,'0143,Cotton seed,5530,Producer Price (LCU/tonne),2017,2017,7002,February,LCU,3149.000000,A
BFA,2017-03-01,2017-03-31,233,'854,Burkina Faso,329,'0143,Cotton seed,5530,Producer Price (LCU/tonne),2017,2017,7003,March,LCU,3151.000000,A
BFA,2017-04-01,2017-04-30,233,'854,Burkina Faso,329,'0143,Cotton seed,5530,Producer Price (LCU/tonne),2017,2017,7004,April,LCU,3151.000000,A
BFA,2017-05-01,2017-05-31,233,'854,Burkina Faso,329,'0143,Cotton seed,5530,Producer Price (LCU/tonne),2017,2017,7005,May,LCU,3151.000000,A
BFA,2017-06-01,2017-06-30,233,'854,Burkina Faso,329,'0143,Cotton seed,5530,Producer Price (LCU/tonne),2017,2017,7006,June,LCU,3151.000000,A
BFA,2017-07-01,2017-07-31,233,'854,Burkina Faso,329,'0143,Cotton seed,5530,Producer Price (LCU/tonne),2017,2017,7007,July,LCU,3151.000000,A
BFA,2017-08-01,2017-08-31,233,'854,Burkina Faso,329,'0143,Cotton seed,5530,Producer Price (LCU/tonne),2017,2017,7008,August,LCU,3151.000000,A
BFA,2017-09-01,2017-09-30,233,'854,Burkina Faso,329,'0143,Cotton seed,5530,Producer Price (LCU/tonne),2017,2017,7009,September,LCU,3127.000000,A
BFA,2017-10-01,2017-10-31,233,'854,Burkina Faso,329,'0143,Cotton seed,5530,Producer Price (LCU/tonne),2017,2017,7010,October,LCU,3188.000000,A
BFA,2017-11-01,2017-11-30,233,'854,Burkina Faso,329,'0143,Cotton seed,5530,Producer Price (LCU/tonne),2017,2017,7011,November,LCU,1867.000000,A
BFA,2017-12-01,2017-12-31,233,'854,Burkina Faso,329,'0143,Cotton seed,5530,Producer Price (LCU/tonne),2017,2017,7012,December,LCU,1888.000000,A
BFA,1991-01-01,1991-12-31,233,'854,Burkina Faso,329,'0143,Cotton seed,5539,Producer Price Index (2014-2016 = 100),1991,1991,7021,Annual value,,40.320000,E
BFA,1992-01-01,1992-12-31,233,'854,Burkina Faso,329,'0143,Cotton seed,5539,Producer Price Index (2014-2016 = 100),1992,1992,7021,Annual value,,40.320000,E
BFA,1993-01-01,1993-12-31,233,'854,Burkina Faso,329,'0143,Cotton seed,5539,Producer Price Index (2014-2016 = 100),1993,1993,7021,Annual value,,40.320000,E
BFA,1994-01-01,1994-12-31,233,'854,Burkina Faso,329,'0143,Cotton seed,5539,Producer Price Index (2014-2016 = 100),1994,1994,7021,Annual value,,40.320000,E
BFA,1995-01-01,1995-12-31,233,'854,Burkina Faso,329,'0143,Cotton seed,5539,Producer Price Index (2014-2016 = 100),1995,1995,7021,Annual value,,40.320000,E
BFA,1996-01-01,1996-12-31,233,'854,Burkina Faso,329,'0143,Cotton seed,5539,Producer Price Index (2014-2016 = 100),1996,1996,7021,Annual value,,40.320000,E
BFA,1997-01-01,1997-12-31,233,'854,Burkina Faso,329,'0143,Cotton seed,5539,Producer Price Index (2014-2016 = 100),1997,1997,7021,Annual value,,67.520000,E
BFA,1998-01-01,1998-12-31,233,'854,Burkina Faso,329,'0143,Cotton seed,5539,Producer Price Index (2014-2016 = 100),1998,1998,7021,Annual value,,67.310000,E
BFA,1999-01-01,1999-12-31,233,'854,Burkina Faso,329,'0143,Cotton seed,5539,Producer Price Index (2014-2016 = 100),1999,1999,7021,Annual value,,67.730000,E
BFA,2000-01-01,2000-12-31,233,'854,Burkina Faso,329,'0143,Cotton seed,5539,Producer Price Index (2014-2016 = 100),2000,2000,7021,Annual value,,72.010000,E
BFA,2001-01-01,2001-12-31,233,'854,Burkina Faso,329,'0143,Cotton seed,5539,Producer Price Index (2014-2016 = 100),2001,2001,7021,Annual value,,74.550000,E
BFA,2002-01-01,2002-12-31,233,'854,Burkina Faso,329,'0143,Cotton seed,5539,Producer Price Index (2014-2016 = 100),2002,2002,7021,Annual value,,73.740000,E
BFA,2003-01-01,2003-12-31,233,'854,Burkina Faso,329,'0143,Cotton seed,5539,Producer Price Index (2014-2016 = 100),2003,2003,7021,Annual value,,73.660000,E
BFA,2004-01-01,2004-12-31,233,'854,Burkina Faso,329,'0143,Cotton seed,5539,Producer Price Index (2014-2016 = 100),2004,2004,7021,Annual value,,78.110000,E
BFA,2005-01-01,2005-12-31,233,'854,Burkina Faso,329,'0143,Cotton seed,5539,Producer Price Index (2014-2016 = 100),2005,2005,7021,Annual value,,74.130000,E
BFA,2006-01-01,2006-12-31,233,'854,Burkina Faso,329,'0143,Cotton seed,5539,Producer Price Index (2014-2016 = 100),2006,2006,7021,Annual value,,72.540000,E
BFA,2007-01-01,2007-12-31,233,'854,Burkina Faso,329,'0143,Cotton seed,5539,Producer Price Index (2014-2016 = 100),2007,2007,7021,Annual value,,79.550000,E
BFA,2008-01-01,2008-12-31,233,'854,Burkina Faso,329,'0143,Cotton seed,5539,Producer Price Index (2014-2016 = 100),2008,2008,7021,Annual value,,83.430000,E
BFA,2009-01-01,2009-12-31,233,'854,Burkina Faso,329,'0143,Cotton seed,5539,Producer Price Index (2014-2016 = 100),2009,2009,7021,Annual value,,86.990000,E
BFA,2010-01-01,2010-12-31,233,'854,Burkina Faso,329,'0143,Cotton seed,5539,Producer Price Index (2014-2016 = 100),2010,2010,7021,Annual value,,90.260000,E
BFA,2011-01-01,2011-12-31,233,'854,Burkina Faso,329,'0143,Cotton seed,5539,Producer Price Index (2014-2016 = 100),2011,2011,7021,Annual value,,93.240000,E
BFA,2012-01-01,2012-12-31,233,'854,Burkina Faso,329,'0143,Cotton seed,5539,Producer Price Index (2014-2016 = 100),2012,2012,7021,Annual value,,95.970000,E
BFA,2013-01-01,2013-12-31,233,'854,Burkina Faso,329,'0143,Cotton seed,5539,Producer Price Index (2014-2016 = 100),2013,2013,7021,Annual value,,95.300000,E
BFA,2014-01-01,2014-12-31,233,'854,Burkina Faso,329,'0143,Cotton seed,5539,Producer Price Index (2014-2016 = 100),2014,2014,7021,Annual value,,97.000000,E
BFA,2015-01-01,2015-12-31,233,'854,Burkina Faso,329,'0143,Cotton seed,5539,Producer Price Index (2014-2016 = 100),2015,2015,7021,Annual value,,101.110000,E
BFA,2016-01-01,2016-12-31,233,'854,Burkina Faso,329,'0143,Cotton seed,5539,Producer Price Index (2014-2016 = 100),2016,2016,7021,Annual value,,101.890000,E
BFA,2017-01-01,2017-12-31,233,'854,Burkina Faso,329,'0143,Cotton seed,5539,Producer Price Index (2014-2016 = 100),2017,2017,7021,Annual value,,102.530000,E
BFA,2018-01-01,2018-12-31,233,'854,Burkina Faso,329,'0143,Cotton seed,5539,Producer Price Index (2014-2016 = 100),2018,2018,7021,Annual value,,103.060000,E
BFA,2019-01-01,2019-12-31,233,'854,Burkina Faso,329,'0143,Cotton seed,5539,Producer Price Index (2014-2016 = 100),2019,2019,7021,Annual value,,103.500000,E
BFA,2020-01-01,2020-12-31,233,'854,Burkina Faso,329,'0143,Cotton seed,5539,Producer Price Index (2014-2016 = 100),2020,2020,7021,Annual value,,104.800000,E
BFA,2021-01-01,2021-12-31,233,'854,Burkina Faso,329,'0143,Cotton seed,5539,Producer Price Index (2014-2016 = 100),2021,2021,7021,Annual value,,103.390000,E
BFA,2022-01-01,2022-12-31,233,'854,Burkina Faso,329,'0143,Cotton seed,5539,Producer Price Index (2014-2016 = 100),2022,2022,7021,Annual value,,103.480000,E
BFA,2023-01-01,2023-12-31,233,'854,Burkina Faso,329,'0143,Cotton seed,5539,Producer Price Index (2014-2016 = 100),2023,2023,7021,Annual value,,102.600000,E
BFA,2024-01-01,2024-12-31,233,'854,Burkina Faso,329,'0143,Cotton seed,5539,Producer Price Index (2014-2016 = 100),2024,2024,7021,Annual value,,109.730000,E
BFA,2025-01-01,2025-12-31,233,'854,Burkina Faso,329,'0143,Cotton seed,5539,Producer Price Index (2014-2016 = 100),2025,2025,7021,Annual value,,112.480000,E
BFA,1998-01-01,1998-12-31,233,'854,Burkina Faso,195,'01706,"Cow peas, dry",5530,Producer Price (LCU/tonne),1998,1998,7021,Annual value,LCU,173000.000000,A
BFA,1999-01-01,1999-12-31,233,'854,Burkina Faso,195,'01706,"Cow peas, dry",5530,Producer Price (LCU/tonne),1999,1999,7021,Annual value,LCU,143000.000000,A
BFA,2000-01-01,2000-12-31,233,'854,Burkina Faso,195,'01706,"Cow peas, dry",5530,Producer Price (LCU/tonne),2000,2000,7021,Annual value,LCU,151000.000000,A
BFA,2001-01-01,2001-12-31,233,'854,Burkina Faso,195,'01706,"Cow peas, dry",5530,Producer Price (LCU/tonne),2001,2001,7021,Annual value,LCU,198000.000000,A
BFA,2006-01-01,2006-12-31,233,'854,Burkina Faso,195,'01706,"Cow peas, dry",5530,Producer Price (LCU/tonne),2006,2006,7021,Annual value,LCU,144785.800000,A
BFA,2022-01-01,2022-01-31,233,'854,Burkina Faso,195,'01706,"Cow peas, dry",5530,Producer Price (LCU/tonne),2022,2022,7001,January,LCU,504000.000000,A
BFA,2022-02-01,2022-02-28,233,'854,Burkina Faso,195,'01706,"Cow peas, dry",5530,Producer Price (LCU/tonne),2022,2022,7002,February,LCU,515000.000000,A
BFA,2022-03-01,2022-03-31,233,'854,Burkina Faso,195,'01706,"Cow peas, dry",5530,Producer Price (LCU/tonne),2022,2022,7003,March,LCU,536000.000000,A
BFA,2022-04-01,2022-04-30,233,'854,Burkina Faso,195,'01706,"Cow peas, dry",5530,Producer Price (LCU/tonne),2022,2022,7004,April,LCU,545000.000000,A
BFA,2022-05-01,2022-05-31,233,'854,Burkina Faso,195,'01706,"Cow peas, dry",5530,Producer Price (LCU/tonne),2022,2022,7005,May,LCU,554000.000000,A
BFA,2022-06-01,2022-06-30,233,'854,Burkina Faso,195,'01706,"Cow peas, dry",5530,Producer Price (LCU/tonne),2022,2022,7006,June,LCU,559000.000000,A
BFA,2022-07-01,2022-07-31,233,'854,Burkina Faso,195,'01706,"Cow peas, dry",5530,Producer Price (LCU/tonne),2022,2022,7007,July,LCU,559000.000000,A
BFA,2022-08-01,2022-08-31,233,'854,Burkina Faso,195,'01706,"Cow peas, dry",5530,Producer Price (LCU/tonne),2022,2022,7008,August,LCU,557000.000000,A
BFA,2022-09-01,2022-09-30,233,'854,Burkina Faso,195,'01706,"Cow peas, dry",5530,Producer Price (LCU/tonne),2022,2022,7009,September,LCU,514000.000000,A
BFA,2022-10-01,2022-10-31,233,'854,Burkina Faso,195,'01706,"Cow peas, dry",5530,Producer Price (LCU/tonne),2022,2022,7010,October,LCU,389000.000000,A
BFA,2022-11-01,2022-11-30,233,'854,Burkina Faso,195,'01706,"Cow peas, dry",5530,Producer Price (LCU/tonne),2022,2022,7011,November,LCU,324000.000000,A
BFA,2022-12-01,2022-12-31,233,'854,Burkina Faso,195,'01706,"Cow peas, dry",5530,Producer Price (LCU/tonne),2022,2022,7012,December,LCU,338000.000000,A
BFA,1998-01-01,1998-12-31,233,'854,Burkina Faso,195,'01706,"Cow peas, dry",5531,Producer Price (SLC/tonne),1998,1998,7021,Annual value,SLC,173000.000000,A
BFA,1999-01-01,1999-12-31,233,'854,Burkina Faso,195,'01706,"Cow peas, dry",5531,Producer Price (SLC/tonne),1999,1999,7021,Annual value,SLC,143000.000000,A
BFA,2000-01-01,2000-12-31,233,'854,Burkina Faso,195,'01706,"Cow peas, dry",5531,Producer Price (SLC/tonne),2000,2000,7021,Annual value,SLC,151000.000000,A
BFA,2001-01-01,2001-12-31,233,'854,Burkina Faso,195,'01706,"Cow peas, dry",5531,Producer Price (SLC/tonne),2001,2001,7021,Annual value,SLC,198000.000000,A
BFA,2006-01-01,2006-12-31,233,'854,Burkina Faso,195,'01706,"Cow peas, dry",5531,Producer Price (SLC/tonne),2006,2006,7021,Annual value,SLC,144785.800000,A
BFA,1998-01-01,1998-12-31,233,'854,Burkina Faso,195,'01706,"Cow peas, dry",5532,Producer Price (USD/tonne),1998,1998,7021,Annual value,USD,293.200000,A
BFA,1999-01-01,1999-12-31,233,'854,Burkina Faso,195,'01706,"Cow peas, dry",5532,Producer Price (USD/tonne),1999,1999,7021,Annual value,USD,232.300000,A
BFA,2000-01-01,2000-12-31,233,'854,Burkina Faso,195,'01706,"Cow peas, dry",5532,Producer Price (USD/tonne),2000,2000,7021,Annual value,USD,212.100000,A
BFA,2001-01-01,2001-12-31,233,'854,Burkina Faso,195,'01706,"Cow peas, dry",5532,Producer Price (USD/tonne),2001,2001,7021,Annual value,USD,270.100000,A
BFA,2006-01-01,2006-12-31,233,'854,Burkina Faso,195,'01706,"Cow peas, dry",5532,Producer Price (USD/tonne),2006,2006,7021,Annual value,USD,276.900000,A
BFA,1991-01-01,1991-12-31,233,'854,Burkina Faso,195,'01706,"Cow peas, dry",5539,Producer Price Index (2014-2016 = 100),1991,1991,7021,Annual value,,45.410000,E
BFA,1992-01-01,1992-12-31,233,'854,Burkina Faso,195,'01706,"Cow peas, dry",5539,Producer Price Index (2014-2016 = 100),1992,1992,7021,Annual value,,46.580000,E
BFA,1993-01-01,1993-12-31,233,'854,Burkina Faso,195,'01706,"Cow peas, dry",5539,Producer Price Index (2014-2016 = 100),1993,1993,7021,Annual value,,37.970000,E
BFA,1994-01-01,1994-12-31,233,'854,Burkina Faso,195,'01706,"Cow peas, dry",5539,Producer Price Index (2014-2016 = 100),1994,1994,7021,Annual value,,50.750000,E
BFA,1995-01-01,1995-12-31,233,'854,Burkina Faso,195,'01706,"Cow peas, dry",5539,Producer Price Index (2014-2016 = 100),1995,1995,7021,Annual value,,50.750000,E
BFA,1996-01-01,1996-12-31,233,'854,Burkina Faso,195,'01706,"Cow peas, dry",5539,Producer Price Index (2014-2016 = 100),1996,1996,7021,Annual value,,71.130000,E
BFA,1997-01-01,1997-12-31,233,'854,Burkina Faso,195,'01706,"Cow peas, dry",5539,Producer Price Index (2014-2016 = 100),1997,1997,7021,Annual value,,72.310000,E
BFA,1998-01-01,1998-12-31,233,'854,Burkina Faso,195,'01706,"Cow peas, dry",5539,Producer Price Index (2014-2016 = 100),1998,1998,7021,Annual value,,87.790000,E
BFA,1999-01-01,1999-12-31,233,'854,Burkina Faso,195,'01706,"Cow peas, dry",5539,Producer Price Index (2014-2016 = 100),1999,1999,7021,Annual value,,72.570000,E
BFA,2000-01-01,2000-12-31,233,'854,Burkina Faso,195,'01706,"Cow peas, dry",5539,Producer Price Index (2014-2016 = 100),2000,2000,7021,Annual value,,76.630000,E
BFA,2001-01-01,2001-12-31,233,'854,Burkina Faso,195,'01706,"Cow peas, dry",5539,Producer Price Index (2014-2016 = 100),2001,2001,7021,Annual value,,100.480000,E
BFA,2002-01-01,2002-12-31,233,'854,Burkina Faso,195,'01706,"Cow peas, dry",5539,Producer Price Index (2014-2016 = 100),2002,2002,7021,Annual value,,114.290000,E
BFA,2003-01-01,2003-12-31,233,'854,Burkina Faso,195,'01706,"Cow peas, dry",5539,Producer Price Index (2014-2016 = 100),2003,2003,7021,Annual value,,78.780000,E
BFA,2004-01-01,2004-12-31,233,'854,Burkina Faso,195,'01706,"Cow peas, dry",5539,Producer Price Index (2014-2016 = 100),2004,2004,7021,Annual value,,80.950000,E
BFA,2005-01-01,2005-12-31,233,'854,Burkina Faso,195,'01706,"Cow peas, dry",5539,Producer Price Index (2014-2016 = 100),2005,2005,7021,Annual value,,79.120000,E
BFA,2006-01-01,2006-12-31,233,'854,Burkina Faso,195,'01706,"Cow peas, dry",5539,Producer Price Index (2014-2016 = 100),2006,2006,7021,Annual value,,73.480000,E
BFA,2007-01-01,2007-12-31,233,'854,Burkina Faso,195,'01706,"Cow peas, dry",5539,Producer Price Index (2014-2016 = 100),2007,2007,7021,Annual value,,80.570000,E
BFA,2008-01-01,2008-12-31,233,'854,Burkina Faso,195,'01706,"Cow peas, dry",5539,Producer Price Index (2014-2016 = 100),2008,2008,7021,Annual value,,85.690000,E
BFA,2009-01-01,2009-12-31,233,'854,Burkina Faso,195,'01706,"Cow peas, dry",5539,Producer Price Index (2014-2016 = 100),2009,2009,7021,Annual value,,88.420000,E
BFA,2010-01-01,2010-12-31,233,'854,Burkina Faso,195,'01706,"Cow peas, dry",5539,Producer Price Index (2014-2016 = 100),2010,2010,7021,Annual value,,91.170000,E
BFA,2011-01-01,2011-12-31,233,'854,Burkina Faso,195,'01706,"Cow peas, dry",5539,Producer Price Index (2014-2016 = 100),2011,2011,7021,Annual value,,93.890000,E
BFA,2012-01-01,2012-12-31,233,'854,Burkina Faso,195,'01706,"Cow peas, dry",5539,Producer Price Index (2014-2016 = 100),2012,2012,7021,Annual value,,96.560000,E
BFA,2013-01-01,2013-12-31,233,'854,Burkina Faso,195,'01706,"Cow peas, dry",5539,Producer Price Index (2014-2016 = 100),2013,2013,7021,Annual value,,96.480000,E
BFA,2014-01-01,2014-12-31,233,'854,Burkina Faso,195,'01706,"Cow peas, dry",5539,Producer Price Index (2014-2016 = 100),2014,2014,7021,Annual value,,98.380000,E
BFA,2015-01-01,2015-12-31,233,'854,Burkina Faso,195,'01706,"Cow peas, dry",5539,Producer Price Index (2014-2016 = 100),2015,2015,7021,Annual value,,100.140000,E
BFA,2016-01-01,2016-12-31,233,'854,Burkina Faso,195,'01706,"Cow peas, dry",5539,Producer Price Index (2014-2016 = 100),2016,2016,7021,Annual value,,101.480000,E
BFA,2017-01-01,2017-12-31,233,'854,Burkina Faso,195,'01706,"Cow peas, dry",5539,Producer Price Index (2014-2016 = 100),2017,2017,7021,Annual value,,102.730000,E
BFA,2018-01-01,2018-12-31,233,'854,Burkina Faso,195,'01706,"Cow peas, dry",5539,Producer Price Index (2014-2016 = 100),2018,2018,7021,Annual value,,103.890000,E
BFA,2019-01-01,2019-12-31,233,'854,Burkina Faso,195,'01706,"Cow peas, dry",5539,Producer Price Index (2014-2016 = 100),2019,2019,7021,Annual value,,105.020000,E
BFA,2020-01-01,2020-12-31,233,'854,Burkina Faso,195,'01706,"Cow peas, dry",5539,Producer Price Index (2014-2016 = 100),2020,2020,7021,Annual value,,104.760000,E
BFA,2021-01-01,2021-12-31,233,'854,Burkina Faso,195,'01706,"Cow peas, dry",5539,Producer Price Index (2014-2016 = 100),2021,2021,7021,Annual value,,98.620000,E
BFA,2022-01-01,2022-12-31,233,'854,Burkina Faso,195,'01706,"Cow peas, dry",5539,Producer Price Index (2014-2016 = 100),2022,2022,7021,Annual value,,124.020000,E
BFA,2023-01-01,2023-12-31,233,'854,Burkina Faso,195,'01706,"Cow peas, dry",5539,Producer Price Index (2014-2016 = 100),2023,2023,7021,Annual value,,104.860000,E
BFA,2024-01-01,2024-12-31,233,'854,Burkina Faso,195,'01706,"Cow peas, dry",5539,Producer Price Index (2014-2016 = 100),2024,2024,7021,Annual value,,117.350000,E
BFA,2025-01-01,2025-12-31,233,'854,Burkina Faso,195,'01706,"Cow peas, dry",5539,Producer Price Index (2014-2016 = 100),2025,2025,7021,Annual value,,119.280000,E
BFA,2017-01-01,2017-01-31,233,'854,Burkina Faso,397,'01232,Cucumbers and gherkins,5530,Producer Price (LCU/tonne),2017,2017,7001,January,LCU,1914.000000,A
BFA,2017-02-01,2017-02-28,233,'854,Burkina Faso,397,'01232,Cucumbers and gherkins,5530,Producer Price (LCU/tonne),2017,2017,7002,February,LCU,2301.000000,A
BFA,2017-03-01,2017-03-31,233,'854,Burkina Faso,397,'01232,Cucumbers and gherkins,5530,Producer Price (LCU/tonne),2017,2017,7003,March,LCU,2009.000000,A
BFA,2017-04-01,2017-04-30,233,'854,Burkina Faso,397,'01232,Cucumbers and gherkins,5530,Producer Price (LCU/tonne),2017,2017,7004,April,LCU,1298.000000,A
BFA,2017-05-01,2017-05-31,233,'854,Burkina Faso,397,'01232,Cucumbers and gherkins,5530,Producer Price (LCU/tonne),2017,2017,7005,May,LCU,1241.000000,A
BFA,2017-06-01,2017-06-30,233,'854,Burkina Faso,397,'01232,Cucumbers and gherkins,5530,Producer Price (LCU/tonne),2017,2017,7006,June,LCU,1112.000000,A
BFA,2017-07-01,2017-07-31,233,'854,Burkina Faso,397,'01232,Cucumbers and gherkins,5530,Producer Price (LCU/tonne),2017,2017,7007,July,LCU,1130.000000,A
BFA,2017-08-01,2017-08-31,233,'854,Burkina Faso,397,'01232,Cucumbers and gherkins,5530,Producer Price (LCU/tonne),2017,2017,7008,August,LCU,1070.000000,A
BFA,2017-09-01,2017-09-30,233,'854,Burkina Faso,397,'01232,Cucumbers and gherkins,5530,Producer Price (LCU/tonne),2017,2017,7009,September,LCU,1100.000000,A
BFA,2017-10-01,2017-10-31,233,'854,Burkina Faso,397,'01232,Cucumbers and gherkins,5530,Producer Price (LCU/tonne),2017,2017,7010,October,LCU,1156.000000,A
BFA,2017-11-01,2017-11-30,233,'854,Burkina Faso,397,'01232,Cucumbers and gherkins,5530,Producer Price (LCU/tonne),2017,2017,7011,November,LCU,1205.000000,A
BFA,2017-12-01,2017-12-31,233,'854,Burkina Faso,397,'01232,Cucumbers and gherkins,5530,Producer Price (LCU/tonne),2017,2017,7012,December,LCU,1341.000000,A
BFA,2017-08-01,2017-08-31,233,'854,Burkina Faso,577,'01314,Dates,5530,Producer Price (LCU/tonne),2017,2017,7008,August,LCU,1977.000000,A
BFA,2017-09-01,2017-09-30,233,'854,Burkina Faso,577,'01314,Dates,5530,Producer Price (LCU/tonne),2017,2017,7009,September,LCU,1376.000000,A
BFA,2017-10-01,2017-10-31,233,'854,Burkina Faso,577,'01314,Dates,5530,Producer Price (LCU/tonne),2017,2017,7010,October,LCU,1330.000000,A
BFA,2017-11-01,2017-11-30,233,'854,Burkina Faso,577,'01314,Dates,5530,Producer Price (LCU/tonne),2017,2017,7011,November,LCU,1468.000000,A
BFA,2017-12-01,2017-12-31,233,'854,Burkina Faso,577,'01314,Dates,5530,Producer Price (LCU/tonne),2017,2017,7012,December,LCU,3164.000000,A
BFA,2017-01-01,2017-01-31,233,'854,Burkina Faso,399,'01233,Eggplants (aubergines),5530,Producer Price (LCU/tonne),2017,2017,7001,January,LCU,2784.000000,A
BFA,2017-02-01,2017-02-28,233,'854,Burkina Faso,399,'01233,Eggplants (aubergines),5530,Producer Price (LCU/tonne),2017,2017,7002,February,LCU,2802.000000,A
BFA,2017-03-01,2017-03-31,233,'854,Burkina Faso,399,'01233,Eggplants (aubergines),5530,Producer Price (LCU/tonne),2017,2017,7003,March,LCU,2770.000000,A
BFA,2017-04-01,2017-04-30,233,'854,Burkina Faso,399,'01233,Eggplants (aubergines),5530,Producer Price (LCU/tonne),2017,2017,7004,April,LCU,1480.000000,A
BFA,2017-05-01,2017-05-31,233,'854,Burkina Faso,399,'01233,Eggplants (aubergines),5530,Producer Price (LCU/tonne),2017,2017,7005,May,LCU,1317.000000,A
BFA,2017-06-01,2017-06-30,233,'854,Burkina Faso,399,'01233,Eggplants (aubergines),5530,Producer Price (LCU/tonne),2017,2017,7006,June,LCU,1115.000000,A
BFA,2017-07-01,2017-07-31,233,'854,Burkina Faso,399,'01233,Eggplants (aubergines),5530,Producer Price (LCU/tonne),2017,2017,7007,July,LCU,1102.000000,A
BFA,2017-08-01,2017-08-31,233,'854,Burkina Faso,399,'01233,Eggplants (aubergines),5530,Producer Price (LCU/tonne),2017,2017,7008,August,LCU,1033.000000,A
BFA,2017-09-01,2017-09-30,233,'854,Burkina Faso,399,'01233,Eggplants (aubergines),5530,Producer Price (LCU/tonne),2017,2017,7009,September,LCU,1071.000000,A
BFA,2017-10-01,2017-10-31,233,'854,Burkina Faso,399,'01233,Eggplants (aubergines),5530,Producer Price (LCU/tonne),2017,2017,7010,October,LCU,1340.000000,A
BFA,2017-11-01,2017-11-30,233,'854,Burkina Faso,399,'01233,Eggplants (aubergines),5530,Producer Price (LCU/tonne),2017,2017,7011,November,LCU,1417.000000,A
BFA,2017-12-01,2017-12-31,233,'854,Burkina Faso,399,'01233,Eggplants (aubergines),5530,Producer Price (LCU/tonne),2017,2017,7012,December,LCU,1768.000000,A
BFA,2017-06-01,2017-06-30,233,'854,Burkina Faso,569,'01315,Figs,5530,Producer Price (LCU/tonne),2017,2017,7006,June,LCU,3862.000000,A
BFA,2017-07-01,2017-07-31,233,'854,Burkina Faso,569,'01315,Figs,5530,Producer Price (LCU/tonne),2017,2017,7007,July,LCU,3204.000000,A
BFA,2017-08-01,2017-08-31,233,'854,Burkina Faso,569,'01315,Figs,5530,Producer Price (LCU/tonne),2017,2017,7008,August,LCU,3358.000000,A
BFA,2017-09-01,2017-09-30,233,'854,Burkina Faso,569,'01315,Figs,5530,Producer Price (LCU/tonne),2017,2017,7009,September,LCU,3552.000000,A
BFA,2017-10-01,2017-10-31,233,'854,Burkina Faso,569,'01315,Figs,5530,Producer Price (LCU/tonne),2017,2017,7010,October,LCU,3503.000000,A
BFA,1997-01-01,1997-12-31,233,'854,Burkina Faso,94,'01193,Fonio,5530,Producer Price (LCU/tonne),1997,1997,7021,Annual value,LCU,136393.200000,A
BFA,1998-01-01,1998-12-31,233,'854,Burkina Faso,94,'01193,Fonio,5530,Producer Price (LCU/tonne),1998,1998,7021,Annual value,LCU,155600.400000,A
BFA,1999-01-01,1999-12-31,233,'854,Burkina Faso,94,'01193,Fonio,5530,Producer Price (LCU/tonne),1999,1999,7021,Annual value,LCU,136393.200000,A
BFA,2000-01-01,2000-12-31,233,'854,Burkina Faso,94,'01193,Fonio,5530,Producer Price (LCU/tonne),2000,2000,7021,Annual value,LCU,101000.000000,A
BFA,2001-01-01,2001-12-31,233,'854,Burkina Faso,94,'01193,Fonio,5530,Producer Price (LCU/tonne),2001,2001,7021,Annual value,LCU,199000.000000,A
BFA,2002-01-01,2002-12-31,233,'854,Burkina Faso,94,'01193,Fonio,5530,Producer Price (LCU/tonne),2002,2002,7021,Annual value,LCU,200592.000000,A
BFA,2003-01-01,2003-12-31,233,'854,Burkina Faso,94,'01193,Fonio,5530,Producer Price (LCU/tonne),2003,2003,7021,Annual value,LCU,196560.000000,A
BFA,2004-01-01,2004-12-31,233,'854,Burkina Faso,94,'01193,Fonio,5530,Producer Price (LCU/tonne),2004,2004,7021,Annual value,LCU,201474.000000,A
BFA,2005-01-01,2005-12-31,233,'854,Burkina Faso,94,'01193,Fonio,5530,Producer Price (LCU/tonne),2005,2005,7021,Annual value,LCU,206510.900000,A
BFA,2006-01-01,2006-12-31,233,'854,Burkina Faso,94,'01193,Fonio,5530,Producer Price (LCU/tonne),2006,2006,7021,Annual value,LCU,211673.600000,A
BFA,1997-01-01,1997-12-31,233,'854,Burkina Faso,94,'01193,Fonio,5531,Producer Price (SLC/tonne),1997,1997,7021,Annual value,SLC,136393.200000,A
BFA,1998-01-01,1998-12-31,233,'854,Burkina Faso,94,'01193,Fonio,5531,Producer Price (SLC/tonne),1998,1998,7021,Annual value,SLC,155600.400000,A
BFA,1999-01-01,1999-12-31,233,'854,Burkina Faso,94,'01193,Fonio,5531,Producer Price (SLC/tonne),1999,1999,7021,Annual value,SLC,136393.200000,A
BFA,2000-01-01,2000-12-31,233,'854,Burkina Faso,94,'01193,Fonio,5531,Producer Price (SLC/tonne),2000,2000,7021,Annual value,SLC,101000.000000,A
BFA,2001-01-01,2001-12-31,233,'854,Burkina Faso,94,'01193,Fonio,5531,Producer Price (SLC/tonne),2001,2001,7021,Annual value,SLC,199000.000000,A
BFA,2002-01-01,2002-12-31,233,'854,Burkina Faso,94,'01193,Fonio,5531,Producer Price (SLC/tonne),2002,2002,7021,Annual value,SLC,200592.000000,A
BFA,2003-01-01,2003-12-31,233,'854,Burkina Faso,94,'01193,Fonio,5531,Producer Price (SLC/tonne),2003,2003,7021,Annual value,SLC,196560.000000,A
BFA,2004-01-01,2004-12-31,233,'854,Burkina Faso,94,'01193,Fonio,5531,Producer Price (SLC/tonne),2004,2004,7021,Annual value,SLC,201474.000000,A
BFA,2005-01-01,2005-12-31,233,'854,Burkina Faso,94,'01193,Fonio,5531,Producer Price (SLC/tonne),2005,2005,7021,Annual value,SLC,206510.900000,A
BFA,2006-01-01,2006-12-31,233,'854,Burkina Faso,94,'01193,Fonio,5531,Producer Price (SLC/tonne),2006,2006,7021,Annual value,SLC,211673.600000,A
BFA,1997-01-01,1997-12-31,233,'854,Burkina Faso,94,'01193,Fonio,5532,Producer Price (USD/tonne),1997,1997,7021,Annual value,USD,233.700000,A
BFA,1998-01-01,1998-12-31,233,'854,Burkina Faso,94,'01193,Fonio,5532,Producer Price (USD/tonne),1998,1998,7021,Annual value,USD,263.800000,A
BFA,1999-01-01,1999-12-31,233,'854,Burkina Faso,94,'01193,Fonio,5532,Producer Price (USD/tonne),1999,1999,7021,Annual value,USD,221.500000,A
BFA,2000-01-01,2000-12-31,233,'854,Burkina Faso,94,'01193,Fonio,5532,Producer Price (USD/tonne),2000,2000,7021,Annual value,USD,141.900000,A
BFA,2001-01-01,2001-12-31,233,'854,Burkina Faso,94,'01193,Fonio,5532,Producer Price (USD/tonne),2001,2001,7021,Annual value,USD,271.500000,A
BFA,2002-01-01,2002-12-31,233,'854,Burkina Faso,94,'01193,Fonio,5532,Producer Price (USD/tonne),2002,2002,7021,Annual value,USD,287.800000,A
BFA,2003-01-01,2003-12-31,233,'854,Burkina Faso,94,'01193,Fonio,5532,Producer Price (USD/tonne),2003,2003,7021,Annual value,USD,338.200000,A
BFA,2004-01-01,2004-12-31,233,'854,Burkina Faso,94,'01193,Fonio,5532,Producer Price (USD/tonne),2004,2004,7021,Annual value,USD,381.400000,A
BFA,2005-01-01,2005-12-31,233,'854,Burkina Faso,94,'01193,Fonio,5532,Producer Price (USD/tonne),2005,2005,7021,Annual value,USD,391.500000,A
BFA,2006-01-01,2006-12-31,233,'854,Burkina Faso,94,'01193,Fonio,5532,Producer Price (USD/tonne),2006,2006,7021,Annual value,USD,404.800000,A
BFA,1991-01-01,1991-12-31,233,'854,Burkina Faso,94,'01193,Fonio,5539,Producer Price Index (2014-2016 = 100),1991,1991,7021,Annual value,,33.330000,E
BFA,1992-01-01,1992-12-31,233,'854,Burkina Faso,94,'01193,Fonio,5539,Producer Price Index (2014-2016 = 100),1992,1992,7021,Annual value,,34.480000,E
BFA,1993-01-01,1993-12-31,233,'854,Burkina Faso,94,'01193,Fonio,5539,Producer Price Index (2014-2016 = 100),1993,1993,7021,Annual value,,28.850000,E
BFA,1994-01-01,1994-12-31,233,'854,Burkina Faso,94,'01193,Fonio,5539,Producer Price Index (2014-2016 = 100),1994,1994,7021,Annual value,,41.200000,E
BFA,1995-01-01,1995-12-31,233,'854,Burkina Faso,94,'01193,Fonio,5539,Producer Price Index (2014-2016 = 100),1995,1995,7021,Annual value,,41.200000,E
BFA,1996-01-01,1996-12-31,233,'854,Burkina Faso,94,'01193,Fonio,5539,Producer Price Index (2014-2016 = 100),1996,1996,7021,Annual value,,53.220000,E
BFA,1997-01-01,1997-12-31,233,'854,Burkina Faso,94,'01193,Fonio,5539,Producer Price Index (2014-2016 = 100),1997,1997,7021,Annual value,,48.810000,E
BFA,1998-01-01,1998-12-31,233,'854,Burkina Faso,94,'01193,Fonio,5539,Producer Price Index (2014-2016 = 100),1998,1998,7021,Annual value,,55.680000,E
BFA,1999-01-01,1999-12-31,233,'854,Burkina Faso,94,'01193,Fonio,5539,Producer Price Index (2014-2016 = 100),1999,1999,7021,Annual value,,48.810000,E
BFA,2000-01-01,2000-12-31,233,'854,Burkina Faso,94,'01193,Fonio,5539,Producer Price Index (2014-2016 = 100),2000,2000,7021,Annual value,,36.140000,E
BFA,2001-01-01,2001-12-31,233,'854,Burkina Faso,94,'01193,Fonio,5539,Producer Price Index (2014-2016 = 100),2001,2001,7021,Annual value,,71.210000,E
BFA,2002-01-01,2002-12-31,233,'854,Burkina Faso,94,'01193,Fonio,5539,Producer Price Index (2014-2016 = 100),2002,2002,7021,Annual value,,71.780000,E
BFA,2003-01-01,2003-12-31,233,'854,Burkina Faso,94,'01193,Fonio,5539,Producer Price Index (2014-2016 = 100),2003,2003,7021,Annual value,,70.340000,E
BFA,2004-01-01,2004-12-31,233,'854,Burkina Faso,94,'01193,Fonio,5539,Producer Price Index (2014-2016 = 100),2004,2004,7021,Annual value,,72.100000,E
BFA,2005-01-01,2005-12-31,233,'854,Burkina Faso,94,'01193,Fonio,5539,Producer Price Index (2014-2016 = 100),2005,2005,7021,Annual value,,73.900000,E
BFA,2006-01-01,2006-12-31,233,'854,Burkina Faso,94,'01193,Fonio,5539,Producer Price Index (2014-2016 = 100),2006,2006,7021,Annual value,,75.750000,E
BFA,2007-01-01,2007-12-31,233,'854,Burkina Faso,94,'01193,Fonio,5539,Producer Price Index (2014-2016 = 100),2007,2007,7021,Annual value,,83.060000,E
BFA,2008-01-01,2008-12-31,233,'854,Burkina Faso,94,'01193,Fonio,5539,Producer Price Index (2014-2016 = 100),2008,2008,7021,Annual value,,82.850000,E
BFA,2009-01-01,2009-12-31,233,'854,Burkina Faso,94,'01193,Fonio,5539,Producer Price Index (2014-2016 = 100),2009,2009,7021,Annual value,,85.780000,E
BFA,2010-01-01,2010-12-31,233,'854,Burkina Faso,94,'01193,Fonio,5539,Producer Price Index (2014-2016 = 100),2010,2010,7021,Annual value,,88.930000,E
BFA,2011-01-01,2011-12-31,233,'854,Burkina Faso,94,'01193,Fonio,5539,Producer Price Index (2014-2016 = 100),2011,2011,7021,Annual value,,92.310000,E
BFA,2012-01-01,2012-12-31,233,'854,Burkina Faso,94,'01193,Fonio,5539,Producer Price Index (2014-2016 = 100),2012,2012,7021,Annual value,,95.290000,E
BFA,2013-01-01,2013-12-31,233,'854,Burkina Faso,94,'01193,Fonio,5539,Producer Price Index (2014-2016 = 100),2013,2013,7021,Annual value,,96.510000,E
BFA,2014-01-01,2014-12-31,233,'854,Burkina Faso,94,'01193,Fonio,5539,Producer Price Index (2014-2016 = 100),2014,2014,7021,Annual value,,99.560000,E
BFA,2015-01-01,2015-12-31,233,'854,Burkina Faso,94,'01193,Fonio,5539,Producer Price Index (2014-2016 = 100),2015,2015,7021,Annual value,,98.550000,E
BFA,2016-01-01,2016-12-31,233,'854,Burkina Faso,94,'01193,Fonio,5539,Producer Price Index (2014-2016 = 100),2016,2016,7021,Annual value,,101.900000,E
BFA,2017-01-01,2017-12-31,233,'854,Burkina Faso,94,'01193,Fonio,5539,Producer Price Index (2014-2016 = 100),2017,2017,7021,Annual value,,105.650000,E
BFA,2018-01-01,2018-12-31,233,'854,Burkina Faso,94,'01193,Fonio,5539,Producer Price Index (2014-2016 = 100),2018,2018,7021,Annual value,,108.480000,E
BFA,2019-01-01,2019-12-31,233,'854,Burkina Faso,94,'01193,Fonio,5539,Producer Price Index (2014-2016 = 100),2019,2019,7021,Annual value,,111.890000,E
BFA,2020-01-01,2020-12-31,233,'854,Burkina Faso,94,'01193,Fonio,5539,Producer Price Index (2014-2016 = 100),2020,2020,7021,Annual value,,109.630000,E
BFA,2021-01-01,2021-12-31,233,'854,Burkina Faso,94,'01193,Fonio,5539,Producer Price Index (2014-2016 = 100),2021,2021,7021,Annual value,,113.890000,E
BFA,2022-01-01,2022-12-31,233,'854,Burkina Faso,94,'01193,Fonio,5539,Producer Price Index (2014-2016 = 100),2022,2022,7021,Annual value,,143.280000,E
BFA,2023-01-01,2023-12-31,233,'854,Burkina Faso,94,'01193,Fonio,5539,Producer Price Index (2014-2016 = 100),2023,2023,7021,Annual value,,132.590000,E
BFA,2024-01-01,2024-12-31,233,'854,Burkina Faso,94,'01193,Fonio,5539,Producer Price Index (2014-2016 = 100),2024,2024,7021,Annual value,,134.020000,E
BFA,2025-01-01,2025-12-31,233,'854,Burkina Faso,94,'01193,Fonio,5539,Producer Price Index (2014-2016 = 100),2025,2025,7021,Annual value,,139.550000,E
BFA,1991-01-01,1991-12-31,233,'854,Burkina Faso,1163,'21170.02,"Game meat, fresh, chilled or frozen",5539,Producer Price Index (2014-2016 = 100),1991,1991,7021,Annual value,,23.730000,E
BFA,1992-01-01,1992-12-31,233,'854,Burkina Faso,1163,'21170.02,"Game meat, fresh, chilled or frozen",5539,Producer Price Index (2014-2016 = 100),1992,1992,7021,Annual value,,45.400000,E
BFA,1993-01-01,1993-12-31,233,'854,Burkina Faso,1163,'21170.02,"Game meat, fresh, chilled or frozen",5539,Producer Price Index (2014-2016 = 100),1993,1993,7021,Annual value,,37.000000,E
BFA,1994-01-01,1994-12-31,233,'854,Burkina Faso,1163,'21170.02,"Game meat, fresh, chilled or frozen",5539,Producer Price Index (2014-2016 = 100),1994,1994,7021,Annual value,,49.460000,E
BFA,1995-01-01,1995-12-31,233,'854,Burkina Faso,1163,'21170.02,"Game meat, fresh, chilled or frozen",5539,Producer Price Index (2014-2016 = 100),1995,1995,7021,Annual value,,49.460000,E
BFA,1996-01-01,1996-12-31,233,'854,Burkina Faso,1163,'21170.02,"Game meat, fresh, chilled or frozen",5539,Producer Price Index (2014-2016 = 100),1996,1996,7021,Annual value,,69.320000,E
BFA,1997-01-01,1997-12-31,233,'854,Burkina Faso,1163,'21170.02,"Game meat, fresh, chilled or frozen",5539,Producer Price Index (2014-2016 = 100),1997,1997,7021,Annual value,,70.480000,E
BFA,1998-01-01,1998-12-31,233,'854,Burkina Faso,1163,'21170.02,"Game meat, fresh, chilled or frozen",5539,Producer Price Index (2014-2016 = 100),1998,1998,7021,Annual value,,85.560000,E
BFA,1999-01-01,1999-12-31,233,'854,Burkina Faso,1163,'21170.02,"Game meat, fresh, chilled or frozen",5539,Producer Price Index (2014-2016 = 100),1999,1999,7021,Annual value,,66.720000,E
BFA,2000-01-01,2000-12-31,233,'854,Burkina Faso,1163,'21170.02,"Game meat, fresh, chilled or frozen",5539,Producer Price Index (2014-2016 = 100),2000,2000,7021,Annual value,,51.080000,E
BFA,2001-01-01,2001-12-31,233,'854,Burkina Faso,1163,'21170.02,"Game meat, fresh, chilled or frozen",5539,Producer Price Index (2014-2016 = 100),2001,2001,7021,Annual value,,79.340000,E
BFA,2002-01-01,2002-12-31,233,'854,Burkina Faso,1163,'21170.02,"Game meat, fresh, chilled or frozen",5539,Producer Price Index (2014-2016 = 100),2002,2002,7021,Annual value,,90.240000,E
BFA,2003-01-01,2003-12-31,233,'854,Burkina Faso,1163,'21170.02,"Game meat, fresh, chilled or frozen",5539,Producer Price Index (2014-2016 = 100),2003,2003,7021,Annual value,,62.210000,E
BFA,2004-01-01,2004-12-31,233,'854,Burkina Faso,1163,'21170.02,"Game meat, fresh, chilled or frozen",5539,Producer Price Index (2014-2016 = 100),2004,2004,7021,Annual value,,68.390000,E
BFA,2005-01-01,2005-12-31,233,'854,Burkina Faso,1163,'21170.02,"Game meat, fresh, chilled or frozen",5539,Producer Price Index (2014-2016 = 100),2005,2005,7021,Annual value,,84.500000,E
BFA,2006-01-01,2006-12-31,233,'854,Burkina Faso,1163,'21170.02,"Game meat, fresh, chilled or frozen",5539,Producer Price Index (2014-2016 = 100),2006,2006,7021,Annual value,,79.160000,E
BFA,2007-01-01,2007-12-31,233,'854,Burkina Faso,1163,'21170.02,"Game meat, fresh, chilled or frozen",5539,Producer Price Index (2014-2016 = 100),2007,2007,7021,Annual value,,82.860000,E
BFA,2008-01-01,2008-12-31,233,'854,Burkina Faso,1163,'21170.02,"Game meat, fresh, chilled or frozen",5539,Producer Price Index (2014-2016 = 100),2008,2008,7021,Annual value,,85.670000,E
BFA,2009-01-01,2009-12-31,233,'854,Burkina Faso,1163,'21170.02,"Game meat, fresh, chilled or frozen",5539,Producer Price Index (2014-2016 = 100),2009,2009,7021,Annual value,,88.390000,E
BFA,2010-01-01,2010-12-31,233,'854,Burkina Faso,1163,'21170.02,"Game meat, fresh, chilled or frozen",5539,Producer Price Index (2014-2016 = 100),2010,2010,7021,Annual value,,91.110000,E
BFA,2011-01-01,2011-12-31,233,'854,Burkina Faso,1163,'21170.02,"Game meat, fresh, chilled or frozen",5539,Producer Price Index (2014-2016 = 100),2011,2011,7021,Annual value,,93.760000,E
BFA,2012-01-01,2012-12-31,233,'854,Burkina Faso,1163,'21170.02,"Game meat, fresh, chilled or frozen",5539,Producer Price Index (2014-2016 = 100),2012,2012,7021,Annual value,,96.320000,E
BFA,2013-01-01,2013-12-31,233,'854,Burkina Faso,1163,'21170.02,"Game meat, fresh, chilled or frozen",5539,Producer Price Index (2014-2016 = 100),2013,2013,7021,Annual value,,98.640000,E
BFA,2014-01-01,2014-12-31,233,'854,Burkina Faso,1163,'21170.02,"Game meat, fresh, chilled or frozen",5539,Producer Price Index (2014-2016 = 100),2014,2014,7021,Annual value,,100.740000,E
BFA,2015-01-01,2015-12-31,233,'854,Burkina Faso,1163,'21170.02,"Game meat, fresh, chilled or frozen",5539,Producer Price Index (2014-2016 = 100),2015,2015,7021,Annual value,,98.590000,E
BFA,2016-01-01,2016-12-31,233,'854,Burkina Faso,1163,'21170.02,"Game meat, fresh, chilled or frozen",5539,Producer Price Index (2014-2016 = 100),2016,2016,7021,Annual value,,100.670000,E
BFA,2017-01-01,2017-12-31,233,'854,Burkina Faso,1163,'21170.02,"Game meat, fresh, chilled or frozen",5539,Producer Price Index (2014-2016 = 100),2017,2017,7021,Annual value,,102.510000,E
BFA,2018-01-01,2018-12-31,233,'854,Burkina Faso,1163,'21170.02,"Game meat, fresh, chilled or frozen",5539,Producer Price Index (2014-2016 = 100),2018,2018,7021,Annual value,,104.100000,E
BFA,2019-01-01,2019-12-31,233,'854,Burkina Faso,1163,'21170.02,"Game meat, fresh, chilled or frozen",5539,Producer Price Index (2014-2016 = 100),2019,2019,7021,Annual value,,105.510000,E
BFA,2020-01-01,2020-12-31,233,'854,Burkina Faso,1163,'21170.02,"Game meat, fresh, chilled or frozen",5539,Producer Price Index (2014-2016 = 100),2020,2020,7021,Annual value,,101.120000,E
BFA,2021-01-01,2021-12-31,233,'854,Burkina Faso,1163,'21170.02,"Game meat, fresh, chilled or frozen",5539,Producer Price Index (2014-2016 = 100),2021,2021,7021,Annual value,,97.520000,E
BFA,2022-01-01,2022-12-31,233,'854,Burkina Faso,1163,'21170.02,"Game meat, fresh, chilled or frozen",5539,Producer Price Index (2014-2016 = 100),2022,2022,7021,Annual value,,128.780000,E
BFA,2023-01-01,2023-12-31,233,'854,Burkina Faso,1163,'21170.02,"Game meat, fresh, chilled or frozen",5539,Producer Price Index (2014-2016 = 100),2023,2023,7021,Annual value,,105.610000,E
BFA,2024-01-01,2024-12-31,233,'854,Burkina Faso,1163,'21170.02,"Game meat, fresh, chilled or frozen",5539,Producer Price Index (2014-2016 = 100),2024,2024,7021,Annual value,,120.210000,E
BFA,2025-01-01,2025-12-31,233,'854,Burkina Faso,1163,'21170.02,"Game meat, fresh, chilled or frozen",5539,Producer Price Index (2014-2016 = 100),2025,2025,7021,Annual value,,122.680000,E
BFA,2017-07-01,2017-07-31,233,'854,Burkina Faso,560,'01330,Grapes,5530,Producer Price (LCU/tonne),2017,2017,7007,July,LCU,1585.000000,A
BFA,2017-08-01,2017-08-31,233,'854,Burkina Faso,560,'01330,Grapes,5530,Producer Price (LCU/tonne),2017,2017,7008,August,LCU,1581.000000,A
BFA,2017-09-01,2017-09-30,233,'854,Burkina Faso,560,'01330,Grapes,5530,Producer Price (LCU/tonne),2017,2017,7009,September,LCU,1559.000000,A
BFA,2017-10-01,2017-10-31,233,'854,Burkina Faso,560,'01330,Grapes,5530,Producer Price (LCU/tonne),2017,2017,7010,October,LCU,1548.000000,A
BFA,2017-11-01,2017-11-30,233,'854,Burkina Faso,560,'01330,Grapes,5530,Producer Price (LCU/tonne),2017,2017,7011,November,LCU,1543.000000,A
BFA,2017-01-01,2017-01-31,233,'854,Burkina Faso,406,'01252,Green garlic,5530,Producer Price (LCU/tonne),2017,2017,7001,January,LCU,6380.000000,A
BFA,2017-02-01,2017-02-28,233,'854,Burkina Faso,406,'01252,Green garlic,5530,Producer Price (LCU/tonne),2017,2017,7002,February,LCU,6372.000000,A
BFA,2017-03-01,2017-03-31,233,'854,Burkina Faso,406,'01252,Green garlic,5530,Producer Price (LCU/tonne),2017,2017,7003,March,LCU,6218.000000,A
BFA,2017-04-01,2017-04-30,233,'854,Burkina Faso,406,'01252,Green garlic,5530,Producer Price (LCU/tonne),2017,2017,7004,April,LCU,6246.000000,A
BFA,2017-05-01,2017-05-31,233,'854,Burkina Faso,406,'01252,Green garlic,5530,Producer Price (LCU/tonne),2017,2017,7005,May,LCU,6254.000000,A
BFA,2017-06-01,2017-06-30,233,'854,Burkina Faso,406,'01252,Green garlic,5530,Producer Price (LCU/tonne),2017,2017,7006,June,LCU,5526.000000,A
BFA,2017-07-01,2017-07-31,233,'854,Burkina Faso,406,'01252,Green garlic,5530,Producer Price (LCU/tonne),2017,2017,7007,July,LCU,5644.000000,A
BFA,2017-08-01,2017-08-31,233,'854,Burkina Faso,406,'01252,Green garlic,5530,Producer Price (LCU/tonne),2017,2017,7008,August,LCU,5495.000000,A
BFA,2017-09-01,2017-09-30,233,'854,Burkina Faso,406,'01252,Green garlic,5530,Producer Price (LCU/tonne),2017,2017,7009,September,LCU,5124.000000,A
BFA,2017-10-01,2017-10-31,233,'854,Burkina Faso,406,'01252,Green garlic,5530,Producer Price (LCU/tonne),2017,2017,7010,October,LCU,5003.000000,A
BFA,2017-11-01,2017-11-30,233,'854,Burkina Faso,406,'01252,Green garlic,5530,Producer Price (LCU/tonne),2017,2017,7011,November,LCU,4862.000000,A
BFA,2017-12-01,2017-12-31,233,'854,Burkina Faso,406,'01252,Green garlic,5530,Producer Price (LCU/tonne),2017,2017,7012,December,LCU,4784.000000,A
BFA,1997-01-01,1997-12-31,233,'854,Burkina Faso,242,'0142,"Groundnuts, excluding shelled",5530,Producer Price (LCU/tonne),1997,1997,7021,Annual value,LCU,101313.600000,A
BFA,1998-01-01,1998-12-31,233,'854,Burkina Faso,242,'0142,"Groundnuts, excluding shelled",5530,Producer Price (LCU/tonne),1998,1998,7021,Annual value,LCU,100995.800000,A
BFA,1999-01-01,1999-12-31,233,'854,Burkina Faso,242,'0142,"Groundnuts, excluding shelled",5530,Producer Price (LCU/tonne),1999,1999,7021,Annual value,LCU,101631.400000,A
BFA,2000-01-01,2000-12-31,233,'854,Burkina Faso,242,'0142,"Groundnuts, excluding shelled",5530,Producer Price (LCU/tonne),2000,2000,7021,Annual value,LCU,108050.800000,A
BFA,2001-01-01,2001-12-31,233,'854,Burkina Faso,242,'0142,"Groundnuts, excluding shelled",5530,Producer Price (LCU/tonne),2001,2001,7021,Annual value,LCU,140000.000000,A
BFA,2002-01-01,2002-12-31,233,'854,Burkina Faso,242,'0142,"Groundnuts, excluding shelled",5530,Producer Price (LCU/tonne),2002,2002,7021,Annual value,LCU,90000.000000,A
BFA,2003-01-01,2003-12-31,233,'854,Burkina Faso,242,'0142,"Groundnuts, excluding shelled",5530,Producer Price (LCU/tonne),2003,2003,7021,Annual value,LCU,76500.000000,A
BFA,2004-01-01,2004-12-31,233,'854,Burkina Faso,242,'0142,"Groundnuts, excluding shelled",5530,Producer Price (LCU/tonne),2004,2004,7021,Annual value,LCU,76500.000000,A
BFA,2005-01-01,2005-12-31,233,'854,Burkina Faso,242,'0142,"Groundnuts, excluding shelled",5530,Producer Price (LCU/tonne),2005,2005,7021,Annual value,LCU,76500.000000,A
BFA,2006-01-01,2006-12-31,233,'854,Burkina Faso,242,'0142,"Groundnuts, excluding shelled",5530,Producer Price (LCU/tonne),2006,2006,7021,Annual value,LCU,144939.900000,A
BFA,2007-01-01,2007-12-31,233,'854,Burkina Faso,242,'0142,"Groundnuts, excluding shelled",5530,Producer Price (LCU/tonne),2007,2007,7021,Annual value,LCU,147145.600000,A
BFA,2017-01-01,2017-01-31,233,'854,Burkina Faso,242,'0142,"Groundnuts, excluding shelled",5530,Producer Price (LCU/tonne),2017,2017,7001,January,LCU,3605.000000,A
BFA,2017-02-01,2017-02-28,233,'854,Burkina Faso,242,'0142,"Groundnuts, excluding shelled",5530,Producer Price (LCU/tonne),2017,2017,7002,February,LCU,3814.000000,A
BFA,2017-03-01,2017-03-31,233,'854,Burkina Faso,242,'0142,"Groundnuts, excluding shelled",5530,Producer Price (LCU/tonne),2017,2017,7003,March,LCU,3838.000000,A
BFA,2017-04-01,2017-04-30,233,'854,Burkina Faso,242,'0142,"Groundnuts, excluding shelled",5530,Producer Price (LCU/tonne),2017,2017,7004,April,LCU,3780.000000,A
BFA,2017-05-01,2017-05-31,233,'854,Burkina Faso,242,'0142,"Groundnuts, excluding shelled",5530,Producer Price (LCU/tonne),2017,2017,7005,May,LCU,3851.000000,A
BFA,2017-06-01,2017-06-30,233,'854,Burkina Faso,242,'0142,"Groundnuts, excluding shelled",5530,Producer Price (LCU/tonne),2017,2017,7006,June,LCU,3889.000000,A
BFA,2017-07-01,2017-07-31,233,'854,Burkina Faso,242,'0142,"Groundnuts, excluding shelled",5530,Producer Price (LCU/tonne),2017,2017,7007,July,LCU,3911.000000,A
BFA,2017-08-01,2017-08-31,233,'854,Burkina Faso,242,'0142,"Groundnuts, excluding shelled",5530,Producer Price (LCU/tonne),2017,2017,7008,August,LCU,3981.000000,A
BFA,2017-09-01,2017-09-30,233,'854,Burkina Faso,242,'0142,"Groundnuts, excluding shelled",5530,Producer Price (LCU/tonne),2017,2017,7009,September,LCU,4518.000000,A
BFA,2017-10-01,2017-10-31,233,'854,Burkina Faso,242,'0142,"Groundnuts, excluding shelled",5530,Producer Price (LCU/tonne),2017,2017,7010,October,LCU,4611.000000,A
BFA,2017-11-01,2017-11-30,233,'854,Burkina Faso,242,'0142,"Groundnuts, excluding shelled",5530,Producer Price (LCU/tonne),2017,2017,7011,November,LCU,4658.000000,A
BFA,2017-12-01,2017-12-31,233,'854,Burkina Faso,242,'0142,"Groundnuts, excluding shelled",5530,Producer Price (LCU/tonne),2017,2017,7012,December,LCU,4636.000000,A
BFA,2022-01-01,2022-01-31,233,'854,Burkina Faso,242,'0142,"Groundnuts, excluding shelled",5530,Producer Price (LCU/tonne),2022,2022,7001,January,LCU,307000.000000,A
BFA,2022-02-01,2022-02-28,233,'854,Burkina Faso,242,'0142,"Groundnuts, excluding shelled",5530,Producer Price (LCU/tonne),2022,2022,7002,February,LCU,328000.000000,A
BFA,2022-03-01,2022-03-31,233,'854,Burkina Faso,242,'0142,"Groundnuts, excluding shelled",5530,Producer Price (LCU/tonne),2022,2022,7003,March,LCU,338000.000000,A
BFA,2022-04-01,2022-04-30,233,'854,Burkina Faso,242,'0142,"Groundnuts, excluding shelled",5530,Producer Price (LCU/tonne),2022,2022,7004,April,LCU,359000.000000,A
BFA,2022-05-01,2022-05-31,233,'854,Burkina Faso,242,'0142,"Groundnuts, excluding shelled",5530,Producer Price (LCU/tonne),2022,2022,7005,May,LCU,371000.000000,A
BFA,2022-06-01,2022-06-30,233,'854,Burkina Faso,242,'0142,"Groundnuts, excluding shelled",5530,Producer Price (LCU/tonne),2022,2022,7006,June,LCU,395000.000000,A
BFA,2022-07-01,2022-07-31,233,'854,Burkina Faso,242,'0142,"Groundnuts, excluding shelled",5530,Producer Price (LCU/tonne),2022,2022,7007,July,LCU,430000.000000,A
BFA,2022-08-01,2022-08-31,233,'854,Burkina Faso,242,'0142,"Groundnuts, excluding shelled",5530,Producer Price (LCU/tonne),2022,2022,7008,August,LCU,491000.000000,A
BFA,2022-09-01,2022-09-30,233,'854,Burkina Faso,242,'0142,"Groundnuts, excluding shelled",5530,Producer Price (LCU/tonne),2022,2022,7009,September,LCU,481000.000000,A
BFA,2022-10-01,2022-10-31,233,'854,Burkina Faso,242,'0142,"Groundnuts, excluding shelled",5530,Producer Price (LCU/tonne),2022,2022,7010,October,LCU,352000.000000,A
BFA,2022-11-01,2022-11-30,233,'854,Burkina Faso,242,'0142,"Groundnuts, excluding shelled",5530,Producer Price (LCU/tonne),2022,2022,7011,November,LCU,325000.000000,A
BFA,2022-12-01,2022-12-31,233,'854,Burkina Faso,242,'0142,"Groundnuts, excluding shelled",5530,Producer Price (LCU/tonne),2022,2022,7012,December,LCU,389000.000000,A
BFA,1997-01-01,1997-12-31,233,'854,Burkina Faso,242,'0142,"Groundnuts, excluding shelled",5531,Producer Price (SLC/tonne),1997,1997,7021,Annual value,SLC,101313.600000,A
BFA,1998-01-01,1998-12-31,233,'854,Burkina Faso,242,'0142,"Groundnuts, excluding shelled",5531,Producer Price (SLC/tonne),1998,1998,7021,Annual value,SLC,100995.800000,A
BFA,1999-01-01,1999-12-31,233,'854,Burkina Faso,242,'0142,"Groundnuts, excluding shelled",5531,Producer Price (SLC/tonne),1999,1999,7021,Annual value,SLC,101631.400000,A
BFA,2000-01-01,2000-12-31,233,'854,Burkina Faso,242,'0142,"Groundnuts, excluding shelled",5531,Producer Price (SLC/tonne),2000,2000,7021,Annual value,SLC,108050.800000,A
BFA,2001-01-01,2001-12-31,233,'854,Burkina Faso,242,'0142,"Groundnuts, excluding shelled",5531,Producer Price (SLC/tonne),2001,2001,7021,Annual value,SLC,140000.000000,A
BFA,2002-01-01,2002-12-31,233,'854,Burkina Faso,242,'0142,"Groundnuts, excluding shelled",5531,Producer Price (SLC/tonne),2002,2002,7021,Annual value,SLC,90000.000000,A
BFA,2003-01-01,2003-12-31,233,'854,Burkina Faso,242,'0142,"Groundnuts, excluding shelled",5531,Producer Price (SLC/tonne),2003,2003,7021,Annual value,SLC,76500.000000,A
BFA,2004-01-01,2004-12-31,233,'854,Burkina Faso,242,'0142,"Groundnuts, excluding shelled",5531,Producer Price (SLC/tonne),2004,2004,7021,Annual value,SLC,76500.000000,A
BFA,2005-01-01,2005-12-31,233,'854,Burkina Faso,242,'0142,"Groundnuts, excluding shelled",5531,Producer Price (SLC/tonne),2005,2005,7021,Annual value,SLC,76500.000000,A
BFA,2006-01-01,2006-12-31,233,'854,Burkina Faso,242,'0142,"Groundnuts, excluding shelled",5531,Producer Price (SLC/tonne),2006,2006,7021,Annual value,SLC,144939.900000,A
BFA,2007-01-01,2007-12-31,233,'854,Burkina Faso,242,'0142,"Groundnuts, excluding shelled",5531,Producer Price (SLC/tonne),2007,2007,7021,Annual value,SLC,147145.600000,A
BFA,1997-01-01,1997-12-31,233,'854,Burkina Faso,242,'0142,"Groundnuts, excluding shelled",5532,Producer Price (USD/tonne),1997,1997,7021,Annual value,USD,173.600000,A
BFA,1998-01-01,1998-12-31,233,'854,Burkina Faso,242,'0142,"Groundnuts, excluding shelled",5532,Producer Price (USD/tonne),1998,1998,7021,Annual value,USD,171.200000,A
BFA,1999-01-01,1999-12-31,233,'854,Burkina Faso,242,'0142,"Groundnuts, excluding shelled",5532,Producer Price (USD/tonne),1999,1999,7021,Annual value,USD,165.100000,A
BFA,2000-01-01,2000-12-31,233,'854,Burkina Faso,242,'0142,"Groundnuts, excluding shelled",5532,Producer Price (USD/tonne),2000,2000,7021,Annual value,USD,151.800000,A
BFA,2001-01-01,2001-12-31,233,'854,Burkina Faso,242,'0142,"Groundnuts, excluding shelled",5532,Producer Price (USD/tonne),2001,2001,7021,Annual value,USD,191.000000,A
BFA,2002-01-01,2002-12-31,233,'854,Burkina Faso,242,'0142,"Groundnuts, excluding shelled",5532,Producer Price (USD/tonne),2002,2002,7021,Annual value,USD,129.100000,A
BFA,2003-01-01,2003-12-31,233,'854,Burkina Faso,242,'0142,"Groundnuts, excluding shelled",5532,Producer Price (USD/tonne),2003,2003,7021,Annual value,USD,131.600000,A
BFA,2004-01-01,2004-12-31,233,'854,Burkina Faso,242,'0142,"Groundnuts, excluding shelled",5532,Producer Price (USD/tonne),2004,2004,7021,Annual value,USD,144.800000,A
BFA,2005-01-01,2005-12-31,233,'854,Burkina Faso,242,'0142,"Groundnuts, excluding shelled",5532,Producer Price (USD/tonne),2005,2005,7021,Annual value,USD,145.000000,A
BFA,2006-01-01,2006-12-31,233,'854,Burkina Faso,242,'0142,"Groundnuts, excluding shelled",5532,Producer Price (USD/tonne),2006,2006,7021,Annual value,USD,277.200000,A
BFA,2007-01-01,2007-12-31,233,'854,Burkina Faso,242,'0142,"Groundnuts, excluding shelled",5532,Producer Price (USD/tonne),2007,2007,7021,Annual value,USD,307.000000,A
BFA,1991-01-01,1991-12-31,233,'854,Burkina Faso,242,'0142,"Groundnuts, excluding shelled",5539,Producer Price Index (2014-2016 = 100),1991,1991,7021,Annual value,,52.710000,E
BFA,1992-01-01,1992-12-31,233,'854,Burkina Faso,242,'0142,"Groundnuts, excluding shelled",5539,Producer Price Index (2014-2016 = 100),1992,1992,7021,Annual value,,53.930000,E
BFA,1993-01-01,1993-12-31,233,'854,Burkina Faso,242,'0142,"Groundnuts, excluding shelled",5539,Producer Price Index (2014-2016 = 100),1993,1993,7021,Annual value,,43.960000,E
BFA,1994-01-01,1994-12-31,233,'854,Burkina Faso,242,'0142,"Groundnuts, excluding shelled",5539,Producer Price Index (2014-2016 = 100),1994,1994,7021,Annual value,,58.750000,E
BFA,1995-01-01,1995-12-31,233,'854,Burkina Faso,242,'0142,"Groundnuts, excluding shelled",5539,Producer Price Index (2014-2016 = 100),1995,1995,7021,Annual value,,58.750000,E
BFA,1996-01-01,1996-12-31,233,'854,Burkina Faso,242,'0142,"Groundnuts, excluding shelled",5539,Producer Price Index (2014-2016 = 100),1996,1996,7021,Annual value,,82.350000,E
BFA,1997-01-01,1997-12-31,233,'854,Burkina Faso,242,'0142,"Groundnuts, excluding shelled",5539,Producer Price Index (2014-2016 = 100),1997,1997,7021,Annual value,,53.490000,E
BFA,1998-01-01,1998-12-31,233,'854,Burkina Faso,242,'0142,"Groundnuts, excluding shelled",5539,Producer Price Index (2014-2016 = 100),1998,1998,7021,Annual value,,53.330000,E
BFA,1999-01-01,1999-12-31,233,'854,Burkina Faso,242,'0142,"Groundnuts, excluding shelled",5539,Producer Price Index (2014-2016 = 100),1999,1999,7021,Annual value,,53.660000,E
BFA,2000-01-01,2000-12-31,233,'854,Burkina Faso,242,'0142,"Groundnuts, excluding shelled",5539,Producer Price Index (2014-2016 = 100),2000,2000,7021,Annual value,,57.050000,E
BFA,2001-01-01,2001-12-31,233,'854,Burkina Faso,242,'0142,"Groundnuts, excluding shelled",5539,Producer Price Index (2014-2016 = 100),2001,2001,7021,Annual value,,73.920000,E
BFA,2002-01-01,2002-12-31,233,'854,Burkina Faso,242,'0142,"Groundnuts, excluding shelled",5539,Producer Price Index (2014-2016 = 100),2002,2002,7021,Annual value,,47.520000,E
BFA,2003-01-01,2003-12-31,233,'854,Burkina Faso,242,'0142,"Groundnuts, excluding shelled",5539,Producer Price Index (2014-2016 = 100),2003,2003,7021,Annual value,,40.390000,E
BFA,2004-01-01,2004-12-31,233,'854,Burkina Faso,242,'0142,"Groundnuts, excluding shelled",5539,Producer Price Index (2014-2016 = 100),2004,2004,7021,Annual value,,40.390000,E
BFA,2005-01-01,2005-12-31,233,'854,Burkina Faso,242,'0142,"Groundnuts, excluding shelled",5539,Producer Price Index (2014-2016 = 100),2005,2005,7021,Annual value,,40.390000,E
BFA,2006-01-01,2006-12-31,233,'854,Burkina Faso,242,'0142,"Groundnuts, excluding shelled",5539,Producer Price Index (2014-2016 = 100),2006,2006,7021,Annual value,,76.530000,E
BFA,2007-01-01,2007-12-31,233,'854,Burkina Faso,242,'0142,"Groundnuts, excluding shelled",5539,Producer Price Index (2014-2016 = 100),2007,2007,7021,Annual value,,77.690000,E
BFA,2008-01-01,2008-12-31,233,'854,Burkina Faso,242,'0142,"Groundnuts, excluding shelled",5539,Producer Price Index (2014-2016 = 100),2008,2008,7021,Annual value,,83.140000,E
BFA,2009-01-01,2009-12-31,233,'854,Burkina Faso,242,'0142,"Groundnuts, excluding shelled",5539,Producer Price Index (2014-2016 = 100),2009,2009,7021,Annual value,,87.570000,E
BFA,2010-01-01,2010-12-31,233,'854,Burkina Faso,242,'0142,"Groundnuts, excluding shelled",5539,Producer Price Index (2014-2016 = 100),2010,2010,7021,Annual value,,90.840000,E
BFA,2011-01-01,2011-12-31,233,'854,Burkina Faso,242,'0142,"Groundnuts, excluding shelled",5539,Producer Price Index (2014-2016 = 100),2011,2011,7021,Annual value,,93.850000,E
BFA,2012-01-01,2012-12-31,233,'854,Burkina Faso,242,'0142,"Groundnuts, excluding shelled",5539,Producer Price Index (2014-2016 = 100),2012,2012,7021,Annual value,,96.840000,E
BFA,2013-01-01,2013-12-31,233,'854,Burkina Faso,242,'0142,"Groundnuts, excluding shelled",5539,Producer Price Index (2014-2016 = 100),2013,2013,7021,Annual value,,93.370000,E
BFA,2014-01-01,2014-12-31,233,'854,Burkina Faso,242,'0142,"Groundnuts, excluding shelled",5539,Producer Price Index (2014-2016 = 100),2014,2014,7021,Annual value,,95.510000,E
BFA,2015-01-01,2015-12-31,233,'854,Burkina Faso,242,'0142,"Groundnuts, excluding shelled",5539,Producer Price Index (2014-2016 = 100),2015,2015,7021,Annual value,,101.560000,E
BFA,2016-01-01,2016-12-31,233,'854,Burkina Faso,242,'0142,"Groundnuts, excluding shelled",5539,Producer Price Index (2014-2016 = 100),2016,2016,7021,Annual value,,102.930000,E
BFA,2017-01-01,2017-12-31,233,'854,Burkina Faso,242,'0142,"Groundnuts, excluding shelled",5539,Producer Price Index (2014-2016 = 100),2017,2017,7021,Annual value,,104.250000,E
BFA,2018-01-01,2018-12-31,233,'854,Burkina Faso,242,'0142,"Groundnuts, excluding shelled",5539,Producer Price Index (2014-2016 = 100),2018,2018,7021,Annual value,,105.500000,E
BFA,2019-01-01,2019-12-31,233,'854,Burkina Faso,242,'0142,"Groundnuts, excluding shelled",5539,Producer Price Index (2014-2016 = 100),2019,2019,7021,Annual value,,106.670000,E
BFA,2020-01-01,2020-12-31,233,'854,Burkina Faso,242,'0142,"Groundnuts, excluding shelled",5539,Producer Price Index (2014-2016 = 100),2020,2020,7021,Annual value,,111.930000,E
BFA,2021-01-01,2021-12-31,233,'854,Burkina Faso,242,'0142,"Groundnuts, excluding shelled",5539,Producer Price Index (2014-2016 = 100),2021,2021,7021,Annual value,,107.470000,E
BFA,2022-01-01,2022-12-31,233,'854,Burkina Faso,242,'0142,"Groundnuts, excluding shelled",5539,Producer Price Index (2014-2016 = 100),2022,2022,7021,Annual value,,110.950000,E
BFA,2023-01-01,2023-12-31,233,'854,Burkina Faso,242,'0142,"Groundnuts, excluding shelled",5539,Producer Price Index (2014-2016 = 100),2023,2023,7021,Annual value,,111.100000,E
BFA,2024-01-01,2024-12-31,233,'854,Burkina Faso,242,'0142,"Groundnuts, excluding shelled",5539,Producer Price Index (2014-2016 = 100),2024,2024,7021,Annual value,,115.740000,E
BFA,2025-01-01,2025-12-31,233,'854,Burkina Faso,242,'0142,"Groundnuts, excluding shelled",5539,Producer Price Index (2014-2016 = 100),2025,2025,7021,Annual value,,119.190000,E
BFA,2017-01-01,2017-01-31,233,'854,Burkina Faso,225,'01374,"Hazelnuts, in shell",5530,Producer Price (LCU/tonne),2017,2017,7001,January,LCU,10844.000000,A
BFA,2017-02-01,2017-02-28,233,'854,Burkina Faso,225,'01374,"Hazelnuts, in shell",5530,Producer Price (LCU/tonne),2017,2017,7002,February,LCU,11256.000000,A
BFA,2017-03-01,2017-03-31,233,'854,Burkina Faso,225,'01374,"Hazelnuts, in shell",5530,Producer Price (LCU/tonne),2017,2017,7003,March,LCU,10783.000000,A
BFA,2017-04-01,2017-04-30,233,'854,Burkina Faso,225,'01374,"Hazelnuts, in shell",5530,Producer Price (LCU/tonne),2017,2017,7004,April,LCU,10259.000000,A
BFA,2017-05-01,2017-05-31,233,'854,Burkina Faso,225,'01374,"Hazelnuts, in shell",5530,Producer Price (LCU/tonne),2017,2017,7005,May,LCU,9834.000000,A
BFA,2017-06-01,2017-06-30,233,'854,Burkina Faso,225,'01374,"Hazelnuts, in shell",5530,Producer Price (LCU/tonne),2017,2017,7006,June,LCU,9587.000000,A
BFA,2017-07-01,2017-07-31,233,'854,Burkina Faso,225,'01374,"Hazelnuts, in shell",5530,Producer Price (LCU/tonne),2017,2017,7007,July,LCU,9411.000000,A
BFA,2017-08-01,2017-08-31,233,'854,Burkina Faso,225,'01374,"Hazelnuts, in shell",5530,Producer Price (LCU/tonne),2017,2017,7008,August,LCU,8989.000000,A
BFA,2017-09-01,2017-09-30,233,'854,Burkina Faso,225,'01374,"Hazelnuts, in shell",5530,Producer Price (LCU/tonne),2017,2017,7009,September,LCU,8815.000000,A
BFA,2017-10-01,2017-10-31,233,'854,Burkina Faso,225,'01374,"Hazelnuts, in shell",5530,Producer Price (LCU/tonne),2017,2017,7010,October,LCU,9012.000000,A
BFA,2017-11-01,2017-11-30,233,'854,Burkina Faso,225,'01374,"Hazelnuts, in shell",5530,Producer Price (LCU/tonne),2017,2017,7011,November,LCU,9004.000000,A
BFA,2017-12-01,2017-12-31,233,'854,Burkina Faso,225,'01374,"Hazelnuts, in shell",5530,Producer Price (LCU/tonne),2017,2017,7012,December,LCU,8948.000000,A
BFA,2017-01-01,2017-01-31,233,'854,Burkina Faso,1062,'0231,"Hen eggs in shell, fresh",5530,Producer Price (LCU/tonne),2017,2017,7001,January,LCU,5951.000000,A
BFA,2017-02-01,2017-02-28,233,'854,Burkina Faso,1062,'0231,"Hen eggs in shell, fresh",5530,Producer Price (LCU/tonne),2017,2017,7002,February,LCU,5845.000000,A
BFA,2017-03-01,2017-03-31,233,'854,Burkina Faso,1062,'0231,"Hen eggs in shell, fresh",5530,Producer Price (LCU/tonne),2017,2017,7003,March,LCU,5626.000000,A
BFA,2017-04-01,2017-04-30,233,'854,Burkina Faso,1062,'0231,"Hen eggs in shell, fresh",5530,Producer Price (LCU/tonne),2017,2017,7004,April,LCU,5399.000000,A
BFA,2017-05-01,2017-05-31,233,'854,Burkina Faso,1062,'0231,"Hen eggs in shell, fresh",5530,Producer Price (LCU/tonne),2017,2017,7005,May,LCU,5155.000000,A
BFA,2017-06-01,2017-06-30,233,'854,Burkina Faso,1062,'0231,"Hen eggs in shell, fresh",5530,Producer Price (LCU/tonne),2017,2017,7006,June,LCU,5005.000000,A
BFA,2017-07-01,2017-07-31,233,'854,Burkina Faso,1062,'0231,"Hen eggs in shell, fresh",5530,Producer Price (LCU/tonne),2017,2017,7007,July,LCU,4874.000000,A
BFA,2017-08-01,2017-08-31,233,'854,Burkina Faso,1062,'0231,"Hen eggs in shell, fresh",5530,Producer Price (LCU/tonne),2017,2017,7008,August,LCU,5126.000000,A
BFA,2017-09-01,2017-09-30,233,'854,Burkina Faso,1062,'0231,"Hen eggs in shell, fresh",5530,Producer Price (LCU/tonne),2017,2017,7009,September,LCU,5287.000000,A
BFA,2017-10-01,2017-10-31,233,'854,Burkina Faso,1062,'0231,"Hen eggs in shell, fresh",5530,Producer Price (LCU/tonne),2017,2017,7010,October,LCU,5265.000000,A
BFA,2017-11-01,2017-11-30,233,'854,Burkina Faso,1062,'0231,"Hen eggs in shell, fresh",5530,Producer Price (LCU/tonne),2017,2017,7011,November,LCU,5479.000000,A
BFA,2017-12-01,2017-12-31,233,'854,Burkina Faso,1062,'0231,"Hen eggs in shell, fresh",5530,Producer Price (LCU/tonne),2017,2017,7012,December,LCU,5655.000000,A
BFA,1991-01-01,1991-12-31,233,'854,Burkina Faso,1062,'0231,"Hen eggs in shell, fresh",5539,Producer Price Index (2014-2016 = 100),1991,1991,7021,Annual value,,46.280000,E
BFA,1992-01-01,1992-12-31,233,'854,Burkina Faso,1062,'0231,"Hen eggs in shell, fresh",5539,Producer Price Index (2014-2016 = 100),1992,1992,7021,Annual value,,47.820000,E
BFA,1993-01-01,1993-12-31,233,'854,Burkina Faso,1062,'0231,"Hen eggs in shell, fresh",5539,Producer Price Index (2014-2016 = 100),1993,1993,7021,Annual value,,38.980000,E
BFA,1994-01-01,1994-12-31,233,'854,Burkina Faso,1062,'0231,"Hen eggs in shell, fresh",5539,Producer Price Index (2014-2016 = 100),1994,1994,7021,Annual value,,52.100000,E
BFA,1995-01-01,1995-12-31,233,'854,Burkina Faso,1062,'0231,"Hen eggs in shell, fresh",5539,Producer Price Index (2014-2016 = 100),1995,1995,7021,Annual value,,52.100000,E
BFA,1996-01-01,1996-12-31,233,'854,Burkina Faso,1062,'0231,"Hen eggs in shell, fresh",5539,Producer Price Index (2014-2016 = 100),1996,1996,7021,Annual value,,73.030000,E
BFA,1997-01-01,1997-12-31,233,'854,Burkina Faso,1062,'0231,"Hen eggs in shell, fresh",5539,Producer Price Index (2014-2016 = 100),1997,1997,7021,Annual value,,74.240000,E
BFA,1998-01-01,1998-12-31,233,'854,Burkina Faso,1062,'0231,"Hen eggs in shell, fresh",5539,Producer Price Index (2014-2016 = 100),1998,1998,7021,Annual value,,90.140000,E
BFA,1999-01-01,1999-12-31,233,'854,Burkina Faso,1062,'0231,"Hen eggs in shell, fresh",5539,Producer Price Index (2014-2016 = 100),1999,1999,7021,Annual value,,70.280000,E
BFA,2000-01-01,2000-12-31,233,'854,Burkina Faso,1062,'0231,"Hen eggs in shell, fresh",5539,Producer Price Index (2014-2016 = 100),2000,2000,7021,Annual value,,53.810000,E
BFA,2001-01-01,2001-12-31,233,'854,Burkina Faso,1062,'0231,"Hen eggs in shell, fresh",5539,Producer Price Index (2014-2016 = 100),2001,2001,7021,Annual value,,83.580000,E
BFA,2002-01-01,2002-12-31,233,'854,Burkina Faso,1062,'0231,"Hen eggs in shell, fresh",5539,Producer Price Index (2014-2016 = 100),2002,2002,7021,Annual value,,95.060000,E
BFA,2003-01-01,2003-12-31,233,'854,Burkina Faso,1062,'0231,"Hen eggs in shell, fresh",5539,Producer Price Index (2014-2016 = 100),2003,2003,7021,Annual value,,65.530000,E
BFA,2004-01-01,2004-12-31,233,'854,Burkina Faso,1062,'0231,"Hen eggs in shell, fresh",5539,Producer Price Index (2014-2016 = 100),2004,2004,7021,Annual value,,73.240000,E
BFA,2005-01-01,2005-12-31,233,'854,Burkina Faso,1062,'0231,"Hen eggs in shell, fresh",5539,Producer Price Index (2014-2016 = 100),2005,2005,7021,Annual value,,84.130000,E
BFA,2006-01-01,2006-12-31,233,'854,Burkina Faso,1062,'0231,"Hen eggs in shell, fresh",5539,Producer Price Index (2014-2016 = 100),2006,2006,7021,Annual value,,72.450000,E
BFA,2007-01-01,2007-12-31,233,'854,Burkina Faso,1062,'0231,"Hen eggs in shell, fresh",5539,Producer Price Index (2014-2016 = 100),2007,2007,7021,Annual value,,79.440000,E
BFA,2008-01-01,2008-12-31,233,'854,Burkina Faso,1062,'0231,"Hen eggs in shell, fresh",5539,Producer Price Index (2014-2016 = 100),2008,2008,7021,Annual value,,84.370000,E
BFA,2009-01-01,2009-12-31,233,'854,Burkina Faso,1062,'0231,"Hen eggs in shell, fresh",5539,Producer Price Index (2014-2016 = 100),2009,2009,7021,Annual value,,87.830000,E
BFA,2010-01-01,2010-12-31,233,'854,Burkina Faso,1062,'0231,"Hen eggs in shell, fresh",5539,Producer Price Index (2014-2016 = 100),2010,2010,7021,Annual value,,91.130000,E
BFA,2011-01-01,2011-12-31,233,'854,Burkina Faso,1062,'0231,"Hen eggs in shell, fresh",5539,Producer Price Index (2014-2016 = 100),2011,2011,7021,Annual value,,94.210000,E
BFA,2012-01-01,2012-12-31,233,'854,Burkina Faso,1062,'0231,"Hen eggs in shell, fresh",5539,Producer Price Index (2014-2016 = 100),2012,2012,7021,Annual value,,97.040000,E
BFA,2013-01-01,2013-12-31,233,'854,Burkina Faso,1062,'0231,"Hen eggs in shell, fresh",5539,Producer Price Index (2014-2016 = 100),2013,2013,7021,Annual value,,98.630000,E
BFA,2014-01-01,2014-12-31,233,'854,Burkina Faso,1062,'0231,"Hen eggs in shell, fresh",5539,Producer Price Index (2014-2016 = 100),2014,2014,7021,Annual value,,100.570000,E
BFA,2015-01-01,2015-12-31,233,'854,Burkina Faso,1062,'0231,"Hen eggs in shell, fresh",5539,Producer Price Index (2014-2016 = 100),2015,2015,7021,Annual value,,98.900000,E
BFA,2016-01-01,2016-12-31,233,'854,Burkina Faso,1062,'0231,"Hen eggs in shell, fresh",5539,Producer Price Index (2014-2016 = 100),2016,2016,7021,Annual value,,100.520000,E
BFA,2017-01-01,2017-12-31,233,'854,Burkina Faso,1062,'0231,"Hen eggs in shell, fresh",5539,Producer Price Index (2014-2016 = 100),2017,2017,7021,Annual value,,101.860000,E
BFA,2018-01-01,2018-12-31,233,'854,Burkina Faso,1062,'0231,"Hen eggs in shell, fresh",5539,Producer Price Index (2014-2016 = 100),2018,2018,7021,Annual value,,102.920000,E
BFA,2019-01-01,2019-12-31,233,'854,Burkina Faso,1062,'0231,"Hen eggs in shell, fresh",5539,Producer Price Index (2014-2016 = 100),2019,2019,7021,Annual value,,103.780000,E
BFA,2020-01-01,2020-12-31,233,'854,Burkina Faso,1062,'0231,"Hen eggs in shell, fresh",5539,Producer Price Index (2014-2016 = 100),2020,2020,7021,Annual value,,99.870000,E
BFA,2021-01-01,2021-12-31,233,'854,Burkina Faso,1062,'0231,"Hen eggs in shell, fresh",5539,Producer Price Index (2014-2016 = 100),2021,2021,7021,Annual value,,96.140000,E
BFA,2022-01-01,2022-12-31,233,'854,Burkina Faso,1062,'0231,"Hen eggs in shell, fresh",5539,Producer Price Index (2014-2016 = 100),2022,2022,7021,Annual value,,126.340000,E
BFA,2023-01-01,2023-12-31,233,'854,Burkina Faso,1062,'0231,"Hen eggs in shell, fresh",5539,Producer Price Index (2014-2016 = 100),2023,2023,7021,Annual value,,103.430000,E
BFA,2024-01-01,2024-12-31,233,'854,Burkina Faso,1062,'0231,"Hen eggs in shell, fresh",5539,Producer Price Index (2014-2016 = 100),2024,2024,7021,Annual value,,118.460000,E
BFA,2025-01-01,2025-12-31,233,'854,Burkina Faso,1062,'0231,"Hen eggs in shell, fresh",5539,Producer Price Index (2014-2016 = 100),2025,2025,7021,Annual value,,120.380000,E
BFA,1991-01-01,1991-12-31,233,'854,Burkina Faso,1097,'21118.01,"Horse meat, fresh or chilled",5539,Producer Price Index (2014-2016 = 100),1991,1991,7021,Annual value,,45.710000,E
BFA,1992-01-01,1992-12-31,233,'854,Burkina Faso,1097,'21118.01,"Horse meat, fresh or chilled",5539,Producer Price Index (2014-2016 = 100),1992,1992,7021,Annual value,,47.230000,E
BFA,1993-01-01,1993-12-31,233,'854,Burkina Faso,1097,'21118.01,"Horse meat, fresh or chilled",5539,Producer Price Index (2014-2016 = 100),1993,1993,7021,Annual value,,38.500000,E
BFA,1994-01-01,1994-12-31,233,'854,Burkina Faso,1097,'21118.01,"Horse meat, fresh or chilled",5539,Producer Price Index (2014-2016 = 100),1994,1994,7021,Annual value,,51.460000,E
BFA,1995-01-01,1995-12-31,233,'854,Burkina Faso,1097,'21118.01,"Horse meat, fresh or chilled",5539,Producer Price Index (2014-2016 = 100),1995,1995,7021,Annual value,,51.460000,E
BFA,1996-01-01,1996-12-31,233,'854,Burkina Faso,1097,'21118.01,"Horse meat, fresh or chilled",5539,Producer Price Index (2014-2016 = 100),1996,1996,7021,Annual value,,72.120000,E
BFA,1997-01-01,1997-12-31,233,'854,Burkina Faso,1097,'21118.01,"Horse meat, fresh or chilled",5539,Producer Price Index (2014-2016 = 100),1997,1997,7021,Annual value,,73.320000,E
BFA,1998-01-01,1998-12-31,233,'854,Burkina Faso,1097,'21118.01,"Horse meat, fresh or chilled",5539,Producer Price Index (2014-2016 = 100),1998,1998,7021,Annual value,,89.020000,E
BFA,1999-01-01,1999-12-31,233,'854,Burkina Faso,1097,'21118.01,"Horse meat, fresh or chilled",5539,Producer Price Index (2014-2016 = 100),1999,1999,7021,Annual value,,69.410000,E
BFA,2000-01-01,2000-12-31,233,'854,Burkina Faso,1097,'21118.01,"Horse meat, fresh or chilled",5539,Producer Price Index (2014-2016 = 100),2000,2000,7021,Annual value,,53.140000,E
BFA,2001-01-01,2001-12-31,233,'854,Burkina Faso,1097,'21118.01,"Horse meat, fresh or chilled",5539,Producer Price Index (2014-2016 = 100),2001,2001,7021,Annual value,,82.550000,E
BFA,2002-01-01,2002-12-31,233,'854,Burkina Faso,1097,'21118.01,"Horse meat, fresh or chilled",5539,Producer Price Index (2014-2016 = 100),2002,2002,7021,Annual value,,93.890000,E
BFA,2003-01-01,2003-12-31,233,'854,Burkina Faso,1097,'21118.01,"Horse meat, fresh or chilled",5539,Producer Price Index (2014-2016 = 100),2003,2003,7021,Annual value,,64.720000,E
BFA,2004-01-01,2004-12-31,233,'854,Burkina Faso,1097,'21118.01,"Horse meat, fresh or chilled",5539,Producer Price Index (2014-2016 = 100),2004,2004,7021,Annual value,,72.340000,E
BFA,2005-01-01,2005-12-31,233,'854,Burkina Faso,1097,'21118.01,"Horse meat, fresh or chilled",5539,Producer Price Index (2014-2016 = 100),2005,2005,7021,Annual value,,83.080000,E
BFA,2006-01-01,2006-12-31,233,'854,Burkina Faso,1097,'21118.01,"Horse meat, fresh or chilled",5539,Producer Price Index (2014-2016 = 100),2006,2006,7021,Annual value,,71.550000,E
BFA,2007-01-01,2007-12-31,233,'854,Burkina Faso,1097,'21118.01,"Horse meat, fresh or chilled",5539,Producer Price Index (2014-2016 = 100),2007,2007,7021,Annual value,,78.460000,E
BFA,2008-01-01,2008-12-31,233,'854,Burkina Faso,1097,'21118.01,"Horse meat, fresh or chilled",5539,Producer Price Index (2014-2016 = 100),2008,2008,7021,Annual value,,83.740000,E
BFA,2009-01-01,2009-12-31,233,'854,Burkina Faso,1097,'21118.01,"Horse meat, fresh or chilled",5539,Producer Price Index (2014-2016 = 100),2009,2009,7021,Annual value,,87.180000,E
BFA,2010-01-01,2010-12-31,233,'854,Burkina Faso,1097,'21118.01,"Horse meat, fresh or chilled",5539,Producer Price Index (2014-2016 = 100),2010,2010,7021,Annual value,,90.430000,E
BFA,2011-01-01,2011-12-31,233,'854,Burkina Faso,1097,'21118.01,"Horse meat, fresh or chilled",5539,Producer Price Index (2014-2016 = 100),2011,2011,7021,Annual value,,93.440000,E
BFA,2012-01-01,2012-12-31,233,'854,Burkina Faso,1097,'21118.01,"Horse meat, fresh or chilled",5539,Producer Price Index (2014-2016 = 100),2012,2012,7021,Annual value,,96.200000,E
BFA,2013-01-01,2013-12-31,233,'854,Burkina Faso,1097,'21118.01,"Horse meat, fresh or chilled",5539,Producer Price Index (2014-2016 = 100),2013,2013,7021,Annual value,,97.990000,E
BFA,2014-01-01,2014-12-31,233,'854,Burkina Faso,1097,'21118.01,"Horse meat, fresh or chilled",5539,Producer Price Index (2014-2016 = 100),2014,2014,7021,Annual value,,99.940000,E
BFA,2015-01-01,2015-12-31,233,'854,Burkina Faso,1097,'21118.01,"Horse meat, fresh or chilled",5539,Producer Price Index (2014-2016 = 100),2015,2015,7021,Annual value,,99.260000,E
BFA,2016-01-01,2016-12-31,233,'854,Burkina Faso,1097,'21118.01,"Horse meat, fresh or chilled",5539,Producer Price Index (2014-2016 = 100),2016,2016,7021,Annual value,,100.790000,E
BFA,2017-01-01,2017-12-31,233,'854,Burkina Faso,1097,'21118.01,"Horse meat, fresh or chilled",5539,Producer Price Index (2014-2016 = 100),2017,2017,7021,Annual value,,102.020000,E
BFA,2018-01-01,2018-12-31,233,'854,Burkina Faso,1097,'21118.01,"Horse meat, fresh or chilled",5539,Producer Price Index (2014-2016 = 100),2018,2018,7021,Annual value,,102.950000,E
BFA,2019-01-01,2019-12-31,233,'854,Burkina Faso,1097,'21118.01,"Horse meat, fresh or chilled",5539,Producer Price Index (2014-2016 = 100),2019,2019,7021,Annual value,,103.630000,E
BFA,2020-01-01,2020-12-31,233,'854,Burkina Faso,1097,'21118.01,"Horse meat, fresh or chilled",5539,Producer Price Index (2014-2016 = 100),2020,2020,7021,Annual value,,98.630000,E
BFA,2021-01-01,2021-12-31,233,'854,Burkina Faso,1097,'21118.01,"Horse meat, fresh or chilled",5539,Producer Price Index (2014-2016 = 100),2021,2021,7021,Annual value,,94.950000,E
BFA,2022-01-01,2022-12-31,233,'854,Burkina Faso,1097,'21118.01,"Horse meat, fresh or chilled",5539,Producer Price Index (2014-2016 = 100),2022,2022,7021,Annual value,,124.770000,E
BFA,2023-01-01,2023-12-31,233,'854,Burkina Faso,1097,'21118.01,"Horse meat, fresh or chilled",5539,Producer Price Index (2014-2016 = 100),2023,2023,7021,Annual value,,102.880000,E
BFA,2024-01-01,2024-12-31,233,'854,Burkina Faso,1097,'21118.01,"Horse meat, fresh or chilled",5539,Producer Price Index (2014-2016 = 100),2024,2024,7021,Annual value,,117.390000,E
BFA,2025-01-01,2025-12-31,233,'854,Burkina Faso,1097,'21118.01,"Horse meat, fresh or chilled",5539,Producer Price Index (2014-2016 = 100),2025,2025,7021,Annual value,,119.800000,E
BFA,2017-01-01,2017-01-31,233,'854,Burkina Faso,1121,'21118.01b,"Horse meat, fresh or chilled (biological)",5530,Producer Price (LCU/tonne),2017,2017,7001,January,LCU,4065.000000,A
BFA,2017-02-01,2017-02-28,233,'854,Burkina Faso,1121,'21118.01b,"Horse meat, fresh or chilled (biological)",5530,Producer Price (LCU/tonne),2017,2017,7002,February,LCU,4070.000000,A
BFA,2017-03-01,2017-03-31,233,'854,Burkina Faso,1121,'21118.01b,"Horse meat, fresh or chilled (biological)",5530,Producer Price (LCU/tonne),2017,2017,7003,March,LCU,4097.000000,A
BFA,2017-04-01,2017-04-30,233,'854,Burkina Faso,1121,'21118.01b,"Horse meat, fresh or chilled (biological)",5530,Producer Price (LCU/tonne),2017,2017,7004,April,LCU,4159.000000,A
BFA,2017-05-01,2017-05-31,233,'854,Burkina Faso,1121,'21118.01b,"Horse meat, fresh or chilled (biological)",5530,Producer Price (LCU/tonne),2017,2017,7005,May,LCU,4224.000000,A
BFA,2017-06-01,2017-06-30,233,'854,Burkina Faso,1121,'21118.01b,"Horse meat, fresh or chilled (biological)",5530,Producer Price (LCU/tonne),2017,2017,7006,June,LCU,4230.000000,A
BFA,2017-07-01,2017-07-31,233,'854,Burkina Faso,1121,'21118.01b,"Horse meat, fresh or chilled (biological)",5530,Producer Price (LCU/tonne),2017,2017,7007,July,LCU,4234.000000,A
BFA,2017-08-01,2017-08-31,233,'854,Burkina Faso,1121,'21118.01b,"Horse meat, fresh or chilled (biological)",5530,Producer Price (LCU/tonne),2017,2017,7008,August,LCU,4305.000000,A
BFA,2017-09-01,2017-09-30,233,'854,Burkina Faso,1121,'21118.01b,"Horse meat, fresh or chilled (biological)",5530,Producer Price (LCU/tonne),2017,2017,7009,September,LCU,4357.000000,A
BFA,2017-10-01,2017-10-31,233,'854,Burkina Faso,1121,'21118.01b,"Horse meat, fresh or chilled (biological)",5530,Producer Price (LCU/tonne),2017,2017,7010,October,LCU,4365.000000,A
BFA,2017-11-01,2017-11-30,233,'854,Burkina Faso,1121,'21118.01b,"Horse meat, fresh or chilled (biological)",5530,Producer Price (LCU/tonne),2017,2017,7011,November,LCU,4384.000000,A
BFA,2017-12-01,2017-12-31,233,'854,Burkina Faso,1121,'21118.01b,"Horse meat, fresh or chilled (biological)",5530,Producer Price (LCU/tonne),2017,2017,7012,December,LCU,4398.000000,A
BFA,1991-01-01,1991-12-31,233,'854,Burkina Faso,1121,'21118.01b,"Horse meat, fresh or chilled (biological)",5539,Producer Price Index (2014-2016 = 100),1991,1991,7021,Annual value,,45.660000,E
BFA,1992-01-01,1992-12-31,233,'854,Burkina Faso,1121,'21118.01b,"Horse meat, fresh or chilled (biological)",5539,Producer Price Index (2014-2016 = 100),1992,1992,7021,Annual value,,47.180000,E
BFA,1993-01-01,1993-12-31,233,'854,Burkina Faso,1121,'21118.01b,"Horse meat, fresh or chilled (biological)",5539,Producer Price Index (2014-2016 = 100),1993,1993,7021,Annual value,,38.450000,E
BFA,1994-01-01,1994-12-31,233,'854,Burkina Faso,1121,'21118.01b,"Horse meat, fresh or chilled (biological)",5539,Producer Price Index (2014-2016 = 100),1994,1994,7021,Annual value,,51.400000,E
BFA,1995-01-01,1995-12-31,233,'854,Burkina Faso,1121,'21118.01b,"Horse meat, fresh or chilled (biological)",5539,Producer Price Index (2014-2016 = 100),1995,1995,7021,Annual value,,51.400000,E
BFA,1996-01-01,1996-12-31,233,'854,Burkina Faso,1121,'21118.01b,"Horse meat, fresh or chilled (biological)",5539,Producer Price Index (2014-2016 = 100),1996,1996,7021,Annual value,,72.040000,E
BFA,1997-01-01,1997-12-31,233,'854,Burkina Faso,1121,'21118.01b,"Horse meat, fresh or chilled (biological)",5539,Producer Price Index (2014-2016 = 100),1997,1997,7021,Annual value,,73.240000,E
BFA,1998-01-01,1998-12-31,233,'854,Burkina Faso,1121,'21118.01b,"Horse meat, fresh or chilled (biological)",5539,Producer Price Index (2014-2016 = 100),1998,1998,7021,Annual value,,88.920000,E
BFA,1999-01-01,1999-12-31,233,'854,Burkina Faso,1121,'21118.01b,"Horse meat, fresh or chilled (biological)",5539,Producer Price Index (2014-2016 = 100),1999,1999,7021,Annual value,,69.330000,E
BFA,2000-01-01,2000-12-31,233,'854,Burkina Faso,1121,'21118.01b,"Horse meat, fresh or chilled (biological)",5539,Producer Price Index (2014-2016 = 100),2000,2000,7021,Annual value,,53.080000,E
BFA,2001-01-01,2001-12-31,233,'854,Burkina Faso,1121,'21118.01b,"Horse meat, fresh or chilled (biological)",5539,Producer Price Index (2014-2016 = 100),2001,2001,7021,Annual value,,82.450000,E
BFA,2002-01-01,2002-12-31,233,'854,Burkina Faso,1121,'21118.01b,"Horse meat, fresh or chilled (biological)",5539,Producer Price Index (2014-2016 = 100),2002,2002,7021,Annual value,,93.780000,E
BFA,2003-01-01,2003-12-31,233,'854,Burkina Faso,1121,'21118.01b,"Horse meat, fresh or chilled (biological)",5539,Producer Price Index (2014-2016 = 100),2003,2003,7021,Annual value,,64.650000,E
BFA,2004-01-01,2004-12-31,233,'854,Burkina Faso,1121,'21118.01b,"Horse meat, fresh or chilled (biological)",5539,Producer Price Index (2014-2016 = 100),2004,2004,7021,Annual value,,72.260000,E
BFA,2005-01-01,2005-12-31,233,'854,Burkina Faso,1121,'21118.01b,"Horse meat, fresh or chilled (biological)",5539,Producer Price Index (2014-2016 = 100),2005,2005,7021,Annual value,,82.990000,E
BFA,2006-01-01,2006-12-31,233,'854,Burkina Faso,1121,'21118.01b,"Horse meat, fresh or chilled (biological)",5539,Producer Price Index (2014-2016 = 100),2006,2006,7021,Annual value,,71.470000,E
BFA,2007-01-01,2007-12-31,233,'854,Burkina Faso,1121,'21118.01b,"Horse meat, fresh or chilled (biological)",5539,Producer Price Index (2014-2016 = 100),2007,2007,7021,Annual value,,78.370000,E
BFA,2008-01-01,2008-12-31,233,'854,Burkina Faso,1121,'21118.01b,"Horse meat, fresh or chilled (biological)",5539,Producer Price Index (2014-2016 = 100),2008,2008,7021,Annual value,,83.450000,E
BFA,2009-01-01,2009-12-31,233,'854,Burkina Faso,1121,'21118.01b,"Horse meat, fresh or chilled (biological)",5539,Producer Price Index (2014-2016 = 100),2009,2009,7021,Annual value,,87.140000,E
BFA,2010-01-01,2010-12-31,233,'854,Burkina Faso,1121,'21118.01b,"Horse meat, fresh or chilled (biological)",5539,Producer Price Index (2014-2016 = 100),2010,2010,7021,Annual value,,90.580000,E
BFA,2011-01-01,2011-12-31,233,'854,Burkina Faso,1121,'21118.01b,"Horse meat, fresh or chilled (biological)",5539,Producer Price Index (2014-2016 = 100),2011,2011,7021,Annual value,,93.740000,E
BFA,2012-01-01,2012-12-31,233,'854,Burkina Faso,1121,'21118.01b,"Horse meat, fresh or chilled (biological)",5539,Producer Price Index (2014-2016 = 100),2012,2012,7021,Annual value,,96.590000,E
BFA,2013-01-01,2013-12-31,233,'854,Burkina Faso,1121,'21118.01b,"Horse meat, fresh or chilled (biological)",5539,Producer Price Index (2014-2016 = 100),2013,2013,7021,Annual value,,98.340000,E
BFA,2014-01-01,2014-12-31,233,'854,Burkina Faso,1121,'21118.01b,"Horse meat, fresh or chilled (biological)",5539,Producer Price Index (2014-2016 = 100),2014,2014,7021,Annual value,,100.240000,E
BFA,2015-01-01,2015-12-31,233,'854,Burkina Faso,1121,'21118.01b,"Horse meat, fresh or chilled (biological)",5539,Producer Price Index (2014-2016 = 100),2015,2015,7021,Annual value,,99.200000,E
BFA,2016-01-01,2016-12-31,233,'854,Burkina Faso,1121,'21118.01b,"Horse meat, fresh or chilled (biological)",5539,Producer Price Index (2014-2016 = 100),2016,2016,7021,Annual value,,100.560000,E
BFA,2017-01-01,2017-12-31,233,'854,Burkina Faso,1121,'21118.01b,"Horse meat, fresh or chilled (biological)",5539,Producer Price Index (2014-2016 = 100),2017,2017,7021,Annual value,,101.540000,E
BFA,2018-01-01,2018-12-31,233,'854,Burkina Faso,1121,'21118.01b,"Horse meat, fresh or chilled (biological)",5539,Producer Price Index (2014-2016 = 100),2018,2018,7021,Annual value,,102.160000,E
BFA,2019-01-01,2019-12-31,233,'854,Burkina Faso,1121,'21118.01b,"Horse meat, fresh or chilled (biological)",5539,Producer Price Index (2014-2016 = 100),2019,2019,7021,Annual value,,102.460000,E
BFA,2020-01-01,2020-12-31,233,'854,Burkina Faso,1121,'21118.01b,"Horse meat, fresh or chilled (biological)",5539,Producer Price Index (2014-2016 = 100),2020,2020,7021,Annual value,,98.520000,E
BFA,2021-01-01,2021-12-31,233,'854,Burkina Faso,1121,'21118.01b,"Horse meat, fresh or chilled (biological)",5539,Producer Price Index (2014-2016 = 100),2021,2021,7021,Annual value,,94.840000,E
BFA,2022-01-01,2022-12-31,233,'854,Burkina Faso,1121,'21118.01b,"Horse meat, fresh or chilled (biological)",5539,Producer Price Index (2014-2016 = 100),2022,2022,7021,Annual value,,124.630000,E
BFA,2023-01-01,2023-12-31,233,'854,Burkina Faso,1121,'21118.01b,"Horse meat, fresh or chilled (biological)",5539,Producer Price Index (2014-2016 = 100),2023,2023,7021,Annual value,,102.750000,E
BFA,2024-01-01,2024-12-31,233,'854,Burkina Faso,1121,'21118.01b,"Horse meat, fresh or chilled (biological)",5539,Producer Price Index (2014-2016 = 100),2024,2024,7021,Annual value,,117.330000,E
BFA,2025-01-01,2025-12-31,233,'854,Burkina Faso,1121,'21118.01b,"Horse meat, fresh or chilled (biological)",5539,Producer Price Index (2014-2016 = 100),2025,2025,7021,Annual value,,119.710000,E
BFA,1997-01-01,1997-12-31,233,'854,Burkina Faso,263,'01499.01,Karite nuts (sheanuts),5530,Producer Price (LCU/tonne),1997,1997,7021,Annual value,LCU,58255.300000,A
BFA,1998-01-01,1998-12-31,233,'854,Burkina Faso,263,'01499.01,Karite nuts (sheanuts),5530,Producer Price (LCU/tonne),1998,1998,7021,Annual value,LCU,58072.600000,A
BFA,1999-01-01,1999-12-31,233,'854,Burkina Faso,263,'01499.01,Karite nuts (sheanuts),5530,Producer Price (LCU/tonne),1999,1999,7021,Annual value,LCU,58438.000000,A
BFA,2000-01-01,2000-12-31,233,'854,Burkina Faso,263,'01499.01,Karite nuts (sheanuts),5530,Producer Price (LCU/tonne),2000,2000,7021,Annual value,LCU,62129.200000,A
BFA,2001-01-01,2001-12-31,233,'854,Burkina Faso,263,'01499.01,Karite nuts (sheanuts),5530,Producer Price (LCU/tonne),2001,2001,7021,Annual value,LCU,33000.000000,A
BFA,2002-01-01,2002-12-31,233,'854,Burkina Faso,263,'01499.01,Karite nuts (sheanuts),5530,Producer Price (LCU/tonne),2002,2002,7021,Annual value,LCU,45000.000000,A
BFA,2003-01-01,2003-12-31,233,'854,Burkina Faso,263,'01499.01,Karite nuts (sheanuts),5530,Producer Price (LCU/tonne),2003,2003,7021,Annual value,LCU,45000.000000,A
BFA,2004-01-01,2004-12-31,233,'854,Burkina Faso,263,'01499.01,Karite nuts (sheanuts),5530,Producer Price (LCU/tonne),2004,2004,7021,Annual value,LCU,45000.000000,A
BFA,2005-01-01,2005-12-31,233,'854,Burkina Faso,263,'01499.01,Karite nuts (sheanuts),5530,Producer Price (LCU/tonne),2005,2005,7021,Annual value,LCU,45000.000000,A
BFA,2006-01-01,2006-12-31,233,'854,Burkina Faso,263,'01499.01,Karite nuts (sheanuts),5530,Producer Price (LCU/tonne),2006,2006,7021,Annual value,LCU,66056.600000,A
BFA,2007-01-01,2007-12-31,233,'854,Burkina Faso,263,'01499.01,Karite nuts (sheanuts),5530,Producer Price (LCU/tonne),2007,2007,7021,Annual value,LCU,99766.100000,A
BFA,1997-01-01,1997-12-31,233,'854,Burkina Faso,263,'01499.01,Karite nuts (sheanuts),5531,Producer Price (SLC/tonne),1997,1997,7021,Annual value,SLC,58255.300000,A
BFA,1998-01-01,1998-12-31,233,'854,Burkina Faso,263,'01499.01,Karite nuts (sheanuts),5531,Producer Price (SLC/tonne),1998,1998,7021,Annual value,SLC,58072.600000,A
BFA,1999-01-01,1999-12-31,233,'854,Burkina Faso,263,'01499.01,Karite nuts (sheanuts),5531,Producer Price (SLC/tonne),1999,1999,7021,Annual value,SLC,58438.000000,A
BFA,2000-01-01,2000-12-31,233,'854,Burkina Faso,263,'01499.01,Karite nuts (sheanuts),5531,Producer Price (SLC/tonne),2000,2000,7021,Annual value,SLC,62129.200000,A
BFA,2001-01-01,2001-12-31,233,'854,Burkina Faso,263,'01499.01,Karite nuts (sheanuts),5531,Producer Price (SLC/tonne),2001,2001,7021,Annual value,SLC,33000.000000,A
BFA,2002-01-01,2002-12-31,233,'854,Burkina Faso,263,'01499.01,Karite nuts (sheanuts),5531,Producer Price (SLC/tonne),2002,2002,7021,Annual value,SLC,45000.000000,A
BFA,2003-01-01,2003-12-31,233,'854,Burkina Faso,263,'01499.01,Karite nuts (sheanuts),5531,Producer Price (SLC/tonne),2003,2003,7021,Annual value,SLC,45000.000000,A
BFA,2004-01-01,2004-12-31,233,'854,Burkina Faso,263,'01499.01,Karite nuts (sheanuts),5531,Producer Price (SLC/tonne),2004,2004,7021,Annual value,SLC,45000.000000,A
BFA,2005-01-01,2005-12-31,233,'854,Burkina Faso,263,'01499.01,Karite nuts (sheanuts),5531,Producer Price (SLC/tonne),2005,2005,7021,Annual value,SLC,45000.000000,A
BFA,2006-01-01,2006-12-31,233,'854,Burkina Faso,263,'01499.01,Karite nuts (sheanuts),5531,Producer Price (SLC/tonne),2006,2006,7021,Annual value,SLC,66056.600000,A
BFA,2007-01-01,2007-12-31,233,'854,Burkina Faso,263,'01499.01,Karite nuts (sheanuts),5531,Producer Price (SLC/tonne),2007,2007,7021,Annual value,SLC,99766.100000,A
BFA,1997-01-01,1997-12-31,233,'854,Burkina Faso,263,'01499.01,Karite nuts (sheanuts),5532,Producer Price (USD/tonne),1997,1997,7021,Annual value,USD,99.800000,A
BFA,1998-01-01,1998-12-31,233,'854,Burkina Faso,263,'01499.01,Karite nuts (sheanuts),5532,Producer Price (USD/tonne),1998,1998,7021,Annual value,USD,98.400000,A
BFA,1999-01-01,1999-12-31,233,'854,Burkina Faso,263,'01499.01,Karite nuts (sheanuts),5532,Producer Price (USD/tonne),1999,1999,7021,Annual value,USD,94.900000,A
BFA,2000-01-01,2000-12-31,233,'854,Burkina Faso,263,'01499.01,Karite nuts (sheanuts),5532,Producer Price (USD/tonne),2000,2000,7021,Annual value,USD,87.300000,A
BFA,2001-01-01,2001-12-31,233,'854,Burkina Faso,263,'01499.01,Karite nuts (sheanuts),5532,Producer Price (USD/tonne),2001,2001,7021,Annual value,USD,45.000000,A
BFA,2002-01-01,2002-12-31,233,'854,Burkina Faso,263,'01499.01,Karite nuts (sheanuts),5532,Producer Price (USD/tonne),2002,2002,7021,Annual value,USD,64.600000,A
BFA,2003-01-01,2003-12-31,233,'854,Burkina Faso,263,'01499.01,Karite nuts (sheanuts),5532,Producer Price (USD/tonne),2003,2003,7021,Annual value,USD,77.400000,A
BFA,2004-01-01,2004-12-31,233,'854,Burkina Faso,263,'01499.01,Karite nuts (sheanuts),5532,Producer Price (USD/tonne),2004,2004,7021,Annual value,USD,85.200000,A
BFA,2005-01-01,2005-12-31,233,'854,Burkina Faso,263,'01499.01,Karite nuts (sheanuts),5532,Producer Price (USD/tonne),2005,2005,7021,Annual value,USD,85.300000,A
BFA,2006-01-01,2006-12-31,233,'854,Burkina Faso,263,'01499.01,Karite nuts (sheanuts),5532,Producer Price (USD/tonne),2006,2006,7021,Annual value,USD,126.300000,A
BFA,2007-01-01,2007-12-31,233,'854,Burkina Faso,263,'01499.01,Karite nuts (sheanuts),5532,Producer Price (USD/tonne),2007,2007,7021,Annual value,USD,208.200000,A
BFA,1991-01-01,1991-12-31,233,'854,Burkina Faso,263,'01499.01,Karite nuts (sheanuts),5539,Producer Price Index (2014-2016 = 100),1991,1991,7021,Annual value,,23.750000,E
BFA,1992-01-01,1992-12-31,233,'854,Burkina Faso,263,'01499.01,Karite nuts (sheanuts),5539,Producer Price Index (2014-2016 = 100),1992,1992,7021,Annual value,,36.690000,E
BFA,1993-01-01,1993-12-31,233,'854,Burkina Faso,263,'01499.01,Karite nuts (sheanuts),5539,Producer Price Index (2014-2016 = 100),1993,1993,7021,Annual value,,29.910000,E
BFA,1994-01-01,1994-12-31,233,'854,Burkina Faso,263,'01499.01,Karite nuts (sheanuts),5539,Producer Price Index (2014-2016 = 100),1994,1994,7021,Annual value,,39.970000,E
BFA,1995-01-01,1995-12-31,233,'854,Burkina Faso,263,'01499.01,Karite nuts (sheanuts),5539,Producer Price Index (2014-2016 = 100),1995,1995,7021,Annual value,,39.970000,E
BFA,1996-01-01,1996-12-31,233,'854,Burkina Faso,263,'01499.01,Karite nuts (sheanuts),5539,Producer Price Index (2014-2016 = 100),1996,1996,7021,Annual value,,56.030000,E
BFA,1997-01-01,1997-12-31,233,'854,Burkina Faso,263,'01499.01,Karite nuts (sheanuts),5539,Producer Price Index (2014-2016 = 100),1997,1997,7021,Annual value,,46.120000,E
BFA,1998-01-01,1998-12-31,233,'854,Burkina Faso,263,'01499.01,Karite nuts (sheanuts),5539,Producer Price Index (2014-2016 = 100),1998,1998,7021,Annual value,,45.970000,E
BFA,1999-01-01,1999-12-31,233,'854,Burkina Faso,263,'01499.01,Karite nuts (sheanuts),5539,Producer Price Index (2014-2016 = 100),1999,1999,7021,Annual value,,46.260000,E
BFA,2000-01-01,2000-12-31,233,'854,Burkina Faso,263,'01499.01,Karite nuts (sheanuts),5539,Producer Price Index (2014-2016 = 100),2000,2000,7021,Annual value,,49.190000,E
BFA,2001-01-01,2001-12-31,233,'854,Burkina Faso,263,'01499.01,Karite nuts (sheanuts),5539,Producer Price Index (2014-2016 = 100),2001,2001,7021,Annual value,,26.120000,E
BFA,2002-01-01,2002-12-31,233,'854,Burkina Faso,263,'01499.01,Karite nuts (sheanuts),5539,Producer Price Index (2014-2016 = 100),2002,2002,7021,Annual value,,35.620000,E
BFA,2003-01-01,2003-12-31,233,'854,Burkina Faso,263,'01499.01,Karite nuts (sheanuts),5539,Producer Price Index (2014-2016 = 100),2003,2003,7021,Annual value,,35.620000,E
BFA,2004-01-01,2004-12-31,233,'854,Burkina Faso,263,'01499.01,Karite nuts (sheanuts),5539,Producer Price Index (2014-2016 = 100),2004,2004,7021,Annual value,,35.620000,E
BFA,2005-01-01,2005-12-31,233,'854,Burkina Faso,263,'01499.01,Karite nuts (sheanuts),5539,Producer Price Index (2014-2016 = 100),2005,2005,7021,Annual value,,35.620000,E
BFA,2006-01-01,2006-12-31,233,'854,Burkina Faso,263,'01499.01,Karite nuts (sheanuts),5539,Producer Price Index (2014-2016 = 100),2006,2006,7021,Annual value,,52.290000,E
BFA,2007-01-01,2007-12-31,233,'854,Burkina Faso,263,'01499.01,Karite nuts (sheanuts),5539,Producer Price Index (2014-2016 = 100),2007,2007,7021,Annual value,,78.980000,E
BFA,2008-01-01,2008-12-31,233,'854,Burkina Faso,263,'01499.01,Karite nuts (sheanuts),5539,Producer Price Index (2014-2016 = 100),2008,2008,7021,Annual value,,84.990000,E
BFA,2009-01-01,2009-12-31,233,'854,Burkina Faso,263,'01499.01,Karite nuts (sheanuts),5539,Producer Price Index (2014-2016 = 100),2009,2009,7021,Annual value,,94.200000,E
BFA,2010-01-01,2010-12-31,233,'854,Burkina Faso,263,'01499.01,Karite nuts (sheanuts),5539,Producer Price Index (2014-2016 = 100),2010,2010,7021,Annual value,,102.410000,E
BFA,2011-01-01,2011-12-31,233,'854,Burkina Faso,263,'01499.01,Karite nuts (sheanuts),5539,Producer Price Index (2014-2016 = 100),2011,2011,7021,Annual value,,110.120000,E
BFA,2012-01-01,2012-12-31,233,'854,Burkina Faso,263,'01499.01,Karite nuts (sheanuts),5539,Producer Price Index (2014-2016 = 100),2012,2012,7021,Annual value,,117.460000,E
BFA,2013-01-01,2013-12-31,233,'854,Burkina Faso,263,'01499.01,Karite nuts (sheanuts),5539,Producer Price Index (2014-2016 = 100),2013,2013,7021,Annual value,,95.280000,E
BFA,2014-01-01,2014-12-31,233,'854,Burkina Faso,263,'01499.01,Karite nuts (sheanuts),5539,Producer Price Index (2014-2016 = 100),2014,2014,7021,Annual value,,97.410000,E
BFA,2015-01-01,2015-12-31,233,'854,Burkina Faso,263,'01499.01,Karite nuts (sheanuts),5539,Producer Price Index (2014-2016 = 100),2015,2015,7021,Annual value,,100.720000,E
BFA,2016-01-01,2016-12-31,233,'854,Burkina Faso,263,'01499.01,Karite nuts (sheanuts),5539,Producer Price Index (2014-2016 = 100),2016,2016,7021,Annual value,,101.870000,E
BFA,2017-01-01,2017-12-31,233,'854,Burkina Faso,263,'01499.01,Karite nuts (sheanuts),5539,Producer Price Index (2014-2016 = 100),2017,2017,7021,Annual value,,102.960000,E
BFA,2018-01-01,2018-12-31,233,'854,Burkina Faso,263,'01499.01,Karite nuts (sheanuts),5539,Producer Price Index (2014-2016 = 100),2018,2018,7021,Annual value,,104.070000,E
BFA,2019-01-01,2019-12-31,233,'854,Burkina Faso,263,'01499.01,Karite nuts (sheanuts),5539,Producer Price Index (2014-2016 = 100),2019,2019,7021,Annual value,,105.290000,E
BFA,2020-01-01,2020-12-31,233,'854,Burkina Faso,263,'01499.01,Karite nuts (sheanuts),5539,Producer Price Index (2014-2016 = 100),2020,2020,7021,Annual value,,108.180000,E
BFA,2021-01-01,2021-12-31,233,'854,Burkina Faso,263,'01499.01,Karite nuts (sheanuts),5539,Producer Price Index (2014-2016 = 100),2021,2021,7021,Annual value,,107.220000,E
BFA,2022-01-01,2022-12-31,233,'854,Burkina Faso,263,'01499.01,Karite nuts (sheanuts),5539,Producer Price Index (2014-2016 = 100),2022,2022,7021,Annual value,,113.000000,E
BFA,2023-01-01,2023-12-31,233,'854,Burkina Faso,263,'01499.01,Karite nuts (sheanuts),5539,Producer Price Index (2014-2016 = 100),2023,2023,7021,Annual value,,108.400000,E
BFA,2024-01-01,2024-12-31,233,'854,Burkina Faso,263,'01499.01,Karite nuts (sheanuts),5539,Producer Price Index (2014-2016 = 100),2024,2024,7021,Annual value,,112.010000,E
BFA,2025-01-01,2025-12-31,233,'854,Burkina Faso,263,'01499.01,Karite nuts (sheanuts),5539,Producer Price Index (2014-2016 = 100),2025,2025,7021,Annual value,,112.140000,E
BFA,2017-07-01,2017-07-31,233,'854,Burkina Faso,592,'01352,Kiwi fruit,5530,Producer Price (LCU/tonne),2017,2017,7007,July,LCU,2644.000000,A
BFA,2017-08-01,2017-08-31,233,'854,Burkina Faso,592,'01352,Kiwi fruit,5530,Producer Price (LCU/tonne),2017,2017,7008,August,LCU,2644.000000,A
BFA,2017-09-01,2017-09-30,233,'854,Burkina Faso,592,'01352,Kiwi fruit,5530,Producer Price (LCU/tonne),2017,2017,7009,September,LCU,2164.000000,A
BFA,2017-10-01,2017-10-31,233,'854,Burkina Faso,592,'01352,Kiwi fruit,5530,Producer Price (LCU/tonne),2017,2017,7010,October,LCU,2539.000000,A
BFA,2017-11-01,2017-11-30,233,'854,Burkina Faso,592,'01352,Kiwi fruit,5530,Producer Price (LCU/tonne),2017,2017,7011,November,LCU,2726.000000,A
BFA,2017-12-01,2017-12-31,233,'854,Burkina Faso,592,'01352,Kiwi fruit,5530,Producer Price (LCU/tonne),2017,2017,7012,December,LCU,3022.000000,A
BFA,2017-01-01,2017-01-31,233,'854,Burkina Faso,407,'01254,Leeks and other alliaceous vegetables,5530,Producer Price (LCU/tonne),2017,2017,7001,January,LCU,1303.000000,A
BFA,2017-02-01,2017-02-28,233,'854,Burkina Faso,407,'01254,Leeks and other alliaceous vegetables,5530,Producer Price (LCU/tonne),2017,2017,7002,February,LCU,1337.000000,A
BFA,2017-03-01,2017-03-31,233,'854,Burkina Faso,407,'01254,Leeks and other alliaceous vegetables,5530,Producer Price (LCU/tonne),2017,2017,7003,March,LCU,1236.000000,A
BFA,2017-04-01,2017-04-30,233,'854,Burkina Faso,407,'01254,Leeks and other alliaceous vegetables,5530,Producer Price (LCU/tonne),2017,2017,7004,April,LCU,1249.000000,A
BFA,2017-05-01,2017-05-31,233,'854,Burkina Faso,407,'01254,Leeks and other alliaceous vegetables,5530,Producer Price (LCU/tonne),2017,2017,7005,May,LCU,1324.000000,A
BFA,2017-06-01,2017-06-30,233,'854,Burkina Faso,407,'01254,Leeks and other alliaceous vegetables,5530,Producer Price (LCU/tonne),2017,2017,7006,June,LCU,1686.000000,A
BFA,2017-07-01,2017-07-31,233,'854,Burkina Faso,407,'01254,Leeks and other alliaceous vegetables,5530,Producer Price (LCU/tonne),2017,2017,7007,July,LCU,1015.000000,A
BFA,2017-08-01,2017-08-31,233,'854,Burkina Faso,407,'01254,Leeks and other alliaceous vegetables,5530,Producer Price (LCU/tonne),2017,2017,7008,August,LCU,1015.000000,A
BFA,2017-09-01,2017-09-30,233,'854,Burkina Faso,407,'01254,Leeks and other alliaceous vegetables,5530,Producer Price (LCU/tonne),2017,2017,7009,September,LCU,1313.000000,A
BFA,2017-10-01,2017-10-31,233,'854,Burkina Faso,407,'01254,Leeks and other alliaceous vegetables,5530,Producer Price (LCU/tonne),2017,2017,7010,October,LCU,1581.000000,A
BFA,2017-11-01,2017-11-30,233,'854,Burkina Faso,407,'01254,Leeks and other alliaceous vegetables,5530,Producer Price (LCU/tonne),2017,2017,7011,November,LCU,1436.000000,A
BFA,2017-12-01,2017-12-31,233,'854,Burkina Faso,407,'01254,Leeks and other alliaceous vegetables,5530,Producer Price (LCU/tonne),2017,2017,7012,December,LCU,1258.000000,A
BFA,1991-01-01,1991-12-31,233,'854,Burkina Faso,497,'01322,Lemons and limes,5530,Producer Price (LCU/tonne),1991,1991,7021,Annual value,LCU,21703.100000,A
BFA,1992-01-01,1992-12-31,233,'854,Burkina Faso,497,'01322,Lemons and limes,5530,Producer Price (LCU/tonne),1992,1992,7021,Annual value,LCU,14622.600000,A
BFA,1993-01-01,1993-12-31,233,'854,Burkina Faso,497,'01322,Lemons and limes,5530,Producer Price (LCU/tonne),1993,1993,7021,Annual value,LCU,14544.800000,A
BFA,1994-01-01,1994-12-31,233,'854,Burkina Faso,497,'01322,Lemons and limes,5530,Producer Price (LCU/tonne),1994,1994,7021,Annual value,LCU,12815.800000,A
BFA,1995-01-01,1995-12-31,233,'854,Burkina Faso,497,'01322,Lemons and limes,5530,Producer Price (LCU/tonne),1995,1995,7021,Annual value,LCU,15251.200000,A
BFA,1996-01-01,1996-12-31,233,'854,Burkina Faso,497,'01322,Lemons and limes,5530,Producer Price (LCU/tonne),1996,1996,7021,Annual value,LCU,16133.900000,A
BFA,1997-01-01,1997-12-31,233,'854,Burkina Faso,497,'01322,Lemons and limes,5530,Producer Price (LCU/tonne),1997,1997,7021,Annual value,LCU,14734.100000,A
BFA,1998-01-01,1998-12-31,233,'854,Burkina Faso,497,'01322,Lemons and limes,5530,Producer Price (LCU/tonne),1998,1998,7021,Annual value,LCU,15699.600000,A
BFA,1999-01-01,1999-12-31,233,'854,Burkina Faso,497,'01322,Lemons and limes,5530,Producer Price (LCU/tonne),1999,1999,7021,Annual value,LCU,13917.400000,A
BFA,2000-01-01,2000-12-31,233,'854,Burkina Faso,497,'01322,Lemons and limes,5530,Producer Price (LCU/tonne),2000,2000,7021,Annual value,LCU,11235.900000,A
BFA,2001-01-01,2001-12-31,233,'854,Burkina Faso,497,'01322,Lemons and limes,5530,Producer Price (LCU/tonne),2001,2001,7021,Annual value,LCU,12626.700000,A
BFA,2002-01-01,2002-12-31,233,'854,Burkina Faso,497,'01322,Lemons and limes,5530,Producer Price (LCU/tonne),2002,2002,7021,Annual value,LCU,14111.700000,A
BFA,2003-01-01,2003-12-31,233,'854,Burkina Faso,497,'01322,Lemons and limes,5530,Producer Price (LCU/tonne),2003,2003,7021,Annual value,LCU,16577.300000,A
BFA,2017-01-01,2017-01-31,233,'854,Burkina Faso,497,'01322,Lemons and limes,5530,Producer Price (LCU/tonne),2017,2017,7001,January,LCU,1239.000000,A
BFA,2017-02-01,2017-02-28,233,'854,Burkina Faso,497,'01322,Lemons and limes,5530,Producer Price (LCU/tonne),2017,2017,7002,February,LCU,1373.000000,A
BFA,2017-09-01,2017-09-30,233,'854,Burkina Faso,497,'01322,Lemons and limes,5530,Producer Price (LCU/tonne),2017,2017,7009,September,LCU,1455.000000,A
BFA,2017-10-01,2017-10-31,233,'854,Burkina Faso,497,'01322,Lemons and limes,5530,Producer Price (LCU/tonne),2017,2017,7010,October,LCU,1422.000000,A
BFA,2017-11-01,2017-11-30,233,'854,Burkina Faso,497,'01322,Lemons and limes,5530,Producer Price (LCU/tonne),2017,2017,7011,November,LCU,1548.000000,A
BFA,2017-12-01,2017-12-31,233,'854,Burkina Faso,497,'01322,Lemons and limes,5530,Producer Price (LCU/tonne),2017,2017,7012,December,LCU,1756.000000,A
BFA,1991-01-01,1991-12-31,233,'854,Burkina Faso,497,'01322,Lemons and limes,5531,Producer Price (SLC/tonne),1991,1991,7021,Annual value,SLC,21703.100000,A
BFA,1992-01-01,1992-12-31,233,'854,Burkina Faso,497,'01322,Lemons and limes,5531,Producer Price (SLC/tonne),1992,1992,7021,Annual value,SLC,14622.600000,A
BFA,1993-01-01,1993-12-31,233,'854,Burkina Faso,497,'01322,Lemons and limes,5531,Producer Price (SLC/tonne),1993,1993,7021,Annual value,SLC,14544.800000,A
BFA,1994-01-01,1994-12-31,233,'854,Burkina Faso,497,'01322,Lemons and limes,5531,Producer Price (SLC/tonne),1994,1994,7021,Annual value,SLC,12815.800000,A
BFA,1995-01-01,1995-12-31,233,'854,Burkina Faso,497,'01322,Lemons and limes,5531,Producer Price (SLC/tonne),1995,1995,7021,Annual value,SLC,15251.200000,A
BFA,1996-01-01,1996-12-31,233,'854,Burkina Faso,497,'01322,Lemons and limes,5531,Producer Price (SLC/tonne),1996,1996,7021,Annual value,SLC,16133.900000,A
BFA,1997-01-01,1997-12-31,233,'854,Burkina Faso,497,'01322,Lemons and limes,5531,Producer Price (SLC/tonne),1997,1997,7021,Annual value,SLC,14734.100000,A
BFA,1998-01-01,1998-12-31,233,'854,Burkina Faso,497,'01322,Lemons and limes,5531,Producer Price (SLC/tonne),1998,1998,7021,Annual value,SLC,15699.600000,A
BFA,1999-01-01,1999-12-31,233,'854,Burkina Faso,497,'01322,Lemons and limes,5531,Producer Price (SLC/tonne),1999,1999,7021,Annual value,SLC,13917.400000,A
BFA,2000-01-01,2000-12-31,233,'854,Burkina Faso,497,'01322,Lemons and limes,5531,Producer Price (SLC/tonne),2000,2000,7021,Annual value,SLC,11235.900000,A
BFA,2001-01-01,2001-12-31,233,'854,Burkina Faso,497,'01322,Lemons and limes,5531,Producer Price (SLC/tonne),2001,2001,7021,Annual value,SLC,12626.700000,A
BFA,2002-01-01,2002-12-31,233,'854,Burkina Faso,497,'01322,Lemons and limes,5531,Producer Price (SLC/tonne),2002,2002,7021,Annual value,SLC,14111.700000,A
BFA,2003-01-01,2003-12-31,233,'854,Burkina Faso,497,'01322,Lemons and limes,5531,Producer Price (SLC/tonne),2003,2003,7021,Annual value,SLC,16577.300000,A
BFA,1991-01-01,1991-12-31,233,'854,Burkina Faso,497,'01322,Lemons and limes,5532,Producer Price (USD/tonne),1991,1991,7021,Annual value,USD,76.900000,A
BFA,1992-01-01,1992-12-31,233,'854,Burkina Faso,497,'01322,Lemons and limes,5532,Producer Price (USD/tonne),1992,1992,7021,Annual value,USD,55.200000,A
BFA,1993-01-01,1993-12-31,233,'854,Burkina Faso,497,'01322,Lemons and limes,5532,Producer Price (USD/tonne),1993,1993,7021,Annual value,USD,51.400000,A
BFA,1994-01-01,1994-12-31,233,'854,Burkina Faso,497,'01322,Lemons and limes,5532,Producer Price (USD/tonne),1994,1994,7021,Annual value,USD,23.100000,A
BFA,1995-01-01,1995-12-31,233,'854,Burkina Faso,497,'01322,Lemons and limes,5532,Producer Price (USD/tonne),1995,1995,7021,Annual value,USD,30.600000,A
BFA,1996-01-01,1996-12-31,233,'854,Burkina Faso,497,'01322,Lemons and limes,5532,Producer Price (USD/tonne),1996,1996,7021,Annual value,USD,31.500000,A
BFA,1997-01-01,1997-12-31,233,'854,Burkina Faso,497,'01322,Lemons and limes,5532,Producer Price (USD/tonne),1997,1997,7021,Annual value,USD,25.200000,A
BFA,1998-01-01,1998-12-31,233,'854,Burkina Faso,497,'01322,Lemons and limes,5532,Producer Price (USD/tonne),1998,1998,7021,Annual value,USD,26.600000,A
BFA,1999-01-01,1999-12-31,233,'854,Burkina Faso,497,'01322,Lemons and limes,5532,Producer Price (USD/tonne),1999,1999,7021,Annual value,USD,22.600000,A
BFA,2000-01-01,2000-12-31,233,'854,Burkina Faso,497,'01322,Lemons and limes,5532,Producer Price (USD/tonne),2000,2000,7021,Annual value,USD,15.800000,A
BFA,2001-01-01,2001-12-31,233,'854,Burkina Faso,497,'01322,Lemons and limes,5532,Producer Price (USD/tonne),2001,2001,7021,Annual value,USD,17.200000,A
BFA,2002-01-01,2002-12-31,233,'854,Burkina Faso,497,'01322,Lemons and limes,5532,Producer Price (USD/tonne),2002,2002,7021,Annual value,USD,20.200000,A
BFA,2003-01-01,2003-12-31,233,'854,Burkina Faso,497,'01322,Lemons and limes,5532,Producer Price (USD/tonne),2003,2003,7021,Annual value,USD,28.500000,A
BFA,1991-01-01,1991-12-31,233,'854,Burkina Faso,497,'01322,Lemons and limes,5539,Producer Price Index (2014-2016 = 100),1991,1991,7021,Annual value,,81.270000,E
BFA,1992-01-01,1992-12-31,233,'854,Burkina Faso,497,'01322,Lemons and limes,5539,Producer Price Index (2014-2016 = 100),1992,1992,7021,Annual value,,54.760000,E
BFA,1993-01-01,1993-12-31,233,'854,Burkina Faso,497,'01322,Lemons and limes,5539,Producer Price Index (2014-2016 = 100),1993,1993,7021,Annual value,,54.460000,E
BFA,1994-01-01,1994-12-31,233,'854,Burkina Faso,497,'01322,Lemons and limes,5539,Producer Price Index (2014-2016 = 100),1994,1994,7021,Annual value,,47.990000,E
BFA,1995-01-01,1995-12-31,233,'854,Burkina Faso,497,'01322,Lemons and limes,5539,Producer Price Index (2014-2016 = 100),1995,1995,7021,Annual value,,57.110000,E
BFA,1996-01-01,1996-12-31,233,'854,Burkina Faso,497,'01322,Lemons and limes,5539,Producer Price Index (2014-2016 = 100),1996,1996,7021,Annual value,,60.410000,E
BFA,1997-01-01,1997-12-31,233,'854,Burkina Faso,497,'01322,Lemons and limes,5539,Producer Price Index (2014-2016 = 100),1997,1997,7021,Annual value,,55.170000,E
BFA,1998-01-01,1998-12-31,233,'854,Burkina Faso,497,'01322,Lemons and limes,5539,Producer Price Index (2014-2016 = 100),1998,1998,7021,Annual value,,58.790000,E
BFA,1999-01-01,1999-12-31,233,'854,Burkina Faso,497,'01322,Lemons and limes,5539,Producer Price Index (2014-2016 = 100),1999,1999,7021,Annual value,,52.110000,E
BFA,2000-01-01,2000-12-31,233,'854,Burkina Faso,497,'01322,Lemons and limes,5539,Producer Price Index (2014-2016 = 100),2000,2000,7021,Annual value,,42.070000,E
BFA,2001-01-01,2001-12-31,233,'854,Burkina Faso,497,'01322,Lemons and limes,5539,Producer Price Index (2014-2016 = 100),2001,2001,7021,Annual value,,47.280000,E
BFA,2002-01-01,2002-12-31,233,'854,Burkina Faso,497,'01322,Lemons and limes,5539,Producer Price Index (2014-2016 = 100),2002,2002,7021,Annual value,,52.840000,E
BFA,2003-01-01,2003-12-31,233,'854,Burkina Faso,497,'01322,Lemons and limes,5539,Producer Price Index (2014-2016 = 100),2003,2003,7021,Annual value,,62.070000,E
BFA,2004-01-01,2004-12-31,233,'854,Burkina Faso,497,'01322,Lemons and limes,5539,Producer Price Index (2014-2016 = 100),2004,2004,7021,Annual value,,67.970000,E
BFA,2005-01-01,2005-12-31,233,'854,Burkina Faso,497,'01322,Lemons and limes,5539,Producer Price Index (2014-2016 = 100),2005,2005,7021,Annual value,,77.510000,E
BFA,2006-01-01,2006-12-31,233,'854,Burkina Faso,497,'01322,Lemons and limes,5539,Producer Price Index (2014-2016 = 100),2006,2006,7021,Annual value,,76.370000,E
BFA,2007-01-01,2007-12-31,233,'854,Burkina Faso,497,'01322,Lemons and limes,5539,Producer Price Index (2014-2016 = 100),2007,2007,7021,Annual value,,75.240000,E
BFA,2008-01-01,2008-12-31,233,'854,Burkina Faso,497,'01322,Lemons and limes,5539,Producer Price Index (2014-2016 = 100),2008,2008,7021,Annual value,,76.510000,E
BFA,2009-01-01,2009-12-31,233,'854,Burkina Faso,497,'01322,Lemons and limes,5539,Producer Price Index (2014-2016 = 100),2009,2009,7021,Annual value,,78.040000,E
BFA,2010-01-01,2010-12-31,233,'854,Burkina Faso,497,'01322,Lemons and limes,5539,Producer Price Index (2014-2016 = 100),2010,2010,7021,Annual value,,79.630000,E
BFA,2011-01-01,2011-12-31,233,'854,Burkina Faso,497,'01322,Lemons and limes,5539,Producer Price Index (2014-2016 = 100),2011,2011,7021,Annual value,,81.260000,E
BFA,2012-01-01,2012-12-31,233,'854,Burkina Faso,497,'01322,Lemons and limes,5539,Producer Price Index (2014-2016 = 100),2012,2012,7021,Annual value,,82.890000,E
BFA,2013-01-01,2013-12-31,233,'854,Burkina Faso,497,'01322,Lemons and limes,5539,Producer Price Index (2014-2016 = 100),2013,2013,7021,Annual value,,92.570000,E
BFA,2014-01-01,2014-12-31,233,'854,Burkina Faso,497,'01322,Lemons and limes,5539,Producer Price Index (2014-2016 = 100),2014,2014,7021,Annual value,,95.370000,E
BFA,2015-01-01,2015-12-31,233,'854,Burkina Faso,497,'01322,Lemons and limes,5539,Producer Price Index (2014-2016 = 100),2015,2015,7021,Annual value,,101.220000,E
BFA,2016-01-01,2016-12-31,233,'854,Burkina Faso,497,'01322,Lemons and limes,5539,Producer Price Index (2014-2016 = 100),2016,2016,7021,Annual value,,103.420000,E
BFA,2017-01-01,2017-12-31,233,'854,Burkina Faso,497,'01322,Lemons and limes,5539,Producer Price Index (2014-2016 = 100),2017,2017,7021,Annual value,,105.560000,E
BFA,2018-01-01,2018-12-31,233,'854,Burkina Faso,497,'01322,Lemons and limes,5539,Producer Price Index (2014-2016 = 100),2018,2018,7021,Annual value,,107.620000,E
BFA,2019-01-01,2019-12-31,233,'854,Burkina Faso,497,'01322,Lemons and limes,5539,Producer Price Index (2014-2016 = 100),2019,2019,7021,Annual value,,109.610000,E
BFA,2020-01-01,2020-12-31,233,'854,Burkina Faso,497,'01322,Lemons and limes,5539,Producer Price Index (2014-2016 = 100),2020,2020,7021,Annual value,,112.130000,E
BFA,2021-01-01,2021-12-31,233,'854,Burkina Faso,497,'01322,Lemons and limes,5539,Producer Price Index (2014-2016 = 100),2021,2021,7021,Annual value,,112.240000,E
BFA,2022-01-01,2022-12-31,233,'854,Burkina Faso,497,'01322,Lemons and limes,5539,Producer Price Index (2014-2016 = 100),2022,2022,7021,Annual value,,116.230000,E
BFA,2023-01-01,2023-12-31,233,'854,Burkina Faso,497,'01322,Lemons and limes,5539,Producer Price Index (2014-2016 = 100),2023,2023,7021,Annual value,,111.570000,E
BFA,2024-01-01,2024-12-31,233,'854,Burkina Faso,497,'01322,Lemons and limes,5539,Producer Price Index (2014-2016 = 100),2024,2024,7021,Annual value,,126.160000,E
BFA,2025-01-01,2025-12-31,233,'854,Burkina Faso,497,'01322,Lemons and limes,5539,Producer Price Index (2014-2016 = 100),2025,2025,7021,Annual value,,120.690000,E
BFA,2017-01-01,2017-01-31,233,'854,Burkina Faso,201,'01704,"Lentils, dry",5530,Producer Price (LCU/tonne),2017,2017,7001,January,LCU,2604.000000,A
BFA,2017-02-01,2017-02-28,233,'854,Burkina Faso,201,'01704,"Lentils, dry",5530,Producer Price (LCU/tonne),2017,2017,7002,February,LCU,2612.000000,A
BFA,2017-03-01,2017-03-31,233,'854,Burkina Faso,201,'01704,"Lentils, dry",5530,Producer Price (LCU/tonne),2017,2017,7003,March,LCU,2602.000000,A
BFA,2017-04-01,2017-04-30,233,'854,Burkina Faso,201,'01704,"Lentils, dry",5530,Producer Price (LCU/tonne),2017,2017,7004,April,LCU,2585.000000,A
BFA,2017-05-01,2017-05-31,233,'854,Burkina Faso,201,'01704,"Lentils, dry",5530,Producer Price (LCU/tonne),2017,2017,7005,May,LCU,2551.000000,A
BFA,2017-06-01,2017-06-30,233,'854,Burkina Faso,201,'01704,"Lentils, dry",5530,Producer Price (LCU/tonne),2017,2017,7006,June,LCU,2341.000000,A
BFA,2017-07-01,2017-07-31,233,'854,Burkina Faso,201,'01704,"Lentils, dry",5530,Producer Price (LCU/tonne),2017,2017,7007,July,LCU,2283.000000,A
BFA,2017-08-01,2017-08-31,233,'854,Burkina Faso,201,'01704,"Lentils, dry",5530,Producer Price (LCU/tonne),2017,2017,7008,August,LCU,2315.000000,A
BFA,2017-09-01,2017-09-30,233,'854,Burkina Faso,201,'01704,"Lentils, dry",5530,Producer Price (LCU/tonne),2017,2017,7009,September,LCU,2298.000000,A
BFA,2017-10-01,2017-10-31,233,'854,Burkina Faso,201,'01704,"Lentils, dry",5530,Producer Price (LCU/tonne),2017,2017,7010,October,LCU,2223.000000,A
BFA,2017-11-01,2017-11-30,233,'854,Burkina Faso,201,'01704,"Lentils, dry",5530,Producer Price (LCU/tonne),2017,2017,7011,November,LCU,2191.000000,A
BFA,2017-12-01,2017-12-31,233,'854,Burkina Faso,201,'01704,"Lentils, dry",5530,Producer Price (LCU/tonne),2017,2017,7012,December,LCU,2101.000000,A
BFA,2017-01-01,2017-01-31,233,'854,Burkina Faso,372,'01214,Lettuce and chicory,5530,Producer Price (LCU/tonne),2017,2017,7001,January,LCU,1416.000000,A
BFA,2017-02-01,2017-02-28,233,'854,Burkina Faso,372,'01214,Lettuce and chicory,5530,Producer Price (LCU/tonne),2017,2017,7002,February,LCU,1381.000000,A
BFA,2017-03-01,2017-03-31,233,'854,Burkina Faso,372,'01214,Lettuce and chicory,5530,Producer Price (LCU/tonne),2017,2017,7003,March,LCU,1348.000000,A
BFA,2017-04-01,2017-04-30,233,'854,Burkina Faso,372,'01214,Lettuce and chicory,5530,Producer Price (LCU/tonne),2017,2017,7004,April,LCU,1246.000000,A
BFA,2017-05-01,2017-05-31,233,'854,Burkina Faso,372,'01214,Lettuce and chicory,5530,Producer Price (LCU/tonne),2017,2017,7005,May,LCU,1398.000000,A
BFA,2017-06-01,2017-06-30,233,'854,Burkina Faso,372,'01214,Lettuce and chicory,5530,Producer Price (LCU/tonne),2017,2017,7006,June,LCU,1473.000000,A
BFA,2017-07-01,2017-07-31,233,'854,Burkina Faso,372,'01214,Lettuce and chicory,5530,Producer Price (LCU/tonne),2017,2017,7007,July,LCU,1346.000000,A
BFA,2017-08-01,2017-08-31,233,'854,Burkina Faso,372,'01214,Lettuce and chicory,5530,Producer Price (LCU/tonne),2017,2017,7008,August,LCU,1370.000000,A
BFA,2017-09-01,2017-09-30,233,'854,Burkina Faso,372,'01214,Lettuce and chicory,5530,Producer Price (LCU/tonne),2017,2017,7009,September,LCU,1388.000000,A
BFA,2017-10-01,2017-10-31,233,'854,Burkina Faso,372,'01214,Lettuce and chicory,5530,Producer Price (LCU/tonne),2017,2017,7010,October,LCU,1452.000000,A
BFA,2017-11-01,2017-11-30,233,'854,Burkina Faso,372,'01214,Lettuce and chicory,5530,Producer Price (LCU/tonne),2017,2017,7011,November,LCU,1341.000000,A
BFA,2017-12-01,2017-12-31,233,'854,Burkina Faso,372,'01214,Lettuce and chicory,5530,Producer Price (LCU/tonne),2017,2017,7012,December,LCU,1315.000000,A
BFA,2017-07-01,2017-07-31,233,'854,Burkina Faso,461,'01356,Locust beans (carobs),5530,Producer Price (LCU/tonne),2017,2017,7007,July,LCU,915.000000,A
BFA,2017-08-01,2017-08-31,233,'854,Burkina Faso,461,'01356,Locust beans (carobs),5530,Producer Price (LCU/tonne),2017,2017,7008,August,LCU,1506.000000,A
BFA,2017-09-01,2017-09-30,233,'854,Burkina Faso,461,'01356,Locust beans (carobs),5530,Producer Price (LCU/tonne),2017,2017,7009,September,LCU,1546.000000,A
BFA,2017-10-01,2017-10-31,233,'854,Burkina Faso,461,'01356,Locust beans (carobs),5530,Producer Price (LCU/tonne),2017,2017,7010,October,LCU,1578.000000,A
BFA,2017-11-01,2017-11-30,233,'854,Burkina Faso,461,'01356,Locust beans (carobs),5530,Producer Price (LCU/tonne),2017,2017,7011,November,LCU,1605.000000,A
BFA,1992-01-01,1992-12-31,233,'854,Burkina Faso,56,'0112,Maize (corn),5530,Producer Price (LCU/tonne),1992,1992,7021,Annual value,LCU,62017.000000,A
BFA,1993-01-01,1993-12-31,233,'854,Burkina Faso,56,'0112,Maize (corn),5530,Producer Price (LCU/tonne),1993,1993,7021,Annual value,LCU,51894.000000,A
BFA,1994-01-01,1994-12-31,233,'854,Burkina Faso,56,'0112,Maize (corn),5530,Producer Price (LCU/tonne),1994,1994,7021,Annual value,LCU,74109.000000,A
BFA,1995-01-01,1995-12-31,233,'854,Burkina Faso,56,'0112,Maize (corn),5530,Producer Price (LCU/tonne),1995,1995,7021,Annual value,LCU,74109.000000,A
BFA,1996-01-01,1996-12-31,233,'854,Burkina Faso,56,'0112,Maize (corn),5530,Producer Price (LCU/tonne),1996,1996,7021,Annual value,LCU,95731.000000,A
BFA,1997-01-01,1997-12-31,233,'854,Burkina Faso,56,'0112,Maize (corn),5530,Producer Price (LCU/tonne),1997,1997,7021,Annual value,LCU,90000.000000,A
BFA,1998-01-01,1998-12-31,233,'854,Burkina Faso,56,'0112,Maize (corn),5530,Producer Price (LCU/tonne),1998,1998,7021,Annual value,LCU,100000.000000,A
BFA,1999-01-01,1999-12-31,233,'854,Burkina Faso,56,'0112,Maize (corn),5530,Producer Price (LCU/tonne),1999,1999,7021,Annual value,LCU,90000.000000,A
BFA,2000-01-01,2000-12-31,233,'854,Burkina Faso,56,'0112,Maize (corn),5530,Producer Price (LCU/tonne),2000,2000,7021,Annual value,LCU,65000.000000,A
BFA,2001-01-01,2001-12-31,233,'854,Burkina Faso,56,'0112,Maize (corn),5530,Producer Price (LCU/tonne),2001,2001,7021,Annual value,LCU,82000.000000,A
BFA,2002-01-01,2002-12-31,233,'854,Burkina Faso,56,'0112,Maize (corn),5530,Producer Price (LCU/tonne),2002,2002,7021,Annual value,LCU,101000.000000,A
BFA,2003-01-01,2003-12-31,233,'854,Burkina Faso,56,'0112,Maize (corn),5530,Producer Price (LCU/tonne),2003,2003,7021,Annual value,LCU,87000.000000,A
BFA,2004-01-01,2004-12-31,233,'854,Burkina Faso,56,'0112,Maize (corn),5530,Producer Price (LCU/tonne),2004,2004,7021,Annual value,LCU,89175.000000,A
BFA,2005-01-01,2005-12-31,233,'854,Burkina Faso,56,'0112,Maize (corn),5530,Producer Price (LCU/tonne),2005,2005,7021,Annual value,LCU,101300.000000,A
BFA,2006-01-01,2006-12-31,233,'854,Burkina Faso,56,'0112,Maize (corn),5530,Producer Price (LCU/tonne),2006,2006,7021,Annual value,LCU,104339.000000,A
BFA,2007-01-01,2007-12-31,233,'854,Burkina Faso,56,'0112,Maize (corn),5530,Producer Price (LCU/tonne),2007,2007,7021,Annual value,LCU,131832.000000,A
BFA,2017-01-01,2017-01-31,233,'854,Burkina Faso,56,'0112,Maize (corn),5530,Producer Price (LCU/tonne),2017,2017,7001,January,LCU,697.000000,A
BFA,2017-02-01,2017-02-28,233,'854,Burkina Faso,56,'0112,Maize (corn),5530,Producer Price (LCU/tonne),2017,2017,7002,February,LCU,704.000000,A
BFA,2017-03-01,2017-03-31,233,'854,Burkina Faso,56,'0112,Maize (corn),5530,Producer Price (LCU/tonne),2017,2017,7003,March,LCU,733.000000,A
BFA,2017-04-01,2017-04-30,233,'854,Burkina Faso,56,'0112,Maize (corn),5530,Producer Price (LCU/tonne),2017,2017,7004,April,LCU,736.000000,A
BFA,2017-05-01,2017-05-31,233,'854,Burkina Faso,56,'0112,Maize (corn),5530,Producer Price (LCU/tonne),2017,2017,7005,May,LCU,773.000000,A
BFA,2017-06-01,2017-06-30,233,'854,Burkina Faso,56,'0112,Maize (corn),5530,Producer Price (LCU/tonne),2017,2017,7006,June,LCU,778.000000,A
BFA,2017-07-01,2017-07-31,233,'854,Burkina Faso,56,'0112,Maize (corn),5530,Producer Price (LCU/tonne),2017,2017,7007,July,LCU,775.000000,A
BFA,2017-08-01,2017-08-31,233,'854,Burkina Faso,56,'0112,Maize (corn),5530,Producer Price (LCU/tonne),2017,2017,7008,August,LCU,751.000000,A
BFA,2017-09-01,2017-09-30,233,'854,Burkina Faso,56,'0112,Maize (corn),5530,Producer Price (LCU/tonne),2017,2017,7009,September,LCU,742.000000,A
BFA,2017-10-01,2017-10-31,233,'854,Burkina Faso,56,'0112,Maize (corn),5530,Producer Price (LCU/tonne),2017,2017,7010,October,LCU,751.000000,A
BFA,2017-11-01,2017-11-30,233,'854,Burkina Faso,56,'0112,Maize (corn),5530,Producer Price (LCU/tonne),2017,2017,7011,November,LCU,753.000000,A
BFA,2017-12-01,2017-12-31,233,'854,Burkina Faso,56,'0112,Maize (corn),5530,Producer Price (LCU/tonne),2017,2017,7012,December,LCU,767.000000,A
BFA,2020-01-01,2020-12-31,233,'854,Burkina Faso,56,'0112,Maize (corn),5530,Producer Price (LCU/tonne),2020,2020,7021,Annual value,LCU,124000.000000,A
BFA,2021-01-01,2021-12-31,233,'854,Burkina Faso,56,'0112,Maize (corn),5530,Producer Price (LCU/tonne),2021,2021,7021,Annual value,LCU,171000.000000,A
BFA,2022-01-01,2022-12-31,233,'854,Burkina Faso,56,'0112,Maize (corn),5530,Producer Price (LCU/tonne),2022,2022,7021,Annual value,LCU,232000.000000,A
BFA,2022-01-01,2022-01-31,233,'854,Burkina Faso,56,'0112,Maize (corn),5530,Producer Price (LCU/tonne),2022,2022,7001,January,LCU,206000.000000,A
BFA,2022-02-01,2022-02-28,233,'854,Burkina Faso,56,'0112,Maize (corn),5530,Producer Price (LCU/tonne),2022,2022,7002,February,LCU,210000.000000,A
BFA,2022-03-01,2022-03-31,233,'854,Burkina Faso,56,'0112,Maize (corn),5530,Producer Price (LCU/tonne),2022,2022,7003,March,LCU,228000.000000,A
BFA,2022-04-01,2022-04-30,233,'854,Burkina Faso,56,'0112,Maize (corn),5530,Producer Price (LCU/tonne),2022,2022,7004,April,LCU,258000.000000,A
BFA,2022-05-01,2022-05-31,233,'854,Burkina Faso,56,'0112,Maize (corn),5530,Producer Price (LCU/tonne),2022,2022,7005,May,LCU,259000.000000,A
BFA,2022-06-01,2022-06-30,233,'854,Burkina Faso,56,'0112,Maize (corn),5530,Producer Price (LCU/tonne),2022,2022,7006,June,LCU,259000.000000,A
BFA,2022-07-01,2022-07-31,233,'854,Burkina Faso,56,'0112,Maize (corn),5530,Producer Price (LCU/tonne),2022,2022,7007,July,LCU,257000.000000,A
BFA,2022-08-01,2022-08-31,233,'854,Burkina Faso,56,'0112,Maize (corn),5530,Producer Price (LCU/tonne),2022,2022,7008,August,LCU,254000.000000,A
BFA,2022-09-01,2022-09-30,233,'854,Burkina Faso,56,'0112,Maize (corn),5530,Producer Price (LCU/tonne),2022,2022,7009,September,LCU,243000.000000,A
BFA,2022-10-01,2022-10-31,233,'854,Burkina Faso,56,'0112,Maize (corn),5530,Producer Price (LCU/tonne),2022,2022,7010,October,LCU,202000.000000,A
BFA,2022-11-01,2022-11-30,233,'854,Burkina Faso,56,'0112,Maize (corn),5530,Producer Price (LCU/tonne),2022,2022,7011,November,LCU,194000.000000,A
BFA,2022-12-01,2022-12-31,233,'854,Burkina Faso,56,'0112,Maize (corn),5530,Producer Price (LCU/tonne),2022,2022,7012,December,LCU,214000.000000,A
BFA,1992-01-01,1992-12-31,233,'854,Burkina Faso,56,'0112,Maize (corn),5531,Producer Price (SLC/tonne),1992,1992,7021,Annual value,SLC,62017.000000,A
BFA,1993-01-01,1993-12-31,233,'854,Burkina Faso,56,'0112,Maize (corn),5531,Producer Price (SLC/tonne),1993,1993,7021,Annual value,SLC,51894.000000,A
BFA,1994-01-01,1994-12-31,233,'854,Burkina Faso,56,'0112,Maize (corn),5531,Producer Price (SLC/tonne),1994,1994,7021,Annual value,SLC,74109.000000,A
BFA,1995-01-01,1995-12-31,233,'854,Burkina Faso,56,'0112,Maize (corn),5531,Producer Price (SLC/tonne),1995,1995,7021,Annual value,SLC,74109.000000,A
BFA,1996-01-01,1996-12-31,233,'854,Burkina Faso,56,'0112,Maize (corn),5531,Producer Price (SLC/tonne),1996,1996,7021,Annual value,SLC,95731.000000,A
BFA,1997-01-01,1997-12-31,233,'854,Burkina Faso,56,'0112,Maize (corn),5531,Producer Price (SLC/tonne),1997,1997,7021,Annual value,SLC,90000.000000,A
BFA,1998-01-01,1998-12-31,233,'854,Burkina Faso,56,'0112,Maize (corn),5531,Producer Price (SLC/tonne),1998,1998,7021,Annual value,SLC,100000.000000,A
BFA,1999-01-01,1999-12-31,233,'854,Burkina Faso,56,'0112,Maize (corn),5531,Producer Price (SLC/tonne),1999,1999,7021,Annual value,SLC,90000.000000,A
BFA,2000-01-01,2000-12-31,233,'854,Burkina Faso,56,'0112,Maize (corn),5531,Producer Price (SLC/tonne),2000,2000,7021,Annual value,SLC,65000.000000,A
BFA,2001-01-01,2001-12-31,233,'854,Burkina Faso,56,'0112,Maize (corn),5531,Producer Price (SLC/tonne),2001,2001,7021,Annual value,SLC,82000.000000,A
BFA,2002-01-01,2002-12-31,233,'854,Burkina Faso,56,'0112,Maize (corn),5531,Producer Price (SLC/tonne),2002,2002,7021,Annual value,SLC,101000.000000,A
BFA,2003-01-01,2003-12-31,233,'854,Burkina Faso,56,'0112,Maize (corn),5531,Producer Price (SLC/tonne),2003,2003,7021,Annual value,SLC,87000.000000,A
BFA,2004-01-01,2004-12-31,233,'854,Burkina Faso,56,'0112,Maize (corn),5531,Producer Price (SLC/tonne),2004,2004,7021,Annual value,SLC,89175.000000,A
BFA,2005-01-01,2005-12-31,233,'854,Burkina Faso,56,'0112,Maize (corn),5531,Producer Price (SLC/tonne),2005,2005,7021,Annual value,SLC,101300.000000,A
BFA,2006-01-01,2006-12-31,233,'854,Burkina Faso,56,'0112,Maize (corn),5531,Producer Price (SLC/tonne),2006,2006,7021,Annual value,SLC,104339.000000,A
BFA,2007-01-01,2007-12-31,233,'854,Burkina Faso,56,'0112,Maize (corn),5531,Producer Price (SLC/tonne),2007,2007,7021,Annual value,SLC,131832.000000,A
BFA,2020-01-01,2020-12-31,233,'854,Burkina Faso,56,'0112,Maize (corn),5531,Producer Price (SLC/tonne),2020,2020,7021,Annual value,SLC,124000.000000,A
BFA,2021-01-01,2021-12-31,233,'854,Burkina Faso,56,'0112,Maize (corn),5531,Producer Price (SLC/tonne),2021,2021,7021,Annual value,SLC,171000.000000,A
BFA,2022-01-01,2022-12-31,233,'854,Burkina Faso,56,'0112,Maize (corn),5531,Producer Price (SLC/tonne),2022,2022,7021,Annual value,SLC,232000.000000,A
BFA,1992-01-01,1992-12-31,233,'854,Burkina Faso,56,'0112,Maize (corn),5532,Producer Price (USD/tonne),1992,1992,7021,Annual value,USD,234.300000,A
BFA,1993-01-01,1993-12-31,233,'854,Burkina Faso,56,'0112,Maize (corn),5532,Producer Price (USD/tonne),1993,1993,7021,Annual value,USD,183.300000,A
BFA,1994-01-01,1994-12-31,233,'854,Burkina Faso,56,'0112,Maize (corn),5532,Producer Price (USD/tonne),1994,1994,7021,Annual value,USD,133.500000,A
BFA,1995-01-01,1995-12-31,233,'854,Burkina Faso,56,'0112,Maize (corn),5532,Producer Price (USD/tonne),1995,1995,7021,Annual value,USD,148.500000,A
BFA,1996-01-01,1996-12-31,233,'854,Burkina Faso,56,'0112,Maize (corn),5532,Producer Price (USD/tonne),1996,1996,7021,Annual value,USD,187.100000,A
BFA,1997-01-01,1997-12-31,233,'854,Burkina Faso,56,'0112,Maize (corn),5532,Producer Price (USD/tonne),1997,1997,7021,Annual value,USD,154.200000,A
BFA,1998-01-01,1998-12-31,233,'854,Burkina Faso,56,'0112,Maize (corn),5532,Producer Price (USD/tonne),1998,1998,7021,Annual value,USD,169.500000,A
BFA,1999-01-01,1999-12-31,233,'854,Burkina Faso,56,'0112,Maize (corn),5532,Producer Price (USD/tonne),1999,1999,7021,Annual value,USD,146.200000,A
BFA,2000-01-01,2000-12-31,233,'854,Burkina Faso,56,'0112,Maize (corn),5532,Producer Price (USD/tonne),2000,2000,7021,Annual value,USD,91.300000,A
BFA,2001-01-01,2001-12-31,233,'854,Burkina Faso,56,'0112,Maize (corn),5532,Producer Price (USD/tonne),2001,2001,7021,Annual value,USD,111.900000,A
BFA,2002-01-01,2002-12-31,233,'854,Burkina Faso,56,'0112,Maize (corn),5532,Producer Price (USD/tonne),2002,2002,7021,Annual value,USD,144.900000,A
BFA,2003-01-01,2003-12-31,233,'854,Burkina Faso,56,'0112,Maize (corn),5532,Producer Price (USD/tonne),2003,2003,7021,Annual value,USD,149.700000,A
BFA,2004-01-01,2004-12-31,233,'854,Burkina Faso,56,'0112,Maize (corn),5532,Producer Price (USD/tonne),2004,2004,7021,Annual value,USD,168.800000,A
BFA,2005-01-01,2005-12-31,233,'854,Burkina Faso,56,'0112,Maize (corn),5532,Producer Price (USD/tonne),2005,2005,7021,Annual value,USD,192.000000,A
BFA,2006-01-01,2006-12-31,233,'854,Burkina Faso,56,'0112,Maize (corn),5532,Producer Price (USD/tonne),2006,2006,7021,Annual value,USD,199.500000,A
BFA,2007-01-01,2007-12-31,233,'854,Burkina Faso,56,'0112,Maize (corn),5532,Producer Price (USD/tonne),2007,2007,7021,Annual value,USD,275.100000,A
BFA,2020-01-01,2020-12-31,233,'854,Burkina Faso,56,'0112,Maize (corn),5532,Producer Price (USD/tonne),2020,2020,7021,Annual value,USD,215.400000,A
BFA,2021-01-01,2021-12-31,233,'854,Burkina Faso,56,'0112,Maize (corn),5532,Producer Price (USD/tonne),2021,2021,7021,Annual value,USD,308.400000,A
BFA,2022-01-01,2022-12-31,233,'854,Burkina Faso,56,'0112,Maize (corn),5532,Producer Price (USD/tonne),2022,2022,7021,Annual value,USD,371.900000,A
BFA,1991-01-01,1991-12-31,233,'854,Burkina Faso,56,'0112,Maize (corn),5539,Producer Price Index (2014-2016 = 100),1991,1991,7021,Annual value,,44.840000,E
BFA,1992-01-01,1992-12-31,233,'854,Burkina Faso,56,'0112,Maize (corn),5539,Producer Price Index (2014-2016 = 100),1992,1992,7021,Annual value,,46.350000,E
BFA,1993-01-01,1993-12-31,233,'854,Burkina Faso,56,'0112,Maize (corn),5539,Producer Price Index (2014-2016 = 100),1993,1993,7021,Annual value,,38.780000,E
BFA,1994-01-01,1994-12-31,233,'854,Burkina Faso,56,'0112,Maize (corn),5539,Producer Price Index (2014-2016 = 100),1994,1994,7021,Annual value,,55.380000,E
BFA,1995-01-01,1995-12-31,233,'854,Burkina Faso,56,'0112,Maize (corn),5539,Producer Price Index (2014-2016 = 100),1995,1995,7021,Annual value,,55.380000,E
BFA,1996-01-01,1996-12-31,233,'854,Burkina Faso,56,'0112,Maize (corn),5539,Producer Price Index (2014-2016 = 100),1996,1996,7021,Annual value,,71.540000,E
BFA,1997-01-01,1997-12-31,233,'854,Burkina Faso,56,'0112,Maize (corn),5539,Producer Price Index (2014-2016 = 100),1997,1997,7021,Annual value,,67.260000,E
BFA,1998-01-01,1998-12-31,233,'854,Burkina Faso,56,'0112,Maize (corn),5539,Producer Price Index (2014-2016 = 100),1998,1998,7021,Annual value,,74.730000,E
BFA,1999-01-01,1999-12-31,233,'854,Burkina Faso,56,'0112,Maize (corn),5539,Producer Price Index (2014-2016 = 100),1999,1999,7021,Annual value,,67.260000,E
BFA,2000-01-01,2000-12-31,233,'854,Burkina Faso,56,'0112,Maize (corn),5539,Producer Price Index (2014-2016 = 100),2000,2000,7021,Annual value,,48.570000,E
BFA,2001-01-01,2001-12-31,233,'854,Burkina Faso,56,'0112,Maize (corn),5539,Producer Price Index (2014-2016 = 100),2001,2001,7021,Annual value,,61.280000,E
BFA,2002-01-01,2002-12-31,233,'854,Burkina Faso,56,'0112,Maize (corn),5539,Producer Price Index (2014-2016 = 100),2002,2002,7021,Annual value,,75.480000,E
BFA,2003-01-01,2003-12-31,233,'854,Burkina Faso,56,'0112,Maize (corn),5539,Producer Price Index (2014-2016 = 100),2003,2003,7021,Annual value,,65.020000,E
BFA,2004-01-01,2004-12-31,233,'854,Burkina Faso,56,'0112,Maize (corn),5539,Producer Price Index (2014-2016 = 100),2004,2004,7021,Annual value,,66.640000,E
BFA,2005-01-01,2005-12-31,233,'854,Burkina Faso,56,'0112,Maize (corn),5539,Producer Price Index (2014-2016 = 100),2005,2005,7021,Annual value,,75.700000,E
BFA,2006-01-01,2006-12-31,233,'854,Burkina Faso,56,'0112,Maize (corn),5539,Producer Price Index (2014-2016 = 100),2006,2006,7021,Annual value,,77.970000,E
BFA,2007-01-01,2007-12-31,233,'854,Burkina Faso,56,'0112,Maize (corn),5539,Producer Price Index (2014-2016 = 100),2007,2007,7021,Annual value,,98.520000,E
BFA,2008-01-01,2008-12-31,233,'854,Burkina Faso,56,'0112,Maize (corn),5539,Producer Price Index (2014-2016 = 100),2008,2008,7021,Annual value,,90.560000,E
BFA,2009-01-01,2009-12-31,233,'854,Burkina Faso,56,'0112,Maize (corn),5539,Producer Price Index (2014-2016 = 100),2009,2009,7021,Annual value,,93.320000,E
BFA,2010-01-01,2010-12-31,233,'854,Burkina Faso,56,'0112,Maize (corn),5539,Producer Price Index (2014-2016 = 100),2010,2010,7021,Annual value,,95.820000,E
BFA,2011-01-01,2011-12-31,233,'854,Burkina Faso,56,'0112,Maize (corn),5539,Producer Price Index (2014-2016 = 100),2011,2011,7021,Annual value,,98.130000,E
BFA,2012-01-01,2012-12-31,233,'854,Burkina Faso,56,'0112,Maize (corn),5539,Producer Price Index (2014-2016 = 100),2012,2012,7021,Annual value,,100.300000,E
BFA,2013-01-01,2013-12-31,233,'854,Burkina Faso,56,'0112,Maize (corn),5539,Producer Price Index (2014-2016 = 100),2013,2013,7021,Annual value,,99.010000,E
BFA,2014-01-01,2014-12-31,233,'854,Burkina Faso,56,'0112,Maize (corn),5539,Producer Price Index (2014-2016 = 100),2014,2014,7021,Annual value,,100.620000,E
BFA,2015-01-01,2015-12-31,233,'854,Burkina Faso,56,'0112,Maize (corn),5539,Producer Price Index (2014-2016 = 100),2015,2015,7021,Annual value,,98.860000,E
BFA,2016-01-01,2016-12-31,233,'854,Burkina Faso,56,'0112,Maize (corn),5539,Producer Price Index (2014-2016 = 100),2016,2016,7021,Annual value,,100.520000,E
BFA,2017-01-01,2017-12-31,233,'854,Burkina Faso,56,'0112,Maize (corn),5539,Producer Price Index (2014-2016 = 100),2017,2017,7021,Annual value,,102.340000,E
BFA,2018-01-01,2018-12-31,233,'854,Burkina Faso,56,'0112,Maize (corn),5539,Producer Price Index (2014-2016 = 100),2018,2018,7021,Annual value,,104.920000,E
BFA,2019-01-01,2019-12-31,233,'854,Burkina Faso,56,'0112,Maize (corn),5539,Producer Price Index (2014-2016 = 100),2019,2019,7021,Annual value,,108.530000,E
BFA,2020-01-01,2020-12-31,233,'854,Burkina Faso,56,'0112,Maize (corn),5539,Producer Price Index (2014-2016 = 100),2020,2020,7021,Annual value,,92.670000,E
BFA,2021-01-01,2021-12-31,233,'854,Burkina Faso,56,'0112,Maize (corn),5539,Producer Price Index (2014-2016 = 100),2021,2021,7021,Annual value,,127.790000,E
BFA,2022-01-01,2022-12-31,233,'854,Burkina Faso,56,'0112,Maize (corn),5539,Producer Price Index (2014-2016 = 100),2022,2022,7021,Annual value,,173.370000,E
BFA,2023-01-01,2023-12-31,233,'854,Burkina Faso,56,'0112,Maize (corn),5539,Producer Price Index (2014-2016 = 100),2023,2023,7021,Annual value,,115.250000,E
BFA,2024-01-01,2024-12-31,233,'854,Burkina Faso,56,'0112,Maize (corn),5539,Producer Price Index (2014-2016 = 100),2024,2024,7021,Annual value,,130.480000,E
BFA,2025-01-01,2025-12-31,233,'854,Burkina Faso,56,'0112,Maize (corn),5539,Producer Price Index (2014-2016 = 100),2025,2025,7021,Annual value,,156.190000,E
BFA,1997-01-01,1997-12-31,233,'854,Burkina Faso,571,'01316,"Mangoes, guavas and mangosteens",5530,Producer Price (LCU/tonne),1997,1997,7021,Annual value,LCU,36292.600000,A
BFA,1998-01-01,1998-12-31,233,'854,Burkina Faso,571,'01316,"Mangoes, guavas and mangosteens",5530,Producer Price (LCU/tonne),1998,1998,7021,Annual value,LCU,34487.600000,A
BFA,1999-01-01,1999-12-31,233,'854,Burkina Faso,571,'01316,"Mangoes, guavas and mangosteens",5530,Producer Price (LCU/tonne),1999,1999,7021,Annual value,LCU,31909.100000,A
BFA,2000-01-01,2000-12-31,233,'854,Burkina Faso,571,'01316,"Mangoes, guavas and mangosteens",5530,Producer Price (LCU/tonne),2000,2000,7021,Annual value,LCU,24818.200000,A
BFA,2001-01-01,2001-12-31,233,'854,Burkina Faso,571,'01316,"Mangoes, guavas and mangosteens",5530,Producer Price (LCU/tonne),2001,2001,7021,Annual value,LCU,29700.000000,A
BFA,2006-01-01,2006-12-31,233,'854,Burkina Faso,571,'01316,"Mangoes, guavas and mangosteens",5530,Producer Price (LCU/tonne),2006,2006,7021,Annual value,LCU,31583.300000,A
BFA,2007-01-01,2007-12-31,233,'854,Burkina Faso,571,'01316,"Mangoes, guavas and mangosteens",5530,Producer Price (LCU/tonne),2007,2007,7021,Annual value,LCU,27865.000000,A
BFA,1997-01-01,1997-12-31,233,'854,Burkina Faso,571,'01316,"Mangoes, guavas and mangosteens",5531,Producer Price (SLC/tonne),1997,1997,7021,Annual value,SLC,36292.600000,A
BFA,1998-01-01,1998-12-31,233,'854,Burkina Faso,571,'01316,"Mangoes, guavas and mangosteens",5531,Producer Price (SLC/tonne),1998,1998,7021,Annual value,SLC,34487.600000,A
BFA,1999-01-01,1999-12-31,233,'854,Burkina Faso,571,'01316,"Mangoes, guavas and mangosteens",5531,Producer Price (SLC/tonne),1999,1999,7021,Annual value,SLC,31909.100000,A
BFA,2000-01-01,2000-12-31,233,'854,Burkina Faso,571,'01316,"Mangoes, guavas and mangosteens",5531,Producer Price (SLC/tonne),2000,2000,7021,Annual value,SLC,24818.200000,A
BFA,2001-01-01,2001-12-31,233,'854,Burkina Faso,571,'01316,"Mangoes, guavas and mangosteens",5531,Producer Price (SLC/tonne),2001,2001,7021,Annual value,SLC,29700.000000,A
BFA,2006-01-01,2006-12-31,233,'854,Burkina Faso,571,'01316,"Mangoes, guavas and mangosteens",5531,Producer Price (SLC/tonne),2006,2006,7021,Annual value,SLC,31583.300000,A
BFA,2007-01-01,2007-12-31,233,'854,Burkina Faso,571,'01316,"Mangoes, guavas and mangosteens",5531,Producer Price (SLC/tonne),2007,2007,7021,Annual value,SLC,27865.000000,A
BFA,1997-01-01,1997-12-31,233,'854,Burkina Faso,571,'01316,"Mangoes, guavas and mangosteens",5532,Producer Price (USD/tonne),1997,1997,7021,Annual value,USD,62.200000,A
BFA,1998-01-01,1998-12-31,233,'854,Burkina Faso,571,'01316,"Mangoes, guavas and mangosteens",5532,Producer Price (USD/tonne),1998,1998,7021,Annual value,USD,58.500000,A
BFA,1999-01-01,1999-12-31,233,'854,Burkina Faso,571,'01316,"Mangoes, guavas and mangosteens",5532,Producer Price (USD/tonne),1999,1999,7021,Annual value,USD,51.800000,A
BFA,2000-01-01,2000-12-31,233,'854,Burkina Faso,571,'01316,"Mangoes, guavas and mangosteens",5532,Producer Price (USD/tonne),2000,2000,7021,Annual value,USD,34.900000,A
BFA,2001-01-01,2001-12-31,233,'854,Burkina Faso,571,'01316,"Mangoes, guavas and mangosteens",5532,Producer Price (USD/tonne),2001,2001,7021,Annual value,USD,40.500000,A
BFA,2006-01-01,2006-12-31,233,'854,Burkina Faso,571,'01316,"Mangoes, guavas and mangosteens",5532,Producer Price (USD/tonne),2006,2006,7021,Annual value,USD,60.400000,A
BFA,2007-01-01,2007-12-31,233,'854,Burkina Faso,571,'01316,"Mangoes, guavas and mangosteens",5532,Producer Price (USD/tonne),2007,2007,7021,Annual value,USD,58.100000,A
BFA,1991-01-01,1991-12-31,233,'854,Burkina Faso,571,'01316,"Mangoes, guavas and mangosteens",5539,Producer Price Index (2014-2016 = 100),1991,1991,7021,Annual value,,128.440000,E
BFA,1992-01-01,1992-12-31,233,'854,Burkina Faso,571,'01316,"Mangoes, guavas and mangosteens",5539,Producer Price Index (2014-2016 = 100),1992,1992,7021,Annual value,,132.720000,E
BFA,1993-01-01,1993-12-31,233,'854,Burkina Faso,571,'01316,"Mangoes, guavas and mangosteens",5539,Producer Price Index (2014-2016 = 100),1993,1993,7021,Annual value,,108.180000,E
BFA,1994-01-01,1994-12-31,233,'854,Burkina Faso,571,'01316,"Mangoes, guavas and mangosteens",5539,Producer Price Index (2014-2016 = 100),1994,1994,7021,Annual value,,144.590000,E
BFA,1995-01-01,1995-12-31,233,'854,Burkina Faso,571,'01316,"Mangoes, guavas and mangosteens",5539,Producer Price Index (2014-2016 = 100),1995,1995,7021,Annual value,,144.590000,E
BFA,1996-01-01,1996-12-31,233,'854,Burkina Faso,571,'01316,"Mangoes, guavas and mangosteens",5539,Producer Price Index (2014-2016 = 100),1996,1996,7021,Annual value,,202.660000,E
BFA,1997-01-01,1997-12-31,233,'854,Burkina Faso,571,'01316,"Mangoes, guavas and mangosteens",5539,Producer Price Index (2014-2016 = 100),1997,1997,7021,Annual value,,93.230000,E
BFA,1998-01-01,1998-12-31,233,'854,Burkina Faso,571,'01316,"Mangoes, guavas and mangosteens",5539,Producer Price Index (2014-2016 = 100),1998,1998,7021,Annual value,,88.590000,E
BFA,1999-01-01,1999-12-31,233,'854,Burkina Faso,571,'01316,"Mangoes, guavas and mangosteens",5539,Producer Price Index (2014-2016 = 100),1999,1999,7021,Annual value,,81.970000,E
BFA,2000-01-01,2000-12-31,233,'854,Burkina Faso,571,'01316,"Mangoes, guavas and mangosteens",5539,Producer Price Index (2014-2016 = 100),2000,2000,7021,Annual value,,63.750000,E
BFA,2001-01-01,2001-12-31,233,'854,Burkina Faso,571,'01316,"Mangoes, guavas and mangosteens",5539,Producer Price Index (2014-2016 = 100),2001,2001,7021,Annual value,,76.290000,E
BFA,2002-01-01,2002-12-31,233,'854,Burkina Faso,571,'01316,"Mangoes, guavas and mangosteens",5539,Producer Price Index (2014-2016 = 100),2002,2002,7021,Annual value,,263.810000,E
BFA,2003-01-01,2003-12-31,233,'854,Burkina Faso,571,'01316,"Mangoes, guavas and mangosteens",5539,Producer Price Index (2014-2016 = 100),2003,2003,7021,Annual value,,181.860000,E
BFA,2004-01-01,2004-12-31,233,'854,Burkina Faso,571,'01316,"Mangoes, guavas and mangosteens",5539,Producer Price Index (2014-2016 = 100),2004,2004,7021,Annual value,,194.200000,E
BFA,2005-01-01,2005-12-31,233,'854,Burkina Faso,571,'01316,"Mangoes, guavas and mangosteens",5539,Producer Price Index (2014-2016 = 100),2005,2005,7021,Annual value,,188.610000,E
BFA,2006-01-01,2006-12-31,233,'854,Burkina Faso,571,'01316,"Mangoes, guavas and mangosteens",5539,Producer Price Index (2014-2016 = 100),2006,2006,7021,Annual value,,81.130000,E
BFA,2007-01-01,2007-12-31,233,'854,Burkina Faso,571,'01316,"Mangoes, guavas and mangosteens",5539,Producer Price Index (2014-2016 = 100),2007,2007,7021,Annual value,,71.580000,E
BFA,2008-01-01,2008-12-31,233,'854,Burkina Faso,571,'01316,"Mangoes, guavas and mangosteens",5539,Producer Price Index (2014-2016 = 100),2008,2008,7021,Annual value,,89.220000,E
BFA,2009-01-01,2009-12-31,233,'854,Burkina Faso,571,'01316,"Mangoes, guavas and mangosteens",5539,Producer Price Index (2014-2016 = 100),2009,2009,7021,Annual value,,86.330000,E
BFA,2010-01-01,2010-12-31,233,'854,Burkina Faso,571,'01316,"Mangoes, guavas and mangosteens",5539,Producer Price Index (2014-2016 = 100),2010,2010,7021,Annual value,,86.840000,E
BFA,2011-01-01,2011-12-31,233,'854,Burkina Faso,571,'01316,"Mangoes, guavas and mangosteens",5539,Producer Price Index (2014-2016 = 100),2011,2011,7021,Annual value,,87.020000,E
BFA,2012-01-01,2012-12-31,233,'854,Burkina Faso,571,'01316,"Mangoes, guavas and mangosteens",5539,Producer Price Index (2014-2016 = 100),2012,2012,7021,Annual value,,86.920000,E
BFA,2013-01-01,2013-12-31,233,'854,Burkina Faso,571,'01316,"Mangoes, guavas and mangosteens",5539,Producer Price Index (2014-2016 = 100),2013,2013,7021,Annual value,,100.910000,E
BFA,2014-01-01,2014-12-31,233,'854,Burkina Faso,571,'01316,"Mangoes, guavas and mangosteens",5539,Producer Price Index (2014-2016 = 100),2014,2014,7021,Annual value,,100.560000,E
BFA,2015-01-01,2015-12-31,233,'854,Burkina Faso,571,'01316,"Mangoes, guavas and mangosteens",5539,Producer Price Index (2014-2016 = 100),2015,2015,7021,Annual value,,99.880000,E
BFA,2016-01-01,2016-12-31,233,'854,Burkina Faso,571,'01316,"Mangoes, guavas and mangosteens",5539,Producer Price Index (2014-2016 = 100),2016,2016,7021,Annual value,,99.560000,E
BFA,2017-01-01,2017-12-31,233,'854,Burkina Faso,571,'01316,"Mangoes, guavas and mangosteens",5539,Producer Price Index (2014-2016 = 100),2017,2017,7021,Annual value,,99.260000,E
BFA,2018-01-01,2018-12-31,233,'854,Burkina Faso,571,'01316,"Mangoes, guavas and mangosteens",5539,Producer Price Index (2014-2016 = 100),2018,2018,7021,Annual value,,99.040000,E
BFA,2019-01-01,2019-12-31,233,'854,Burkina Faso,571,'01316,"Mangoes, guavas and mangosteens",5539,Producer Price Index (2014-2016 = 100),2019,2019,7021,Annual value,,98.940000,E
BFA,2020-01-01,2020-12-31,233,'854,Burkina Faso,571,'01316,"Mangoes, guavas and mangosteens",5539,Producer Price Index (2014-2016 = 100),2020,2020,7021,Annual value,,88.480000,E
BFA,2021-01-01,2021-12-31,233,'854,Burkina Faso,571,'01316,"Mangoes, guavas and mangosteens",5539,Producer Price Index (2014-2016 = 100),2021,2021,7021,Annual value,,90.160000,E
BFA,2022-01-01,2022-12-31,233,'854,Burkina Faso,571,'01316,"Mangoes, guavas and mangosteens",5539,Producer Price Index (2014-2016 = 100),2022,2022,7021,Annual value,,91.840000,E
BFA,2023-01-01,2023-12-31,233,'854,Burkina Faso,571,'01316,"Mangoes, guavas and mangosteens",5539,Producer Price Index (2014-2016 = 100),2023,2023,7021,Annual value,,90.250000,E
BFA,2024-01-01,2024-12-31,233,'854,Burkina Faso,571,'01316,"Mangoes, guavas and mangosteens",5539,Producer Price Index (2014-2016 = 100),2024,2024,7021,Annual value,,101.270000,E
BFA,2025-01-01,2025-12-31,233,'854,Burkina Faso,571,'01316,"Mangoes, guavas and mangosteens",5539,Producer Price Index (2014-2016 = 100),2025,2025,7021,Annual value,,96.850000,E
BFA,1991-01-01,1991-12-31,233,'854,Burkina Faso,1108,'21118.02,"Meat of asses, fresh or chilled",5539,Producer Price Index (2014-2016 = 100),1991,1991,7021,Annual value,,55.570000,E
BFA,1992-01-01,1992-12-31,233,'854,Burkina Faso,1108,'21118.02,"Meat of asses, fresh or chilled",5539,Producer Price Index (2014-2016 = 100),1992,1992,7021,Annual value,,55.690000,E
BFA,1993-01-01,1993-12-31,233,'854,Burkina Faso,1108,'21118.02,"Meat of asses, fresh or chilled",5539,Producer Price Index (2014-2016 = 100),1993,1993,7021,Annual value,,54.890000,E
BFA,1994-01-01,1994-12-31,233,'854,Burkina Faso,1108,'21118.02,"Meat of asses, fresh or chilled",5539,Producer Price Index (2014-2016 = 100),1994,1994,7021,Annual value,,62.930000,E
BFA,1995-01-01,1995-12-31,233,'854,Burkina Faso,1108,'21118.02,"Meat of asses, fresh or chilled",5539,Producer Price Index (2014-2016 = 100),1995,1995,7021,Annual value,,67.190000,E
BFA,1996-01-01,1996-12-31,233,'854,Burkina Faso,1108,'21118.02,"Meat of asses, fresh or chilled",5539,Producer Price Index (2014-2016 = 100),1996,1996,7021,Annual value,,67.420000,E
BFA,1997-01-01,1997-12-31,233,'854,Burkina Faso,1108,'21118.02,"Meat of asses, fresh or chilled",5539,Producer Price Index (2014-2016 = 100),1997,1997,7021,Annual value,,68.470000,E
BFA,1998-01-01,1998-12-31,233,'854,Burkina Faso,1108,'21118.02,"Meat of asses, fresh or chilled",5539,Producer Price Index (2014-2016 = 100),1998,1998,7021,Annual value,,73.910000,E
BFA,1999-01-01,1999-12-31,233,'854,Burkina Faso,1108,'21118.02,"Meat of asses, fresh or chilled",5539,Producer Price Index (2014-2016 = 100),1999,1999,7021,Annual value,,77.180000,E
BFA,2000-01-01,2000-12-31,233,'854,Burkina Faso,1108,'21118.02,"Meat of asses, fresh or chilled",5539,Producer Price Index (2014-2016 = 100),2000,2000,7021,Annual value,,75.900000,E
BFA,2001-01-01,2001-12-31,233,'854,Burkina Faso,1108,'21118.02,"Meat of asses, fresh or chilled",5539,Producer Price Index (2014-2016 = 100),2001,2001,7021,Annual value,,78.940000,E
BFA,2002-01-01,2002-12-31,233,'854,Burkina Faso,1108,'21118.02,"Meat of asses, fresh or chilled",5539,Producer Price Index (2014-2016 = 100),2002,2002,7021,Annual value,,83.840000,E
BFA,2003-01-01,2003-12-31,233,'854,Burkina Faso,1108,'21118.02,"Meat of asses, fresh or chilled",5539,Producer Price Index (2014-2016 = 100),2003,2003,7021,Annual value,,80.130000,E
BFA,2004-01-01,2004-12-31,233,'854,Burkina Faso,1108,'21118.02,"Meat of asses, fresh or chilled",5539,Producer Price Index (2014-2016 = 100),2004,2004,7021,Annual value,,77.100000,E
BFA,2005-01-01,2005-12-31,233,'854,Burkina Faso,1108,'21118.02,"Meat of asses, fresh or chilled",5539,Producer Price Index (2014-2016 = 100),2005,2005,7021,Annual value,,58.130000,E
BFA,2006-01-01,2006-12-31,233,'854,Burkina Faso,1108,'21118.02,"Meat of asses, fresh or chilled",5539,Producer Price Index (2014-2016 = 100),2006,2006,7021,Annual value,,84.910000,E
BFA,2007-01-01,2007-12-31,233,'854,Burkina Faso,1108,'21118.02,"Meat of asses, fresh or chilled",5539,Producer Price Index (2014-2016 = 100),2007,2007,7021,Annual value,,99.080000,E
BFA,2008-01-01,2008-12-31,233,'854,Burkina Faso,1108,'21118.02,"Meat of asses, fresh or chilled",5539,Producer Price Index (2014-2016 = 100),2008,2008,7021,Annual value,,100.670000,E
BFA,2009-01-01,2009-12-31,233,'854,Burkina Faso,1108,'21118.02,"Meat of asses, fresh or chilled",5539,Producer Price Index (2014-2016 = 100),2009,2009,7021,Annual value,,105.850000,E
BFA,2010-01-01,2010-12-31,233,'854,Burkina Faso,1108,'21118.02,"Meat of asses, fresh or chilled",5539,Producer Price Index (2014-2016 = 100),2010,2010,7021,Annual value,,110.810000,E
BFA,2011-01-01,2011-12-31,233,'854,Burkina Faso,1108,'21118.02,"Meat of asses, fresh or chilled",5539,Producer Price Index (2014-2016 = 100),2011,2011,7021,Annual value,,115.620000,E
BFA,2012-01-01,2012-12-31,233,'854,Burkina Faso,1108,'21118.02,"Meat of asses, fresh or chilled",5539,Producer Price Index (2014-2016 = 100),2012,2012,7021,Annual value,,120.300000,E
BFA,2013-01-01,2013-12-31,233,'854,Burkina Faso,1108,'21118.02,"Meat of asses, fresh or chilled",5539,Producer Price Index (2014-2016 = 100),2013,2013,7021,Annual value,,100.580000,E
BFA,2014-01-01,2014-12-31,233,'854,Burkina Faso,1108,'21118.02,"Meat of asses, fresh or chilled",5539,Producer Price Index (2014-2016 = 100),2014,2014,7021,Annual value,,101.380000,E
BFA,2015-01-01,2015-12-31,233,'854,Burkina Faso,1108,'21118.02,"Meat of asses, fresh or chilled",5539,Producer Price Index (2014-2016 = 100),2015,2015,7021,Annual value,,98.870000,E
BFA,2016-01-01,2016-12-31,233,'854,Burkina Faso,1108,'21118.02,"Meat of asses, fresh or chilled",5539,Producer Price Index (2014-2016 = 100),2016,2016,7021,Annual value,,99.760000,E
BFA,2017-01-01,2017-12-31,233,'854,Burkina Faso,1108,'21118.02,"Meat of asses, fresh or chilled",5539,Producer Price Index (2014-2016 = 100),2017,2017,7021,Annual value,,100.600000,E
BFA,2018-01-01,2018-12-31,233,'854,Burkina Faso,1108,'21118.02,"Meat of asses, fresh or chilled",5539,Producer Price Index (2014-2016 = 100),2018,2018,7021,Annual value,,101.410000,E
BFA,2019-01-01,2019-12-31,233,'854,Burkina Faso,1108,'21118.02,"Meat of asses, fresh or chilled",5539,Producer Price Index (2014-2016 = 100),2019,2019,7021,Annual value,,102.250000,E
BFA,2020-01-01,2020-12-31,233,'854,Burkina Faso,1108,'21118.02,"Meat of asses, fresh or chilled",5539,Producer Price Index (2014-2016 = 100),2020,2020,7021,Annual value,,101.150000,E
BFA,2021-01-01,2021-12-31,233,'854,Burkina Faso,1108,'21118.02,"Meat of asses, fresh or chilled",5539,Producer Price Index (2014-2016 = 100),2021,2021,7021,Annual value,,100.320000,E
BFA,2022-01-01,2022-12-31,233,'854,Burkina Faso,1108,'21118.02,"Meat of asses, fresh or chilled",5539,Producer Price Index (2014-2016 = 100),2022,2022,7021,Annual value,,113.410000,E
BFA,2023-01-01,2023-12-31,233,'854,Burkina Faso,1108,'21118.02,"Meat of asses, fresh or chilled",5539,Producer Price Index (2014-2016 = 100),2023,2023,7021,Annual value,,111.440000,E
BFA,2024-01-01,2024-12-31,233,'854,Burkina Faso,1108,'21118.02,"Meat of asses, fresh or chilled",5539,Producer Price Index (2014-2016 = 100),2024,2024,7021,Annual value,,107.220000,E
BFA,2025-01-01,2025-12-31,233,'854,Burkina Faso,1108,'21118.02,"Meat of asses, fresh or chilled",5539,Producer Price Index (2014-2016 = 100),2025,2025,7021,Annual value,,106.790000,E
BFA,2002-01-01,2002-12-31,233,'854,Burkina Faso,1123,'21118.02b,"Meat of asses, fresh or chilled (biological)",5530,Producer Price (LCU/tonne),2002,2002,7021,Annual value,LCU,196118.600000,A
BFA,2003-01-01,2003-12-31,233,'854,Burkina Faso,1123,'21118.02b,"Meat of asses, fresh or chilled (biological)",5530,Producer Price (LCU/tonne),2003,2003,7021,Annual value,LCU,187442.400000,A
BFA,2004-01-01,2004-12-31,233,'854,Burkina Faso,1123,'21118.02b,"Meat of asses, fresh or chilled (biological)",5530,Producer Price (LCU/tonne),2004,2004,7021,Annual value,LCU,180362.000000,A
BFA,2005-01-01,2005-12-31,233,'854,Burkina Faso,1123,'21118.02b,"Meat of asses, fresh or chilled (biological)",5530,Producer Price (LCU/tonne),2005,2005,7021,Annual value,LCU,135968.800000,A
BFA,2006-01-01,2006-12-31,233,'854,Burkina Faso,1123,'21118.02b,"Meat of asses, fresh or chilled (biological)",5530,Producer Price (LCU/tonne),2006,2006,7021,Annual value,LCU,198630.700000,A
BFA,2007-01-01,2007-12-31,233,'854,Burkina Faso,1123,'21118.02b,"Meat of asses, fresh or chilled (biological)",5530,Producer Price (LCU/tonne),2007,2007,7021,Annual value,LCU,231767.200000,A
BFA,2009-01-01,2009-12-31,233,'854,Burkina Faso,1123,'21118.02b,"Meat of asses, fresh or chilled (biological)",5530,Producer Price (LCU/tonne),2009,2009,7021,Annual value,LCU,231226.900000,A
BFA,2020-01-01,2020-12-31,233,'854,Burkina Faso,1123,'21118.02b,"Meat of asses, fresh or chilled (biological)",5530,Producer Price (LCU/tonne),2020,2020,7021,Annual value,LCU,1049513.200000,A
BFA,2021-01-01,2021-12-31,233,'854,Burkina Faso,1123,'21118.02b,"Meat of asses, fresh or chilled (biological)",5530,Producer Price (LCU/tonne),2021,2021,7021,Annual value,LCU,1467707.800000,A
BFA,2022-01-01,2022-12-31,233,'854,Burkina Faso,1123,'21118.02b,"Meat of asses, fresh or chilled (biological)",5530,Producer Price (LCU/tonne),2022,2022,7021,Annual value,LCU,1402568.800000,A
BFA,2022-01-01,2022-01-31,233,'854,Burkina Faso,1123,'21118.02b,"Meat of asses, fresh or chilled (biological)",5530,Producer Price (LCU/tonne),2022,2022,7001,January,LCU,1487297.100000,A
BFA,2022-02-01,2022-02-28,233,'854,Burkina Faso,1123,'21118.02b,"Meat of asses, fresh or chilled (biological)",5530,Producer Price (LCU/tonne),2022,2022,7002,February,LCU,1376589.600000,A
BFA,2022-03-01,2022-03-31,233,'854,Burkina Faso,1123,'21118.02b,"Meat of asses, fresh or chilled (biological)",5530,Producer Price (LCU/tonne),2022,2022,7003,March,LCU,1307445.000000,A
BFA,2022-04-01,2022-04-30,233,'854,Burkina Faso,1123,'21118.02b,"Meat of asses, fresh or chilled (biological)",5530,Producer Price (LCU/tonne),2022,2022,7004,April,LCU,1375724.500000,A
BFA,2022-05-01,2022-05-31,233,'854,Burkina Faso,1123,'21118.02b,"Meat of asses, fresh or chilled (biological)",5530,Producer Price (LCU/tonne),2022,2022,7005,May,LCU,1500806.800000,A
BFA,2022-06-01,2022-06-30,233,'854,Burkina Faso,1123,'21118.02b,"Meat of asses, fresh or chilled (biological)",5530,Producer Price (LCU/tonne),2022,2022,7006,June,LCU,1633359.400000,A
BFA,2022-07-01,2022-07-31,233,'854,Burkina Faso,1123,'21118.02b,"Meat of asses, fresh or chilled (biological)",5530,Producer Price (LCU/tonne),2022,2022,7007,July,LCU,1377135.000000,A
BFA,2022-08-01,2022-08-31,233,'854,Burkina Faso,1123,'21118.02b,"Meat of asses, fresh or chilled (biological)",5530,Producer Price (LCU/tonne),2022,2022,7008,August,LCU,1593022.500000,A
BFA,2022-09-01,2022-09-30,233,'854,Burkina Faso,1123,'21118.02b,"Meat of asses, fresh or chilled (biological)",5530,Producer Price (LCU/tonne),2022,2022,7009,September,LCU,2008890.000000,A
BFA,2022-10-01,2022-10-31,233,'854,Burkina Faso,1123,'21118.02b,"Meat of asses, fresh or chilled (biological)",5530,Producer Price (LCU/tonne),2022,2022,7010,October,LCU,1177458.000000,A
BFA,2022-11-01,2022-11-30,233,'854,Burkina Faso,1123,'21118.02b,"Meat of asses, fresh or chilled (biological)",5530,Producer Price (LCU/tonne),2022,2022,7011,November,LCU,1220157.700000,A
BFA,2022-12-01,2022-12-31,233,'854,Burkina Faso,1123,'21118.02b,"Meat of asses, fresh or chilled (biological)",5530,Producer Price (LCU/tonne),2022,2022,7012,December,LCU,1346389.400000,A
BFA,2023-01-01,2023-01-31,233,'854,Burkina Faso,1123,'21118.02b,"Meat of asses, fresh or chilled (biological)",5530,Producer Price (LCU/tonne),2023,2023,7001,January,LCU,1342896.000000,A
BFA,2002-01-01,2002-12-31,233,'854,Burkina Faso,1123,'21118.02b,"Meat of asses, fresh or chilled (biological)",5531,Producer Price (SLC/tonne),2002,2002,7021,Annual value,SLC,196118.600000,A
BFA,2003-01-01,2003-12-31,233,'854,Burkina Faso,1123,'21118.02b,"Meat of asses, fresh or chilled (biological)",5531,Producer Price (SLC/tonne),2003,2003,7021,Annual value,SLC,187442.400000,A
BFA,2004-01-01,2004-12-31,233,'854,Burkina Faso,1123,'21118.02b,"Meat of asses, fresh or chilled (biological)",5531,Producer Price (SLC/tonne),2004,2004,7021,Annual value,SLC,180362.000000,A
BFA,2005-01-01,2005-12-31,233,'854,Burkina Faso,1123,'21118.02b,"Meat of asses, fresh or chilled (biological)",5531,Producer Price (SLC/tonne),2005,2005,7021,Annual value,SLC,135968.800000,A
BFA,2006-01-01,2006-12-31,233,'854,Burkina Faso,1123,'21118.02b,"Meat of asses, fresh or chilled (biological)",5531,Producer Price (SLC/tonne),2006,2006,7021,Annual value,SLC,198630.700000,A
BFA,2007-01-01,2007-12-31,233,'854,Burkina Faso,1123,'21118.02b,"Meat of asses, fresh or chilled (biological)",5531,Producer Price (SLC/tonne),2007,2007,7021,Annual value,SLC,231767.200000,A
BFA,2009-01-01,2009-12-31,233,'854,Burkina Faso,1123,'21118.02b,"Meat of asses, fresh or chilled (biological)",5531,Producer Price (SLC/tonne),2009,2009,7021,Annual value,SLC,231226.900000,A
BFA,2020-01-01,2020-12-31,233,'854,Burkina Faso,1123,'21118.02b,"Meat of asses, fresh or chilled (biological)",5531,Producer Price (SLC/tonne),2020,2020,7021,Annual value,SLC,1049513.200000,A
BFA,2021-01-01,2021-12-31,233,'854,Burkina Faso,1123,'21118.02b,"Meat of asses, fresh or chilled (biological)",5531,Producer Price (SLC/tonne),2021,2021,7021,Annual value,SLC,1467707.800000,A
BFA,2022-01-01,2022-12-31,233,'854,Burkina Faso,1123,'21118.02b,"Meat of asses, fresh or chilled (biological)",5531,Producer Price (SLC/tonne),2022,2022,7021,Annual value,SLC,1402568.800000,A
BFA,2002-01-01,2002-12-31,233,'854,Burkina Faso,1123,'21118.02b,"Meat of asses, fresh or chilled (biological)",5532,Producer Price (USD/tonne),2002,2002,7021,Annual value,USD,281.400000,A
BFA,2003-01-01,2003-12-31,233,'854,Burkina Faso,1123,'21118.02b,"Meat of asses, fresh or chilled (biological)",5532,Producer Price (USD/tonne),2003,2003,7021,Annual value,USD,322.500000,A
BFA,2004-01-01,2004-12-31,233,'854,Burkina Faso,1123,'21118.02b,"Meat of asses, fresh or chilled (biological)",5532,Producer Price (USD/tonne),2004,2004,7021,Annual value,USD,341.400000,A
BFA,2005-01-01,2005-12-31,233,'854,Burkina Faso,1123,'21118.02b,"Meat of asses, fresh or chilled (biological)",5532,Producer Price (USD/tonne),2005,2005,7021,Annual value,USD,257.800000,A
BFA,2006-01-01,2006-12-31,233,'854,Burkina Faso,1123,'21118.02b,"Meat of asses, fresh or chilled (biological)",5532,Producer Price (USD/tonne),2006,2006,7021,Annual value,USD,379.900000,A
BFA,2007-01-01,2007-12-31,233,'854,Burkina Faso,1123,'21118.02b,"Meat of asses, fresh or chilled (biological)",5532,Producer Price (USD/tonne),2007,2007,7021,Annual value,USD,483.600000,A
BFA,2009-01-01,2009-12-31,233,'854,Burkina Faso,1123,'21118.02b,"Meat of asses, fresh or chilled (biological)",5532,Producer Price (USD/tonne),2009,2009,7021,Annual value,USD,489.700000,A
BFA,2020-01-01,2020-12-31,233,'854,Burkina Faso,1123,'21118.02b,"Meat of asses, fresh or chilled (biological)",5532,Producer Price (USD/tonne),2020,2020,7021,Annual value,USD,1823.400000,A
BFA,2021-01-01,2021-12-31,233,'854,Burkina Faso,1123,'21118.02b,"Meat of asses, fresh or chilled (biological)",5532,Producer Price (USD/tonne),2021,2021,7021,Annual value,USD,2646.800000,A
BFA,2022-01-01,2022-12-31,233,'854,Burkina Faso,1123,'21118.02b,"Meat of asses, fresh or chilled (biological)",5532,Producer Price (USD/tonne),2022,2022,7021,Annual value,USD,2248.600000,A
BFA,1991-01-01,1991-12-31,233,'854,Burkina Faso,1123,'21118.02b,"Meat of asses, fresh or chilled (biological)",5539,Producer Price Index (2014-2016 = 100),1991,1991,7021,Annual value,,24.110000,E
BFA,1992-01-01,1992-12-31,233,'854,Burkina Faso,1123,'21118.02b,"Meat of asses, fresh or chilled (biological)",5539,Producer Price Index (2014-2016 = 100),1992,1992,7021,Annual value,,24.170000,E
BFA,1993-01-01,1993-12-31,233,'854,Burkina Faso,1123,'21118.02b,"Meat of asses, fresh or chilled (biological)",5539,Producer Price Index (2014-2016 = 100),1993,1993,7021,Annual value,,23.820000,E
BFA,1994-01-01,1994-12-31,233,'854,Burkina Faso,1123,'21118.02b,"Meat of asses, fresh or chilled (biological)",5539,Producer Price Index (2014-2016 = 100),1994,1994,7021,Annual value,,27.310000,E
BFA,1995-01-01,1995-12-31,233,'854,Burkina Faso,1123,'21118.02b,"Meat of asses, fresh or chilled (biological)",5539,Producer Price Index (2014-2016 = 100),1995,1995,7021,Annual value,,29.160000,E
BFA,1996-01-01,1996-12-31,233,'854,Burkina Faso,1123,'21118.02b,"Meat of asses, fresh or chilled (biological)",5539,Producer Price Index (2014-2016 = 100),1996,1996,7021,Annual value,,29.260000,E
BFA,1997-01-01,1997-12-31,233,'854,Burkina Faso,1123,'21118.02b,"Meat of asses, fresh or chilled (biological)",5539,Producer Price Index (2014-2016 = 100),1997,1997,7021,Annual value,,29.710000,E
BFA,1998-01-01,1998-12-31,233,'854,Burkina Faso,1123,'21118.02b,"Meat of asses, fresh or chilled (biological)",5539,Producer Price Index (2014-2016 = 100),1998,1998,7021,Annual value,,32.070000,E
BFA,1999-01-01,1999-12-31,233,'854,Burkina Faso,1123,'21118.02b,"Meat of asses, fresh or chilled (biological)",5539,Producer Price Index (2014-2016 = 100),1999,1999,7021,Annual value,,33.500000,E
BFA,2000-01-01,2000-12-31,233,'854,Burkina Faso,1123,'21118.02b,"Meat of asses, fresh or chilled (biological)",5539,Producer Price Index (2014-2016 = 100),2000,2000,7021,Annual value,,32.940000,E
BFA,2001-01-01,2001-12-31,233,'854,Burkina Faso,1123,'21118.02b,"Meat of asses, fresh or chilled (biological)",5539,Producer Price Index (2014-2016 = 100),2001,2001,7021,Annual value,,34.260000,E
BFA,2002-01-01,2002-12-31,233,'854,Burkina Faso,1123,'21118.02b,"Meat of asses, fresh or chilled (biological)",5539,Producer Price Index (2014-2016 = 100),2002,2002,7021,Annual value,,36.380000,E
BFA,2003-01-01,2003-12-31,233,'854,Burkina Faso,1123,'21118.02b,"Meat of asses, fresh or chilled (biological)",5539,Producer Price Index (2014-2016 = 100),2003,2003,7021,Annual value,,34.770000,E
BFA,2004-01-01,2004-12-31,233,'854,Burkina Faso,1123,'21118.02b,"Meat of asses, fresh or chilled (biological)",5539,Producer Price Index (2014-2016 = 100),2004,2004,7021,Annual value,,33.460000,E
BFA,2005-01-01,2005-12-31,233,'854,Burkina Faso,1123,'21118.02b,"Meat of asses, fresh or chilled (biological)",5539,Producer Price Index (2014-2016 = 100),2005,2005,7021,Annual value,,25.220000,E
BFA,2006-01-01,2006-12-31,233,'854,Burkina Faso,1123,'21118.02b,"Meat of asses, fresh or chilled (biological)",5539,Producer Price Index (2014-2016 = 100),2006,2006,7021,Annual value,,36.850000,E
BFA,2007-01-01,2007-12-31,233,'854,Burkina Faso,1123,'21118.02b,"Meat of asses, fresh or chilled (biological)",5539,Producer Price Index (2014-2016 = 100),2007,2007,7021,Annual value,,43.000000,E
BFA,2008-01-01,2008-12-31,233,'854,Burkina Faso,1123,'21118.02b,"Meat of asses, fresh or chilled (biological)",5539,Producer Price Index (2014-2016 = 100),2008,2008,7021,Annual value,,44.540000,E
BFA,2009-01-01,2009-12-31,233,'854,Burkina Faso,1123,'21118.02b,"Meat of asses, fresh or chilled (biological)",5539,Producer Price Index (2014-2016 = 100),2009,2009,7021,Annual value,,42.900000,E
BFA,2010-01-01,2010-12-31,233,'854,Burkina Faso,1123,'21118.02b,"Meat of asses, fresh or chilled (biological)",5539,Producer Price Index (2014-2016 = 100),2010,2010,7021,Annual value,,52.530000,E
BFA,2011-01-01,2011-12-31,233,'854,Burkina Faso,1123,'21118.02b,"Meat of asses, fresh or chilled (biological)",5539,Producer Price Index (2014-2016 = 100),2011,2011,7021,Annual value,,58.330000,E
BFA,2012-01-01,2012-12-31,233,'854,Burkina Faso,1123,'21118.02b,"Meat of asses, fresh or chilled (biological)",5539,Producer Price Index (2014-2016 = 100),2012,2012,7021,Annual value,,64.530000,E
BFA,2013-01-01,2013-12-31,233,'854,Burkina Faso,1123,'21118.02b,"Meat of asses, fresh or chilled (biological)",5539,Producer Price Index (2014-2016 = 100),2013,2013,7021,Annual value,,71.310000,E
BFA,2014-01-01,2014-12-31,233,'854,Burkina Faso,1123,'21118.02b,"Meat of asses, fresh or chilled (biological)",5539,Producer Price Index (2014-2016 = 100),2014,2014,7021,Annual value,,99.020000,E
BFA,2015-01-01,2015-12-31,233,'854,Burkina Faso,1123,'21118.02b,"Meat of asses, fresh or chilled (biological)",5539,Producer Price Index (2014-2016 = 100),2015,2015,7021,Annual value,,113.320000,E
BFA,2016-01-01,2016-12-31,233,'854,Burkina Faso,1123,'21118.02b,"Meat of asses, fresh or chilled (biological)",5539,Producer Price Index (2014-2016 = 100),2016,2016,7021,Annual value,,87.660000,E
BFA,2017-01-01,2017-12-31,233,'854,Burkina Faso,1123,'21118.02b,"Meat of asses, fresh or chilled (biological)",5539,Producer Price Index (2014-2016 = 100),2017,2017,7021,Annual value,,111.000000,E
BFA,2018-01-01,2018-12-31,233,'854,Burkina Faso,1123,'21118.02b,"Meat of asses, fresh or chilled (biological)",5539,Producer Price Index (2014-2016 = 100),2018,2018,7021,Annual value,,141.770000,E
BFA,2019-01-01,2019-12-31,233,'854,Burkina Faso,1123,'21118.02b,"Meat of asses, fresh or chilled (biological)",5539,Producer Price Index (2014-2016 = 100),2019,2019,7021,Annual value,,173.860000,E
BFA,2020-01-01,2020-12-31,233,'854,Burkina Faso,1123,'21118.02b,"Meat of asses, fresh or chilled (biological)",5539,Producer Price Index (2014-2016 = 100),2020,2020,7021,Annual value,,194.700000,E
BFA,2021-01-01,2021-12-31,233,'854,Burkina Faso,1123,'21118.02b,"Meat of asses, fresh or chilled (biological)",5539,Producer Price Index (2014-2016 = 100),2021,2021,7021,Annual value,,272.280000,E
BFA,2022-01-01,2022-12-31,233,'854,Burkina Faso,1123,'21118.02b,"Meat of asses, fresh or chilled (biological)",5539,Producer Price Index (2014-2016 = 100),2022,2022,7021,Annual value,,260.200000,E
BFA,2023-01-01,2023-12-31,233,'854,Burkina Faso,1123,'21118.02b,"Meat of asses, fresh or chilled (biological)",5539,Producer Price Index (2014-2016 = 100),2023,2023,7021,Annual value,,251.290000,E
BFA,2024-01-01,2024-12-31,233,'854,Burkina Faso,1123,'21118.02b,"Meat of asses, fresh or chilled (biological)",5539,Producer Price Index (2014-2016 = 100),2024,2024,7021,Annual value,,327.340000,E
BFA,2025-01-01,2025-12-31,233,'854,Burkina Faso,1123,'21118.02b,"Meat of asses, fresh or chilled (biological)",5539,Producer Price Index (2014-2016 = 100),2025,2025,7021,Annual value,,372.980000,E
BFA,1991-01-01,1991-12-31,233,'854,Burkina Faso,1127,'21117.01,"Meat of camels, fresh or chilled",5539,Producer Price Index (2014-2016 = 100),1991,1991,7021,Annual value,,70.200000,E
BFA,1992-01-01,1992-12-31,233,'854,Burkina Faso,1127,'21117.01,"Meat of camels, fresh or chilled",5539,Producer Price Index (2014-2016 = 100),1992,1992,7021,Annual value,,72.540000,E
BFA,1993-01-01,1993-12-31,233,'854,Burkina Faso,1127,'21117.01,"Meat of camels, fresh or chilled",5539,Producer Price Index (2014-2016 = 100),1993,1993,7021,Annual value,,59.120000,E
BFA,1994-01-01,1994-12-31,233,'854,Burkina Faso,1127,'21117.01,"Meat of camels, fresh or chilled",5539,Producer Price Index (2014-2016 = 100),1994,1994,7021,Annual value,,79.020000,E
BFA,1995-01-01,1995-12-31,233,'854,Burkina Faso,1127,'21117.01,"Meat of camels, fresh or chilled",5539,Producer Price Index (2014-2016 = 100),1995,1995,7021,Annual value,,79.020000,E
BFA,1996-01-01,1996-12-31,233,'854,Burkina Faso,1127,'21117.01,"Meat of camels, fresh or chilled",5539,Producer Price Index (2014-2016 = 100),1996,1996,7021,Annual value,,110.760000,E
BFA,1997-01-01,1997-12-31,233,'854,Burkina Faso,1127,'21117.01,"Meat of camels, fresh or chilled",5539,Producer Price Index (2014-2016 = 100),1997,1997,7021,Annual value,,112.610000,E
BFA,1998-01-01,1998-12-31,233,'854,Burkina Faso,1127,'21117.01,"Meat of camels, fresh or chilled",5539,Producer Price Index (2014-2016 = 100),1998,1998,7021,Annual value,,136.710000,E
BFA,1999-01-01,1999-12-31,233,'854,Burkina Faso,1127,'21117.01,"Meat of camels, fresh or chilled",5539,Producer Price Index (2014-2016 = 100),1999,1999,7021,Annual value,,106.600000,E
BFA,2000-01-01,2000-12-31,233,'854,Burkina Faso,1127,'21117.01,"Meat of camels, fresh or chilled",5539,Producer Price Index (2014-2016 = 100),2000,2000,7021,Annual value,,54.360000,E
BFA,2001-01-01,2001-12-31,233,'854,Burkina Faso,1127,'21117.01,"Meat of camels, fresh or chilled",5539,Producer Price Index (2014-2016 = 100),2001,2001,7021,Annual value,,84.430000,E
BFA,2002-01-01,2002-12-31,233,'854,Burkina Faso,1127,'21117.01,"Meat of camels, fresh or chilled",5539,Producer Price Index (2014-2016 = 100),2002,2002,7021,Annual value,,96.030000,E
BFA,2003-01-01,2003-12-31,233,'854,Burkina Faso,1127,'21117.01,"Meat of camels, fresh or chilled",5539,Producer Price Index (2014-2016 = 100),2003,2003,7021,Annual value,,66.200000,E
BFA,2004-01-01,2004-12-31,233,'854,Burkina Faso,1127,'21117.01,"Meat of camels, fresh or chilled",5539,Producer Price Index (2014-2016 = 100),2004,2004,7021,Annual value,,73.990000,E
BFA,2005-01-01,2005-12-31,233,'854,Burkina Faso,1127,'21117.01,"Meat of camels, fresh or chilled",5539,Producer Price Index (2014-2016 = 100),2005,2005,7021,Annual value,,84.980000,E
BFA,2006-01-01,2006-12-31,233,'854,Burkina Faso,1127,'21117.01,"Meat of camels, fresh or chilled",5539,Producer Price Index (2014-2016 = 100),2006,2006,7021,Annual value,,73.180000,E
BFA,2007-01-01,2007-12-31,233,'854,Burkina Faso,1127,'21117.01,"Meat of camels, fresh or chilled",5539,Producer Price Index (2014-2016 = 100),2007,2007,7021,Annual value,,80.250000,E
BFA,2008-01-01,2008-12-31,233,'854,Burkina Faso,1127,'21117.01,"Meat of camels, fresh or chilled",5539,Producer Price Index (2014-2016 = 100),2008,2008,7021,Annual value,,86.210000,E
BFA,2009-01-01,2009-12-31,233,'854,Burkina Faso,1127,'21117.01,"Meat of camels, fresh or chilled",5539,Producer Price Index (2014-2016 = 100),2009,2009,7021,Annual value,,88.740000,E
BFA,2010-01-01,2010-12-31,233,'854,Burkina Faso,1127,'21117.01,"Meat of camels, fresh or chilled",5539,Producer Price Index (2014-2016 = 100),2010,2010,7021,Annual value,,91.170000,E
BFA,2011-01-01,2011-12-31,233,'854,Burkina Faso,1127,'21117.01,"Meat of camels, fresh or chilled",5539,Producer Price Index (2014-2016 = 100),2011,2011,7021,Annual value,,93.450000,E
BFA,2012-01-01,2012-12-31,233,'854,Burkina Faso,1127,'21117.01,"Meat of camels, fresh or chilled",5539,Producer Price Index (2014-2016 = 100),2012,2012,7021,Annual value,,95.550000,E
BFA,2013-01-01,2013-12-31,233,'854,Burkina Faso,1127,'21117.01,"Meat of camels, fresh or chilled",5539,Producer Price Index (2014-2016 = 100),2013,2013,7021,Annual value,,96.430000,E
BFA,2014-01-01,2014-12-31,233,'854,Burkina Faso,1127,'21117.01,"Meat of camels, fresh or chilled",5539,Producer Price Index (2014-2016 = 100),2014,2014,7021,Annual value,,97.700000,E
BFA,2015-01-01,2015-12-31,233,'854,Burkina Faso,1127,'21117.01,"Meat of camels, fresh or chilled",5539,Producer Price Index (2014-2016 = 100),2015,2015,7021,Annual value,,101.100000,E
BFA,2016-01-01,2016-12-31,233,'854,Burkina Faso,1127,'21117.01,"Meat of camels, fresh or chilled",5539,Producer Price Index (2014-2016 = 100),2016,2016,7021,Annual value,,101.200000,E
BFA,2017-01-01,2017-12-31,233,'854,Burkina Faso,1127,'21117.01,"Meat of camels, fresh or chilled",5539,Producer Price Index (2014-2016 = 100),2017,2017,7021,Annual value,,101.080000,E
BFA,2018-01-01,2018-12-31,233,'854,Burkina Faso,1127,'21117.01,"Meat of camels, fresh or chilled",5539,Producer Price Index (2014-2016 = 100),2018,2018,7021,Annual value,,100.750000,E
BFA,2019-01-01,2019-12-31,233,'854,Burkina Faso,1127,'21117.01,"Meat of camels, fresh or chilled",5539,Producer Price Index (2014-2016 = 100),2019,2019,7021,Annual value,,100.270000,E
BFA,2020-01-01,2020-12-31,233,'854,Burkina Faso,1127,'21117.01,"Meat of camels, fresh or chilled",5539,Producer Price Index (2014-2016 = 100),2020,2020,7021,Annual value,,102.240000,E
BFA,2021-01-01,2021-12-31,233,'854,Burkina Faso,1127,'21117.01,"Meat of camels, fresh or chilled",5539,Producer Price Index (2014-2016 = 100),2021,2021,7021,Annual value,,96.410000,E
BFA,2022-01-01,2022-12-31,233,'854,Burkina Faso,1127,'21117.01,"Meat of camels, fresh or chilled",5539,Producer Price Index (2014-2016 = 100),2022,2022,7021,Annual value,,112.120000,E
BFA,2023-01-01,2023-12-31,233,'854,Burkina Faso,1127,'21117.01,"Meat of camels, fresh or chilled",5539,Producer Price Index (2014-2016 = 100),2023,2023,7021,Annual value,,98.620000,E
BFA,2024-01-01,2024-12-31,233,'854,Burkina Faso,1127,'21117.01,"Meat of camels, fresh or chilled",5539,Producer Price Index (2014-2016 = 100),2024,2024,7021,Annual value,,109.570000,E
BFA,2025-01-01,2025-12-31,233,'854,Burkina Faso,1127,'21117.01,"Meat of camels, fresh or chilled",5539,Producer Price Index (2014-2016 = 100),2025,2025,7021,Annual value,,109.680000,E
BFA,2017-01-01,2017-01-31,233,'854,Burkina Faso,1138,'21117.01b,"Meat of camels, fresh or chilled (biological)",5530,Producer Price (LCU/tonne),2017,2017,7001,January,LCU,10065.000000,A
BFA,2017-02-01,2017-02-28,233,'854,Burkina Faso,1138,'21117.01b,"Meat of camels, fresh or chilled (biological)",5530,Producer Price (LCU/tonne),2017,2017,7002,February,LCU,10065.000000,A
BFA,2017-03-01,2017-03-31,233,'854,Burkina Faso,1138,'21117.01b,"Meat of camels, fresh or chilled (biological)",5530,Producer Price (LCU/tonne),2017,2017,7003,March,LCU,10065.000000,A
BFA,2017-04-01,2017-04-30,233,'854,Burkina Faso,1138,'21117.01b,"Meat of camels, fresh or chilled (biological)",5530,Producer Price (LCU/tonne),2017,2017,7004,April,LCU,10065.000000,A
BFA,2017-05-01,2017-05-31,233,'854,Burkina Faso,1138,'21117.01b,"Meat of camels, fresh or chilled (biological)",5530,Producer Price (LCU/tonne),2017,2017,7005,May,LCU,10096.000000,A
BFA,2017-06-01,2017-06-30,233,'854,Burkina Faso,1138,'21117.01b,"Meat of camels, fresh or chilled (biological)",5530,Producer Price (LCU/tonne),2017,2017,7006,June,LCU,10096.000000,A
BFA,2017-07-01,2017-07-31,233,'854,Burkina Faso,1138,'21117.01b,"Meat of camels, fresh or chilled (biological)",5530,Producer Price (LCU/tonne),2017,2017,7007,July,LCU,10477.000000,A
BFA,2017-08-01,2017-08-31,233,'854,Burkina Faso,1138,'21117.01b,"Meat of camels, fresh or chilled (biological)",5530,Producer Price (LCU/tonne),2017,2017,7008,August,LCU,10477.000000,A
BFA,2017-09-01,2017-09-30,233,'854,Burkina Faso,1138,'21117.01b,"Meat of camels, fresh or chilled (biological)",5530,Producer Price (LCU/tonne),2017,2017,7009,September,LCU,10858.000000,A
BFA,2017-10-01,2017-10-31,233,'854,Burkina Faso,1138,'21117.01b,"Meat of camels, fresh or chilled (biological)",5530,Producer Price (LCU/tonne),2017,2017,7010,October,LCU,10858.000000,A
BFA,2017-11-01,2017-11-30,233,'854,Burkina Faso,1138,'21117.01b,"Meat of camels, fresh or chilled (biological)",5530,Producer Price (LCU/tonne),2017,2017,7011,November,LCU,11053.000000,A
BFA,2017-12-01,2017-12-31,233,'854,Burkina Faso,1138,'21117.01b,"Meat of camels, fresh or chilled (biological)",5530,Producer Price (LCU/tonne),2017,2017,7012,December,LCU,11630.000000,A
BFA,2021-01-01,2021-12-31,233,'854,Burkina Faso,1138,'21117.01b,"Meat of camels, fresh or chilled (biological)",5530,Producer Price (LCU/tonne),2021,2021,7021,Annual value,LCU,1655625.000000,A
BFA,2022-01-01,2022-12-31,233,'854,Burkina Faso,1138,'21117.01b,"Meat of camels, fresh or chilled (biological)",5530,Producer Price (LCU/tonne),2022,2022,7021,Annual value,LCU,2153570.000000,A
BFA,2022-03-01,2022-03-31,233,'854,Burkina Faso,1138,'21117.01b,"Meat of camels, fresh or chilled (biological)",5530,Producer Price (LCU/tonne),2022,2022,7003,March,LCU,2179166.700000,A
BFA,2022-04-01,2022-04-30,233,'854,Burkina Faso,1138,'21117.01b,"Meat of camels, fresh or chilled (biological)",5530,Producer Price (LCU/tonne),2022,2022,7004,April,LCU,2134375.000000,A
BFA,2021-01-01,2021-12-31,233,'854,Burkina Faso,1138,'21117.01b,"Meat of camels, fresh or chilled (biological)",5531,Producer Price (SLC/tonne),2021,2021,7021,Annual value,SLC,1655625.000000,A
BFA,2022-01-01,2022-12-31,233,'854,Burkina Faso,1138,'21117.01b,"Meat of camels, fresh or chilled (biological)",5531,Producer Price (SLC/tonne),2022,2022,7021,Annual value,SLC,2153570.000000,A
BFA,2021-01-01,2021-12-31,233,'854,Burkina Faso,1138,'21117.01b,"Meat of camels, fresh or chilled (biological)",5532,Producer Price (USD/tonne),2021,2021,7021,Annual value,USD,2985.600000,A
BFA,2022-01-01,2022-12-31,233,'854,Burkina Faso,1138,'21117.01b,"Meat of camels, fresh or chilled (biological)",5532,Producer Price (USD/tonne),2022,2022,7021,Annual value,USD,3452.600000,A
BFA,1991-01-01,1991-12-31,233,'854,Burkina Faso,1138,'21117.01b,"Meat of camels, fresh or chilled (biological)",5539,Producer Price Index (2014-2016 = 100),1991,1991,7021,Annual value,,16.530000,E
BFA,1992-01-01,1992-12-31,233,'854,Burkina Faso,1138,'21117.01b,"Meat of camels, fresh or chilled (biological)",5539,Producer Price Index (2014-2016 = 100),1992,1992,7021,Annual value,,17.080000,E
BFA,1993-01-01,1993-12-31,233,'854,Burkina Faso,1138,'21117.01b,"Meat of camels, fresh or chilled (biological)",5539,Producer Price Index (2014-2016 = 100),1993,1993,7021,Annual value,,13.910000,E
BFA,1994-01-01,1994-12-31,233,'854,Burkina Faso,1138,'21117.01b,"Meat of camels, fresh or chilled (biological)",5539,Producer Price Index (2014-2016 = 100),1994,1994,7021,Annual value,,18.590000,E
BFA,1995-01-01,1995-12-31,233,'854,Burkina Faso,1138,'21117.01b,"Meat of camels, fresh or chilled (biological)",5539,Producer Price Index (2014-2016 = 100),1995,1995,7021,Annual value,,18.590000,E
BFA,1996-01-01,1996-12-31,233,'854,Burkina Faso,1138,'21117.01b,"Meat of camels, fresh or chilled (biological)",5539,Producer Price Index (2014-2016 = 100),1996,1996,7021,Annual value,,26.060000,E
BFA,1997-01-01,1997-12-31,233,'854,Burkina Faso,1138,'21117.01b,"Meat of camels, fresh or chilled (biological)",5539,Producer Price Index (2014-2016 = 100),1997,1997,7021,Annual value,,26.490000,E
BFA,1998-01-01,1998-12-31,233,'854,Burkina Faso,1138,'21117.01b,"Meat of camels, fresh or chilled (biological)",5539,Producer Price Index (2014-2016 = 100),1998,1998,7021,Annual value,,32.170000,E
BFA,1999-01-01,1999-12-31,233,'854,Burkina Faso,1138,'21117.01b,"Meat of camels, fresh or chilled (biological)",5539,Producer Price Index (2014-2016 = 100),1999,1999,7021,Annual value,,25.080000,E
BFA,2000-01-01,2000-12-31,233,'854,Burkina Faso,1138,'21117.01b,"Meat of camels, fresh or chilled (biological)",5539,Producer Price Index (2014-2016 = 100),2000,2000,7021,Annual value,,19.200000,E
BFA,2001-01-01,2001-12-31,233,'854,Burkina Faso,1138,'21117.01b,"Meat of camels, fresh or chilled (biological)",5539,Producer Price Index (2014-2016 = 100),2001,2001,7021,Annual value,,29.830000,E
BFA,2002-01-01,2002-12-31,233,'854,Burkina Faso,1138,'21117.01b,"Meat of camels, fresh or chilled (biological)",5539,Producer Price Index (2014-2016 = 100),2002,2002,7021,Annual value,,33.920000,E
BFA,2003-01-01,2003-12-31,233,'854,Burkina Faso,1138,'21117.01b,"Meat of camels, fresh or chilled (biological)",5539,Producer Price Index (2014-2016 = 100),2003,2003,7021,Annual value,,23.390000,E
BFA,2004-01-01,2004-12-31,233,'854,Burkina Faso,1138,'21117.01b,"Meat of camels, fresh or chilled (biological)",5539,Producer Price Index (2014-2016 = 100),2004,2004,7021,Annual value,,26.390000,E
BFA,2005-01-01,2005-12-31,233,'854,Burkina Faso,1138,'21117.01b,"Meat of camels, fresh or chilled (biological)",5539,Producer Price Index (2014-2016 = 100),2005,2005,7021,Annual value,,29.770000,E
BFA,2006-01-01,2006-12-31,233,'854,Burkina Faso,1138,'21117.01b,"Meat of camels, fresh or chilled (biological)",5539,Producer Price Index (2014-2016 = 100),2006,2006,7021,Annual value,,33.590000,E
BFA,2007-01-01,2007-12-31,233,'854,Burkina Faso,1138,'21117.01b,"Meat of camels, fresh or chilled (biological)",5539,Producer Price Index (2014-2016 = 100),2007,2007,7021,Annual value,,37.900000,E
BFA,2008-01-01,2008-12-31,233,'854,Burkina Faso,1138,'21117.01b,"Meat of camels, fresh or chilled (biological)",5539,Producer Price Index (2014-2016 = 100),2008,2008,7021,Annual value,,42.760000,E
BFA,2009-01-01,2009-12-31,233,'854,Burkina Faso,1138,'21117.01b,"Meat of camels, fresh or chilled (biological)",5539,Producer Price Index (2014-2016 = 100),2009,2009,7021,Annual value,,48.240000,E
BFA,2010-01-01,2010-12-31,233,'854,Burkina Faso,1138,'21117.01b,"Meat of camels, fresh or chilled (biological)",5539,Producer Price Index (2014-2016 = 100),2010,2010,7021,Annual value,,54.430000,E
BFA,2011-01-01,2011-12-31,233,'854,Burkina Faso,1138,'21117.01b,"Meat of camels, fresh or chilled (biological)",5539,Producer Price Index (2014-2016 = 100),2011,2011,7021,Annual value,,61.410000,E
BFA,2012-01-01,2012-12-31,233,'854,Burkina Faso,1138,'21117.01b,"Meat of camels, fresh or chilled (biological)",5539,Producer Price Index (2014-2016 = 100),2012,2012,7021,Annual value,,69.290000,E
BFA,2013-01-01,2013-12-31,233,'854,Burkina Faso,1138,'21117.01b,"Meat of camels, fresh or chilled (biological)",5539,Producer Price Index (2014-2016 = 100),2013,2013,7021,Annual value,,78.180000,E
BFA,2014-01-01,2014-12-31,233,'854,Burkina Faso,1138,'21117.01b,"Meat of camels, fresh or chilled (biological)",5539,Producer Price Index (2014-2016 = 100),2014,2014,7021,Annual value,,88.200000,E
BFA,2015-01-01,2015-12-31,233,'854,Burkina Faso,1138,'21117.01b,"Meat of camels, fresh or chilled (biological)",5539,Producer Price Index (2014-2016 = 100),2015,2015,7021,Annual value,,99.520000,E
BFA,2016-01-01,2016-12-31,233,'854,Burkina Faso,1138,'21117.01b,"Meat of camels, fresh or chilled (biological)",5539,Producer Price Index (2014-2016 = 100),2016,2016,7021,Annual value,,112.280000,E
BFA,2017-01-01,2017-12-31,233,'854,Burkina Faso,1138,'21117.01b,"Meat of camels, fresh or chilled (biological)",5539,Producer Price Index (2014-2016 = 100),2017,2017,7021,Annual value,,126.680000,E
BFA,2018-01-01,2018-12-31,233,'854,Burkina Faso,1138,'21117.01b,"Meat of camels, fresh or chilled (biological)",5539,Producer Price Index (2014-2016 = 100),2018,2018,7021,Annual value,,142.930000,E
BFA,2019-01-01,2019-12-31,233,'854,Burkina Faso,1138,'21117.01b,"Meat of camels, fresh or chilled (biological)",5539,Producer Price Index (2014-2016 = 100),2019,2019,7021,Annual value,,161.270000,E
BFA,2020-01-01,2020-12-31,233,'854,Burkina Faso,1138,'21117.01b,"Meat of camels, fresh or chilled (biological)",5539,Producer Price Index (2014-2016 = 100),2020,2020,7021,Annual value,,181.950000,E
BFA,2021-01-01,2021-12-31,233,'854,Burkina Faso,1138,'21117.01b,"Meat of camels, fresh or chilled (biological)",5539,Producer Price Index (2014-2016 = 100),2021,2021,7021,Annual value,,205.290000,E
BFA,2022-01-01,2022-12-31,233,'854,Burkina Faso,1138,'21117.01b,"Meat of camels, fresh or chilled (biological)",5539,Producer Price Index (2014-2016 = 100),2022,2022,7021,Annual value,,267.030000,E
BFA,2023-01-01,2023-12-31,233,'854,Burkina Faso,1138,'21117.01b,"Meat of camels, fresh or chilled (biological)",5539,Producer Price Index (2014-2016 = 100),2023,2023,7021,Annual value,,259.910000,E
BFA,2024-01-01,2024-12-31,233,'854,Burkina Faso,1138,'21117.01b,"Meat of camels, fresh or chilled (biological)",5539,Producer Price Index (2014-2016 = 100),2024,2024,7021,Annual value,,307.380000,E
BFA,2025-01-01,2025-12-31,233,'854,Burkina Faso,1138,'21117.01b,"Meat of camels, fresh or chilled (biological)",5539,Producer Price Index (2014-2016 = 100),2025,2025,7021,Annual value,,331.160000,E
BFA,1991-01-01,1991-12-31,233,'854,Burkina Faso,867,'21111.01,"Meat of cattle with the bone, fresh or chilled",5539,Producer Price Index (2014-2016 = 100),1991,1991,7021,Annual value,,79.700000,E
BFA,1992-01-01,1992-12-31,233,'854,Burkina Faso,867,'21111.01,"Meat of cattle with the bone, fresh or chilled",5539,Producer Price Index (2014-2016 = 100),1992,1992,7021,Annual value,,79.880000,E
BFA,1993-01-01,1993-12-31,233,'854,Burkina Faso,867,'21111.01,"Meat of cattle with the bone, fresh or chilled",5539,Producer Price Index (2014-2016 = 100),1993,1993,7021,Annual value,,78.730000,E
BFA,1994-01-01,1994-12-31,233,'854,Burkina Faso,867,'21111.01,"Meat of cattle with the bone, fresh or chilled",5539,Producer Price Index (2014-2016 = 100),1994,1994,7021,Annual value,,90.260000,E
BFA,1995-01-01,1995-12-31,233,'854,Burkina Faso,867,'21111.01,"Meat of cattle with the bone, fresh or chilled",5539,Producer Price Index (2014-2016 = 100),1995,1995,7021,Annual value,,96.370000,E
BFA,1996-01-01,1996-12-31,233,'854,Burkina Faso,867,'21111.01,"Meat of cattle with the bone, fresh or chilled",5539,Producer Price Index (2014-2016 = 100),1996,1996,7021,Annual value,,96.700000,E
BFA,1997-01-01,1997-12-31,233,'854,Burkina Faso,867,'21111.01,"Meat of cattle with the bone, fresh or chilled",5539,Producer Price Index (2014-2016 = 100),1997,1997,7021,Annual value,,98.210000,E
BFA,1998-01-01,1998-12-31,233,'854,Burkina Faso,867,'21111.01,"Meat of cattle with the bone, fresh or chilled",5539,Producer Price Index (2014-2016 = 100),1998,1998,7021,Annual value,,106.010000,E
BFA,1999-01-01,1999-12-31,233,'854,Burkina Faso,867,'21111.01,"Meat of cattle with the bone, fresh or chilled",5539,Producer Price Index (2014-2016 = 100),1999,1999,7021,Annual value,,110.710000,E
BFA,2000-01-01,2000-12-31,233,'854,Burkina Faso,867,'21111.01,"Meat of cattle with the bone, fresh or chilled",5539,Producer Price Index (2014-2016 = 100),2000,2000,7021,Annual value,,57.040000,E
BFA,2001-01-01,2001-12-31,233,'854,Burkina Faso,867,'21111.01,"Meat of cattle with the bone, fresh or chilled",5539,Producer Price Index (2014-2016 = 100),2001,2001,7021,Annual value,,64.160000,E
BFA,2002-01-01,2002-12-31,233,'854,Burkina Faso,867,'21111.01,"Meat of cattle with the bone, fresh or chilled",5539,Producer Price Index (2014-2016 = 100),2002,2002,7021,Annual value,,69.550000,E
BFA,2003-01-01,2003-12-31,233,'854,Burkina Faso,867,'21111.01,"Meat of cattle with the bone, fresh or chilled",5539,Producer Price Index (2014-2016 = 100),2003,2003,7021,Annual value,,57.100000,E
BFA,2004-01-01,2004-12-31,233,'854,Burkina Faso,867,'21111.01,"Meat of cattle with the bone, fresh or chilled",5539,Producer Price Index (2014-2016 = 100),2004,2004,7021,Annual value,,59.120000,E
BFA,2005-01-01,2005-12-31,233,'854,Burkina Faso,867,'21111.01,"Meat of cattle with the bone, fresh or chilled",5539,Producer Price Index (2014-2016 = 100),2005,2005,7021,Annual value,,65.820000,E
BFA,2006-01-01,2006-12-31,233,'854,Burkina Faso,867,'21111.01,"Meat of cattle with the bone, fresh or chilled",5539,Producer Price Index (2014-2016 = 100),2006,2006,7021,Annual value,,62.190000,E
BFA,2007-01-01,2007-12-31,233,'854,Burkina Faso,867,'21111.01,"Meat of cattle with the bone, fresh or chilled",5539,Producer Price Index (2014-2016 = 100),2007,2007,7021,Annual value,,75.480000,E
BFA,2008-01-01,2008-12-31,233,'854,Burkina Faso,867,'21111.01,"Meat of cattle with the bone, fresh or chilled",5539,Producer Price Index (2014-2016 = 100),2008,2008,7021,Annual value,,82.360000,E
BFA,2009-01-01,2009-12-31,233,'854,Burkina Faso,867,'21111.01,"Meat of cattle with the bone, fresh or chilled",5539,Producer Price Index (2014-2016 = 100),2009,2009,7021,Annual value,,88.450000,E
BFA,2010-01-01,2010-12-31,233,'854,Burkina Faso,867,'21111.01,"Meat of cattle with the bone, fresh or chilled",5539,Producer Price Index (2014-2016 = 100),2010,2010,7021,Annual value,,93.980000,E
BFA,2011-01-01,2011-12-31,233,'854,Burkina Faso,867,'21111.01,"Meat of cattle with the bone, fresh or chilled",5539,Producer Price Index (2014-2016 = 100),2011,2011,7021,Annual value,,98.980000,E
BFA,2012-01-01,2012-12-31,233,'854,Burkina Faso,867,'21111.01,"Meat of cattle with the bone, fresh or chilled",5539,Producer Price Index (2014-2016 = 100),2012,2012,7021,Annual value,,103.490000,E
BFA,2013-01-01,2013-12-31,233,'854,Burkina Faso,867,'21111.01,"Meat of cattle with the bone, fresh or chilled",5539,Producer Price Index (2014-2016 = 100),2013,2013,7021,Annual value,,95.170000,E
BFA,2014-01-01,2014-12-31,233,'854,Burkina Faso,867,'21111.01,"Meat of cattle with the bone, fresh or chilled",5539,Producer Price Index (2014-2016 = 100),2014,2014,7021,Annual value,,96.790000,E
BFA,2015-01-01,2015-12-31,233,'854,Burkina Faso,867,'21111.01,"Meat of cattle with the bone, fresh or chilled",5539,Producer Price Index (2014-2016 = 100),2015,2015,7021,Annual value,,101.390000,E
BFA,2016-01-01,2016-12-31,233,'854,Burkina Faso,867,'21111.01,"Meat of cattle with the bone, fresh or chilled",5539,Producer Price Index (2014-2016 = 100),2016,2016,7021,Annual value,,101.820000,E
BFA,2017-01-01,2017-12-31,233,'854,Burkina Faso,867,'21111.01,"Meat of cattle with the bone, fresh or chilled",5539,Producer Price Index (2014-2016 = 100),2017,2017,7021,Annual value,,102.260000,E
BFA,2018-01-01,2018-12-31,233,'854,Burkina Faso,867,'21111.01,"Meat of cattle with the bone, fresh or chilled",5539,Producer Price Index (2014-2016 = 100),2018,2018,7021,Annual value,,102.830000,E
BFA,2019-01-01,2019-12-31,233,'854,Burkina Faso,867,'21111.01,"Meat of cattle with the bone, fresh or chilled",5539,Producer Price Index (2014-2016 = 100),2019,2019,7021,Annual value,,103.680000,E
BFA,2020-01-01,2020-12-31,233,'854,Burkina Faso,867,'21111.01,"Meat of cattle with the bone, fresh or chilled",5539,Producer Price Index (2014-2016 = 100),2020,2020,7021,Annual value,,106.620000,E
BFA,2021-01-01,2021-12-31,233,'854,Burkina Faso,867,'21111.01,"Meat of cattle with the bone, fresh or chilled",5539,Producer Price Index (2014-2016 = 100),2021,2021,7021,Annual value,,106.350000,E
BFA,2022-01-01,2022-12-31,233,'854,Burkina Faso,867,'21111.01,"Meat of cattle with the bone, fresh or chilled",5539,Producer Price Index (2014-2016 = 100),2022,2022,7021,Annual value,,108.000000,E
BFA,2023-01-01,2023-12-31,233,'854,Burkina Faso,867,'21111.01,"Meat of cattle with the bone, fresh or chilled",5539,Producer Price Index (2014-2016 = 100),2023,2023,7021,Annual value,,105.100000,E
BFA,2024-01-01,2024-12-31,233,'854,Burkina Faso,867,'21111.01,"Meat of cattle with the bone, fresh or chilled",5539,Producer Price Index (2014-2016 = 100),2024,2024,7021,Annual value,,109.590000,E
BFA,2025-01-01,2025-12-31,233,'854,Burkina Faso,867,'21111.01,"Meat of cattle with the bone, fresh or chilled",5539,Producer Price Index (2014-2016 = 100),2025,2025,7021,Annual value,,107.180000,E
BFA,1999-01-01,1999-12-31,233,'854,Burkina Faso,945,'21111.01b,"Meat of cattle with the bone, fresh or chilled (biological)",5530,Producer Price (LCU/tonne),1999,1999,7021,Annual value,LCU,490888.900000,A
BFA,2000-01-01,2000-12-31,233,'854,Burkina Faso,945,'21111.01b,"Meat of cattle with the bone, fresh or chilled (biological)",5530,Producer Price (LCU/tonne),2000,2000,7021,Annual value,LCU,252901.600000,A
BFA,2001-01-01,2001-12-31,233,'854,Burkina Faso,945,'21111.01b,"Meat of cattle with the bone, fresh or chilled (biological)",5530,Producer Price (LCU/tonne),2001,2001,7021,Annual value,LCU,284491.000000,A
BFA,2002-01-01,2002-12-31,233,'854,Burkina Faso,945,'21111.01b,"Meat of cattle with the bone, fresh or chilled (biological)",5530,Producer Price (LCU/tonne),2002,2002,7021,Annual value,LCU,308403.000000,A
BFA,2003-01-01,2003-12-31,233,'854,Burkina Faso,945,'21111.01b,"Meat of cattle with the bone, fresh or chilled (biological)",5530,Producer Price (LCU/tonne),2003,2003,7021,Annual value,LCU,253188.800000,A
BFA,2004-01-01,2004-12-31,233,'854,Burkina Faso,945,'21111.01b,"Meat of cattle with the bone, fresh or chilled (biological)",5530,Producer Price (LCU/tonne),2004,2004,7021,Annual value,LCU,262145.500000,A
BFA,2005-01-01,2005-12-31,233,'854,Burkina Faso,945,'21111.01b,"Meat of cattle with the bone, fresh or chilled (biological)",5530,Producer Price (LCU/tonne),2005,2005,7021,Annual value,LCU,291858.200000,A
BFA,2006-01-01,2006-12-31,233,'854,Burkina Faso,945,'21111.01b,"Meat of cattle with the bone, fresh or chilled (biological)",5530,Producer Price (LCU/tonne),2006,2006,7021,Annual value,LCU,275761.500000,A
BFA,2007-01-01,2007-12-31,233,'854,Burkina Faso,945,'21111.01b,"Meat of cattle with the bone, fresh or chilled (biological)",5530,Producer Price (LCU/tonne),2007,2007,7021,Annual value,LCU,334672.300000,A
BFA,2009-01-01,2009-12-31,233,'854,Burkina Faso,945,'21111.01b,"Meat of cattle with the bone, fresh or chilled (biological)",5530,Producer Price (LCU/tonne),2009,2009,7021,Annual value,LCU,443751.900000,A
BFA,2017-01-01,2017-01-31,233,'854,Burkina Faso,945,'21111.01b,"Meat of cattle with the bone, fresh or chilled (biological)",5530,Producer Price (LCU/tonne),2017,2017,7001,January,LCU,18917.000000,A
BFA,2017-02-01,2017-02-28,233,'854,Burkina Faso,945,'21111.01b,"Meat of cattle with the bone, fresh or chilled (biological)",5530,Producer Price (LCU/tonne),2017,2017,7002,February,LCU,19195.000000,A
BFA,2017-03-01,2017-03-31,233,'854,Burkina Faso,945,'21111.01b,"Meat of cattle with the bone, fresh or chilled (biological)",5530,Producer Price (LCU/tonne),2017,2017,7003,March,LCU,19584.000000,A
BFA,2017-04-01,2017-04-30,233,'854,Burkina Faso,945,'21111.01b,"Meat of cattle with the bone, fresh or chilled (biological)",5530,Producer Price (LCU/tonne),2017,2017,7004,April,LCU,19810.000000,A
BFA,2017-05-01,2017-05-31,233,'854,Burkina Faso,945,'21111.01b,"Meat of cattle with the bone, fresh or chilled (biological)",5530,Producer Price (LCU/tonne),2017,2017,7005,May,LCU,20238.000000,A
BFA,2017-06-01,2017-06-30,233,'854,Burkina Faso,945,'21111.01b,"Meat of cattle with the bone, fresh or chilled (biological)",5530,Producer Price (LCU/tonne),2017,2017,7006,June,LCU,20676.000000,A
BFA,2017-07-01,2017-07-31,233,'854,Burkina Faso,945,'21111.01b,"Meat of cattle with the bone, fresh or chilled (biological)",5530,Producer Price (LCU/tonne),2017,2017,7007,July,LCU,20979.000000,A
BFA,2017-08-01,2017-08-31,233,'854,Burkina Faso,945,'21111.01b,"Meat of cattle with the bone, fresh or chilled (biological)",5530,Producer Price (LCU/tonne),2017,2017,7008,August,LCU,21384.000000,A
BFA,2017-09-01,2017-09-30,233,'854,Burkina Faso,945,'21111.01b,"Meat of cattle with the bone, fresh or chilled (biological)",5530,Producer Price (LCU/tonne),2017,2017,7009,September,LCU,21594.000000,A
BFA,2017-10-01,2017-10-31,233,'854,Burkina Faso,945,'21111.01b,"Meat of cattle with the bone, fresh or chilled (biological)",5530,Producer Price (LCU/tonne),2017,2017,7010,October,LCU,21527.000000,A
BFA,2017-11-01,2017-11-30,233,'854,Burkina Faso,945,'21111.01b,"Meat of cattle with the bone, fresh or chilled (biological)",5530,Producer Price (LCU/tonne),2017,2017,7011,November,LCU,21305.000000,A
BFA,2017-12-01,2017-12-31,233,'854,Burkina Faso,945,'21111.01b,"Meat of cattle with the bone, fresh or chilled (biological)",5530,Producer Price (LCU/tonne),2017,2017,7012,December,LCU,21507.000000,A
BFA,2020-01-01,2020-12-31,233,'854,Burkina Faso,945,'21111.01b,"Meat of cattle with the bone, fresh or chilled (biological)",5530,Producer Price (LCU/tonne),2020,2020,7021,Annual value,LCU,2106715.600000,A
BFA,2021-01-01,2021-12-31,233,'854,Burkina Faso,945,'21111.01b,"Meat of cattle with the bone, fresh or chilled (biological)",5530,Producer Price (LCU/tonne),2021,2021,7021,Annual value,LCU,1632262.300000,A
BFA,2022-01-01,2022-12-31,233,'854,Burkina Faso,945,'21111.01b,"Meat of cattle with the bone, fresh or chilled (biological)",5530,Producer Price (LCU/tonne),2022,2022,7021,Annual value,LCU,2675564.000000,A
BFA,2022-01-01,2022-01-31,233,'854,Burkina Faso,945,'21111.01b,"Meat of cattle with the bone, fresh or chilled (biological)",5530,Producer Price (LCU/tonne),2022,2022,7001,January,LCU,2027047.500000,A
BFA,2022-02-01,2022-02-28,233,'854,Burkina Faso,945,'21111.01b,"Meat of cattle with the bone, fresh or chilled (biological)",5530,Producer Price (LCU/tonne),2022,2022,7002,February,LCU,2540802.400000,A
BFA,2022-03-01,2022-03-31,233,'854,Burkina Faso,945,'21111.01b,"Meat of cattle with the bone, fresh or chilled (biological)",5530,Producer Price (LCU/tonne),2022,2022,7003,March,LCU,2658190.500000,A
BFA,2022-04-01,2022-04-30,233,'854,Burkina Faso,945,'21111.01b,"Meat of cattle with the bone, fresh or chilled (biological)",5530,Producer Price (LCU/tonne),2022,2022,7004,April,LCU,2651752.300000,A
BFA,2022-05-01,2022-05-31,233,'854,Burkina Faso,945,'21111.01b,"Meat of cattle with the bone, fresh or chilled (biological)",5530,Producer Price (LCU/tonne),2022,2022,7005,May,LCU,2627410.200000,A
BFA,2022-06-01,2022-06-30,233,'854,Burkina Faso,945,'21111.01b,"Meat of cattle with the bone, fresh or chilled (biological)",5530,Producer Price (LCU/tonne),2022,2022,7006,June,LCU,2760076.700000,A
BFA,2022-07-01,2022-07-31,233,'854,Burkina Faso,945,'21111.01b,"Meat of cattle with the bone, fresh or chilled (biological)",5530,Producer Price (LCU/tonne),2022,2022,7007,July,LCU,2705076.000000,A
BFA,2022-08-01,2022-08-31,233,'854,Burkina Faso,945,'21111.01b,"Meat of cattle with the bone, fresh or chilled (biological)",5530,Producer Price (LCU/tonne),2022,2022,7008,August,LCU,2769305.900000,A
BFA,2022-09-01,2022-09-30,233,'854,Burkina Faso,945,'21111.01b,"Meat of cattle with the bone, fresh or chilled (biological)",5530,Producer Price (LCU/tonne),2022,2022,7009,September,LCU,2821151.300000,A
BFA,2022-10-01,2022-10-31,233,'854,Burkina Faso,945,'21111.01b,"Meat of cattle with the bone, fresh or chilled (biological)",5530,Producer Price (LCU/tonne),2022,2022,7010,October,LCU,2814342.900000,A
BFA,2022-11-01,2022-11-30,233,'854,Burkina Faso,945,'21111.01b,"Meat of cattle with the bone, fresh or chilled (biological)",5530,Producer Price (LCU/tonne),2022,2022,7011,November,LCU,2848756.600000,A
BFA,2022-12-01,2022-12-31,233,'854,Burkina Faso,945,'21111.01b,"Meat of cattle with the bone, fresh or chilled (biological)",5530,Producer Price (LCU/tonne),2022,2022,7012,December,LCU,2833134.600000,A
BFA,2023-01-01,2023-01-31,233,'854,Burkina Faso,945,'21111.01b,"Meat of cattle with the bone, fresh or chilled (biological)",5530,Producer Price (LCU/tonne),2023,2023,7001,January,LCU,2873289.400000,A
BFA,1999-01-01,1999-12-31,233,'854,Burkina Faso,945,'21111.01b,"Meat of cattle with the bone, fresh or chilled (biological)",5531,Producer Price (SLC/tonne),1999,1999,7021,Annual value,SLC,490888.900000,A
BFA,2000-01-01,2000-12-31,233,'854,Burkina Faso,945,'21111.01b,"Meat of cattle with the bone, fresh or chilled (biological)",5531,Producer Price (SLC/tonne),2000,2000,7021,Annual value,SLC,252901.600000,A
BFA,2001-01-01,2001-12-31,233,'854,Burkina Faso,945,'21111.01b,"Meat of cattle with the bone, fresh or chilled (biological)",5531,Producer Price (SLC/tonne),2001,2001,7021,Annual value,SLC,284491.000000,A
BFA,2002-01-01,2002-12-31,233,'854,Burkina Faso,945,'21111.01b,"Meat of cattle with the bone, fresh or chilled (biological)",5531,Producer Price (SLC/tonne),2002,2002,7021,Annual value,SLC,308403.000000,A
BFA,2003-01-01,2003-12-31,233,'854,Burkina Faso,945,'21111.01b,"Meat of cattle with the bone, fresh or chilled (biological)",5531,Producer Price (SLC/tonne),2003,2003,7021,Annual value,SLC,253188.800000,A
BFA,2004-01-01,2004-12-31,233,'854,Burkina Faso,945,'21111.01b,"Meat of cattle with the bone, fresh or chilled (biological)",5531,Producer Price (SLC/tonne),2004,2004,7021,Annual value,SLC,262145.500000,A
BFA,2005-01-01,2005-12-31,233,'854,Burkina Faso,945,'21111.01b,"Meat of cattle with the bone, fresh or chilled (biological)",5531,Producer Price (SLC/tonne),2005,2005,7021,Annual value,SLC,291858.200000,A
BFA,2006-01-01,2006-12-31,233,'854,Burkina Faso,945,'21111.01b,"Meat of cattle with the bone, fresh or chilled (biological)",5531,Producer Price (SLC/tonne),2006,2006,7021,Annual value,SLC,275761.500000,A
BFA,2007-01-01,2007-12-31,233,'854,Burkina Faso,945,'21111.01b,"Meat of cattle with the bone, fresh or chilled (biological)",5531,Producer Price (SLC/tonne),2007,2007,7021,Annual value,SLC,334672.300000,A
BFA,2009-01-01,2009-12-31,233,'854,Burkina Faso,945,'21111.01b,"Meat of cattle with the bone, fresh or chilled (biological)",5531,Producer Price (SLC/tonne),2009,2009,7021,Annual value,SLC,443751.900000,A
BFA,2020-01-01,2020-12-31,233,'854,Burkina Faso,945,'21111.01b,"Meat of cattle with the bone, fresh or chilled (biological)",5531,Producer Price (SLC/tonne),2020,2020,7021,Annual value,SLC,2106715.600000,A
BFA,2021-01-01,2021-12-31,233,'854,Burkina Faso,945,'21111.01b,"Meat of cattle with the bone, fresh or chilled (biological)",5531,Producer Price (SLC/tonne),2021,2021,7021,Annual value,SLC,1632262.300000,A
BFA,2022-01-01,2022-12-31,233,'854,Burkina Faso,945,'21111.01b,"Meat of cattle with the bone, fresh or chilled (biological)",5531,Producer Price (SLC/tonne),2022,2022,7021,Annual value,SLC,2675564.000000,A
BFA,1999-01-01,1999-12-31,233,'854,Burkina Faso,945,'21111.01b,"Meat of cattle with the bone, fresh or chilled (biological)",5532,Producer Price (USD/tonne),1999,1999,7021,Annual value,USD,797.300000,A
BFA,2000-01-01,2000-12-31,233,'854,Burkina Faso,945,'21111.01b,"Meat of cattle with the bone, fresh or chilled (biological)",5532,Producer Price (USD/tonne),2000,2000,7021,Annual value,USD,355.200000,A
BFA,2001-01-01,2001-12-31,233,'854,Burkina Faso,945,'21111.01b,"Meat of cattle with the bone, fresh or chilled (biological)",5532,Producer Price (USD/tonne),2001,2001,7021,Annual value,USD,388.100000,A
BFA,2002-01-01,2002-12-31,233,'854,Burkina Faso,945,'21111.01b,"Meat of cattle with the bone, fresh or chilled (biological)",5532,Producer Price (USD/tonne),2002,2002,7021,Annual value,USD,442.500000,A
BFA,2003-01-01,2003-12-31,233,'854,Burkina Faso,945,'21111.01b,"Meat of cattle with the bone, fresh or chilled (biological)",5532,Producer Price (USD/tonne),2003,2003,7021,Annual value,USD,435.600000,A
BFA,2004-01-01,2004-12-31,233,'854,Burkina Faso,945,'21111.01b,"Meat of cattle with the bone, fresh or chilled (biological)",5532,Producer Price (USD/tonne),2004,2004,7021,Annual value,USD,496.200000,A
BFA,2005-01-01,2005-12-31,233,'854,Burkina Faso,945,'21111.01b,"Meat of cattle with the bone, fresh or chilled (biological)",5532,Producer Price (USD/tonne),2005,2005,7021,Annual value,USD,553.300000,A
BFA,2006-01-01,2006-12-31,233,'854,Burkina Faso,945,'21111.01b,"Meat of cattle with the bone, fresh or chilled (biological)",5532,Producer Price (USD/tonne),2006,2006,7021,Annual value,USD,527.400000,A
BFA,2007-01-01,2007-12-31,233,'854,Burkina Faso,945,'21111.01b,"Meat of cattle with the bone, fresh or chilled (biological)",5532,Producer Price (USD/tonne),2007,2007,7021,Annual value,USD,698.300000,A
BFA,2009-01-01,2009-12-31,233,'854,Burkina Faso,945,'21111.01b,"Meat of cattle with the bone, fresh or chilled (biological)",5532,Producer Price (USD/tonne),2009,2009,7021,Annual value,USD,939.800000,A
BFA,2020-01-01,2020-12-31,233,'854,Burkina Faso,945,'21111.01b,"Meat of cattle with the bone, fresh or chilled (biological)",5532,Producer Price (USD/tonne),2020,2020,7021,Annual value,USD,3660.100000,A
BFA,2021-01-01,2021-12-31,233,'854,Burkina Faso,945,'21111.01b,"Meat of cattle with the bone, fresh or chilled (biological)",5532,Producer Price (USD/tonne),2021,2021,7021,Annual value,USD,2943.500000,A
BFA,2022-01-01,2022-12-31,233,'854,Burkina Faso,945,'21111.01b,"Meat of cattle with the bone, fresh or chilled (biological)",5532,Producer Price (USD/tonne),2022,2022,7021,Annual value,USD,4289.400000,A
BFA,1991-01-01,1991-12-31,233,'854,Burkina Faso,945,'21111.01b,"Meat of cattle with the bone, fresh or chilled (biological)",5539,Producer Price Index (2014-2016 = 100),1991,1991,7021,Annual value,,26.730000,E
BFA,1992-01-01,1992-12-31,233,'854,Burkina Faso,945,'21111.01b,"Meat of cattle with the bone, fresh or chilled (biological)",5539,Producer Price Index (2014-2016 = 100),1992,1992,7021,Annual value,,26.790000,E
BFA,1993-01-01,1993-12-31,233,'854,Burkina Faso,945,'21111.01b,"Meat of cattle with the bone, fresh or chilled (biological)",5539,Producer Price Index (2014-2016 = 100),1993,1993,7021,Annual value,,26.400000,E
BFA,1994-01-01,1994-12-31,233,'854,Burkina Faso,945,'21111.01b,"Meat of cattle with the bone, fresh or chilled (biological)",5539,Producer Price Index (2014-2016 = 100),1994,1994,7021,Annual value,,30.270000,E
BFA,1995-01-01,1995-12-31,233,'854,Burkina Faso,945,'21111.01b,"Meat of cattle with the bone, fresh or chilled (biological)",5539,Producer Price Index (2014-2016 = 100),1995,1995,7021,Annual value,,32.320000,E
BFA,1996-01-01,1996-12-31,233,'854,Burkina Faso,945,'21111.01b,"Meat of cattle with the bone, fresh or chilled (biological)",5539,Producer Price Index (2014-2016 = 100),1996,1996,7021,Annual value,,32.430000,E
BFA,1997-01-01,1997-12-31,233,'854,Burkina Faso,945,'21111.01b,"Meat of cattle with the bone, fresh or chilled (biological)",5539,Producer Price Index (2014-2016 = 100),1997,1997,7021,Annual value,,32.940000,E
BFA,1998-01-01,1998-12-31,233,'854,Burkina Faso,945,'21111.01b,"Meat of cattle with the bone, fresh or chilled (biological)",5539,Producer Price Index (2014-2016 = 100),1998,1998,7021,Annual value,,35.550000,E
BFA,1999-01-01,1999-12-31,233,'854,Burkina Faso,945,'21111.01b,"Meat of cattle with the bone, fresh or chilled (biological)",5539,Producer Price Index (2014-2016 = 100),1999,1999,7021,Annual value,,37.130000,E
BFA,2000-01-01,2000-12-31,233,'854,Burkina Faso,945,'21111.01b,"Meat of cattle with the bone, fresh or chilled (biological)",5539,Producer Price Index (2014-2016 = 100),2000,2000,7021,Annual value,,19.130000,E
BFA,2001-01-01,2001-12-31,233,'854,Burkina Faso,945,'21111.01b,"Meat of cattle with the bone, fresh or chilled (biological)",5539,Producer Price Index (2014-2016 = 100),2001,2001,7021,Annual value,,21.520000,E
BFA,2002-01-01,2002-12-31,233,'854,Burkina Faso,945,'21111.01b,"Meat of cattle with the bone, fresh or chilled (biological)",5539,Producer Price Index (2014-2016 = 100),2002,2002,7021,Annual value,,23.330000,E
BFA,2003-01-01,2003-12-31,233,'854,Burkina Faso,945,'21111.01b,"Meat of cattle with the bone, fresh or chilled (biological)",5539,Producer Price Index (2014-2016 = 100),2003,2003,7021,Annual value,,19.150000,E
BFA,2004-01-01,2004-12-31,233,'854,Burkina Faso,945,'21111.01b,"Meat of cattle with the bone, fresh or chilled (biological)",5539,Producer Price Index (2014-2016 = 100),2004,2004,7021,Annual value,,19.830000,E
BFA,2005-01-01,2005-12-31,233,'854,Burkina Faso,945,'21111.01b,"Meat of cattle with the bone, fresh or chilled (biological)",5539,Producer Price Index (2014-2016 = 100),2005,2005,7021,Annual value,,22.070000,E
BFA,2006-01-01,2006-12-31,233,'854,Burkina Faso,945,'21111.01b,"Meat of cattle with the bone, fresh or chilled (biological)",5539,Producer Price Index (2014-2016 = 100),2006,2006,7021,Annual value,,20.860000,E
BFA,2007-01-01,2007-12-31,233,'854,Burkina Faso,945,'21111.01b,"Meat of cattle with the bone, fresh or chilled (biological)",5539,Producer Price Index (2014-2016 = 100),2007,2007,7021,Annual value,,25.310000,E
BFA,2008-01-01,2008-12-31,233,'854,Burkina Faso,945,'21111.01b,"Meat of cattle with the bone, fresh or chilled (biological)",5539,Producer Price Index (2014-2016 = 100),2008,2008,7021,Annual value,,33.200000,E
BFA,2009-01-01,2009-12-31,233,'854,Burkina Faso,945,'21111.01b,"Meat of cattle with the bone, fresh or chilled (biological)",5539,Producer Price Index (2014-2016 = 100),2009,2009,7021,Annual value,,33.560000,E
BFA,2010-01-01,2010-12-31,233,'854,Burkina Faso,945,'21111.01b,"Meat of cattle with the bone, fresh or chilled (biological)",5539,Producer Price Index (2014-2016 = 100),2010,2010,7021,Annual value,,45.290000,E
BFA,2011-01-01,2011-12-31,233,'854,Burkina Faso,945,'21111.01b,"Meat of cattle with the bone, fresh or chilled (biological)",5539,Producer Price Index (2014-2016 = 100),2011,2011,7021,Annual value,,53.820000,E
BFA,2012-01-01,2012-12-31,233,'854,Burkina Faso,945,'21111.01b,"Meat of cattle with the bone, fresh or chilled (biological)",5539,Producer Price Index (2014-2016 = 100),2012,2012,7021,Annual value,,64.380000,E
BFA,2013-01-01,2013-12-31,233,'854,Burkina Faso,945,'21111.01b,"Meat of cattle with the bone, fresh or chilled (biological)",5539,Producer Price Index (2014-2016 = 100),2013,2013,7021,Annual value,,72.290000,E
BFA,2014-01-01,2014-12-31,233,'854,Burkina Faso,945,'21111.01b,"Meat of cattle with the bone, fresh or chilled (biological)",5539,Producer Price Index (2014-2016 = 100),2014,2014,7021,Annual value,,86.090000,E
BFA,2015-01-01,2015-12-31,233,'854,Burkina Faso,945,'21111.01b,"Meat of cattle with the bone, fresh or chilled (biological)",5539,Producer Price Index (2014-2016 = 100),2015,2015,7021,Annual value,,97.890000,E
BFA,2016-01-01,2016-12-31,233,'854,Burkina Faso,945,'21111.01b,"Meat of cattle with the bone, fresh or chilled (biological)",5539,Producer Price Index (2014-2016 = 100),2016,2016,7021,Annual value,,116.020000,E
BFA,2017-01-01,2017-12-31,233,'854,Burkina Faso,945,'21111.01b,"Meat of cattle with the bone, fresh or chilled (biological)",5539,Producer Price Index (2014-2016 = 100),2017,2017,7021,Annual value,,121.920000,E
BFA,2018-01-01,2018-12-31,233,'854,Burkina Faso,945,'21111.01b,"Meat of cattle with the bone, fresh or chilled (biological)",5539,Producer Price Index (2014-2016 = 100),2018,2018,7021,Annual value,,129.850000,E
BFA,2019-01-01,2019-12-31,233,'854,Burkina Faso,945,'21111.01b,"Meat of cattle with the bone, fresh or chilled (biological)",5539,Producer Price Index (2014-2016 = 100),2019,2019,7021,Annual value,,139.910000,E
BFA,2020-01-01,2020-12-31,233,'854,Burkina Faso,945,'21111.01b,"Meat of cattle with the bone, fresh or chilled (biological)",5539,Producer Price Index (2014-2016 = 100),2020,2020,7021,Annual value,,159.340000,E
BFA,2021-01-01,2021-12-31,233,'854,Burkina Faso,945,'21111.01b,"Meat of cattle with the bone, fresh or chilled (biological)",5539,Producer Price Index (2014-2016 = 100),2021,2021,7021,Annual value,,123.450000,E
BFA,2022-01-01,2022-12-31,233,'854,Burkina Faso,945,'21111.01b,"Meat of cattle with the bone, fresh or chilled (biological)",5539,Producer Price Index (2014-2016 = 100),2022,2022,7021,Annual value,,202.360000,E
BFA,2023-01-01,2023-12-31,233,'854,Burkina Faso,945,'21111.01b,"Meat of cattle with the bone, fresh or chilled (biological)",5539,Producer Price Index (2014-2016 = 100),2023,2023,7021,Annual value,,188.000000,E
BFA,2024-01-01,2024-12-31,233,'854,Burkina Faso,945,'21111.01b,"Meat of cattle with the bone, fresh or chilled (biological)",5539,Producer Price Index (2014-2016 = 100),2024,2024,7021,Annual value,,274.350000,E
BFA,2025-01-01,2025-12-31,233,'854,Burkina Faso,945,'21111.01b,"Meat of cattle with the bone, fresh or chilled (biological)",5539,Producer Price Index (2014-2016 = 100),2025,2025,7021,Annual value,,319.140000,E
BFA,1991-01-01,1991-12-31,233,'854,Burkina Faso,1058,'21121,"Meat of chickens, fresh or chilled",5539,Producer Price Index (2014-2016 = 100),1991,1991,7021,Annual value,,46.770000,E
BFA,1992-01-01,1992-12-31,233,'854,Burkina Faso,1058,'21121,"Meat of chickens, fresh or chilled",5539,Producer Price Index (2014-2016 = 100),1992,1992,7021,Annual value,,46.880000,E
BFA,1993-01-01,1993-12-31,233,'854,Burkina Faso,1058,'21121,"Meat of chickens, fresh or chilled",5539,Producer Price Index (2014-2016 = 100),1993,1993,7021,Annual value,,46.200000,E
BFA,1994-01-01,1994-12-31,233,'854,Burkina Faso,1058,'21121,"Meat of chickens, fresh or chilled",5539,Producer Price Index (2014-2016 = 100),1994,1994,7021,Annual value,,52.970000,E
BFA,1995-01-01,1995-12-31,233,'854,Burkina Faso,1058,'21121,"Meat of chickens, fresh or chilled",5539,Producer Price Index (2014-2016 = 100),1995,1995,7021,Annual value,,56.550000,E
BFA,1996-01-01,1996-12-31,233,'854,Burkina Faso,1058,'21121,"Meat of chickens, fresh or chilled",5539,Producer Price Index (2014-2016 = 100),1996,1996,7021,Annual value,,56.750000,E
BFA,1997-01-01,1997-12-31,233,'854,Burkina Faso,1058,'21121,"Meat of chickens, fresh or chilled",5539,Producer Price Index (2014-2016 = 100),1997,1997,7021,Annual value,,57.630000,E
BFA,1998-01-01,1998-12-31,233,'854,Burkina Faso,1058,'21121,"Meat of chickens, fresh or chilled",5539,Producer Price Index (2014-2016 = 100),1998,1998,7021,Annual value,,62.210000,E
BFA,1999-01-01,1999-12-31,233,'854,Burkina Faso,1058,'21121,"Meat of chickens, fresh or chilled",5539,Producer Price Index (2014-2016 = 100),1999,1999,7021,Annual value,,64.970000,E
BFA,2000-01-01,2000-12-31,233,'854,Burkina Faso,1058,'21121,"Meat of chickens, fresh or chilled",5539,Producer Price Index (2014-2016 = 100),2000,2000,7021,Annual value,,63.890000,E
BFA,2001-01-01,2001-12-31,233,'854,Burkina Faso,1058,'21121,"Meat of chickens, fresh or chilled",5539,Producer Price Index (2014-2016 = 100),2001,2001,7021,Annual value,,66.440000,E
BFA,2002-01-01,2002-12-31,233,'854,Burkina Faso,1058,'21121,"Meat of chickens, fresh or chilled",5539,Producer Price Index (2014-2016 = 100),2002,2002,7021,Annual value,,70.570000,E
BFA,2003-01-01,2003-12-31,233,'854,Burkina Faso,1058,'21121,"Meat of chickens, fresh or chilled",5539,Producer Price Index (2014-2016 = 100),2003,2003,7021,Annual value,,72.840000,E
BFA,2004-01-01,2004-12-31,233,'854,Burkina Faso,1058,'21121,"Meat of chickens, fresh or chilled",5539,Producer Price Index (2014-2016 = 100),2004,2004,7021,Annual value,,70.940000,E
BFA,2005-01-01,2005-12-31,233,'854,Burkina Faso,1058,'21121,"Meat of chickens, fresh or chilled",5539,Producer Price Index (2014-2016 = 100),2005,2005,7021,Annual value,,86.020000,E
BFA,2006-01-01,2006-12-31,233,'854,Burkina Faso,1058,'21121,"Meat of chickens, fresh or chilled",5539,Producer Price Index (2014-2016 = 100),2006,2006,7021,Annual value,,77.490000,E
BFA,2007-01-01,2007-12-31,233,'854,Burkina Faso,1058,'21121,"Meat of chickens, fresh or chilled",5539,Producer Price Index (2014-2016 = 100),2007,2007,7021,Annual value,,85.130000,E
BFA,2008-01-01,2008-12-31,233,'854,Burkina Faso,1058,'21121,"Meat of chickens, fresh or chilled",5539,Producer Price Index (2014-2016 = 100),2008,2008,7021,Annual value,,86.270000,E
BFA,2009-01-01,2009-12-31,233,'854,Burkina Faso,1058,'21121,"Meat of chickens, fresh or chilled",5539,Producer Price Index (2014-2016 = 100),2009,2009,7021,Annual value,,89.320000,E
BFA,2010-01-01,2010-12-31,233,'854,Burkina Faso,1058,'21121,"Meat of chickens, fresh or chilled",5539,Producer Price Index (2014-2016 = 100),2010,2010,7021,Annual value,,92.250000,E
BFA,2011-01-01,2011-12-31,233,'854,Burkina Faso,1058,'21121,"Meat of chickens, fresh or chilled",5539,Producer Price Index (2014-2016 = 100),2011,2011,7021,Annual value,,95.050000,E
BFA,2012-01-01,2012-12-31,233,'854,Burkina Faso,1058,'21121,"Meat of chickens, fresh or chilled",5539,Producer Price Index (2014-2016 = 100),2012,2012,7021,Annual value,,97.710000,E
BFA,2013-01-01,2013-12-31,233,'854,Burkina Faso,1058,'21121,"Meat of chickens, fresh or chilled",5539,Producer Price Index (2014-2016 = 100),2013,2013,7021,Annual value,,97.860000,E
BFA,2014-01-01,2014-12-31,233,'854,Burkina Faso,1058,'21121,"Meat of chickens, fresh or chilled",5539,Producer Price Index (2014-2016 = 100),2014,2014,7021,Annual value,,99.770000,E
BFA,2015-01-01,2015-12-31,233,'854,Burkina Faso,1058,'21121,"Meat of chickens, fresh or chilled",5539,Producer Price Index (2014-2016 = 100),2015,2015,7021,Annual value,,99.140000,E
BFA,2016-01-01,2016-12-31,233,'854,Burkina Faso,1058,'21121,"Meat of chickens, fresh or chilled",5539,Producer Price Index (2014-2016 = 100),2016,2016,7021,Annual value,,101.090000,E
BFA,2017-01-01,2017-12-31,233,'854,Burkina Faso,1058,'21121,"Meat of chickens, fresh or chilled",5539,Producer Price Index (2014-2016 = 100),2017,2017,7021,Annual value,,102.970000,E
BFA,2018-01-01,2018-12-31,233,'854,Burkina Faso,1058,'21121,"Meat of chickens, fresh or chilled",5539,Producer Price Index (2014-2016 = 100),2018,2018,7021,Annual value,,104.830000,E
BFA,2019-01-01,2019-12-31,233,'854,Burkina Faso,1058,'21121,"Meat of chickens, fresh or chilled",5539,Producer Price Index (2014-2016 = 100),2019,2019,7021,Annual value,,106.710000,E
BFA,2020-01-01,2020-12-31,233,'854,Burkina Faso,1058,'21121,"Meat of chickens, fresh or chilled",5539,Producer Price Index (2014-2016 = 100),2020,2020,7021,Annual value,,104.780000,E
BFA,2021-01-01,2021-12-31,233,'854,Burkina Faso,1058,'21121,"Meat of chickens, fresh or chilled",5539,Producer Price Index (2014-2016 = 100),2021,2021,7021,Annual value,,103.990000,E
BFA,2022-01-01,2022-12-31,233,'854,Burkina Faso,1058,'21121,"Meat of chickens, fresh or chilled",5539,Producer Price Index (2014-2016 = 100),2022,2022,7021,Annual value,,122.260000,E
BFA,2023-01-01,2023-12-31,233,'854,Burkina Faso,1058,'21121,"Meat of chickens, fresh or chilled",5539,Producer Price Index (2014-2016 = 100),2023,2023,7021,Annual value,,108.720000,E
BFA,2024-01-01,2024-12-31,233,'854,Burkina Faso,1058,'21121,"Meat of chickens, fresh or chilled",5539,Producer Price Index (2014-2016 = 100),2024,2024,7021,Annual value,,119.040000,E
BFA,2025-01-01,2025-12-31,233,'854,Burkina Faso,1058,'21121,"Meat of chickens, fresh or chilled",5539,Producer Price Index (2014-2016 = 100),2025,2025,7021,Annual value,,120.110000,E
BFA,2002-01-01,2002-12-31,233,'854,Burkina Faso,1095,'21121b,"Meat of chickens, fresh or chilled (biological)",5530,Producer Price (LCU/tonne),2002,2002,7021,Annual value,LCU,500310.000000,A
BFA,2003-01-01,2003-12-31,233,'854,Burkina Faso,1095,'21121b,"Meat of chickens, fresh or chilled (biological)",5530,Producer Price (LCU/tonne),2003,2003,7021,Annual value,LCU,516385.200000,A
BFA,2004-01-01,2004-12-31,233,'854,Burkina Faso,1095,'21121b,"Meat of chickens, fresh or chilled (biological)",5530,Producer Price (LCU/tonne),2004,2004,7021,Annual value,LCU,502909.800000,A
BFA,2005-01-01,2005-12-31,233,'854,Burkina Faso,1095,'21121b,"Meat of chickens, fresh or chilled (biological)",5530,Producer Price (LCU/tonne),2005,2005,7021,Annual value,LCU,609824.000000,A
BFA,2006-01-01,2006-12-31,233,'854,Burkina Faso,1095,'21121b,"Meat of chickens, fresh or chilled (biological)",5530,Producer Price (LCU/tonne),2006,2006,7021,Annual value,LCU,549384.100000,A
BFA,2009-01-01,2009-12-31,233,'854,Burkina Faso,1095,'21121b,"Meat of chickens, fresh or chilled (biological)",5530,Producer Price (LCU/tonne),2009,2009,7021,Annual value,LCU,711757.100000,A
BFA,2020-01-01,2020-12-31,233,'854,Burkina Faso,1095,'21121b,"Meat of chickens, fresh or chilled (biological)",5530,Producer Price (LCU/tonne),2020,2020,7021,Annual value,LCU,2107000.000000,A
BFA,2021-01-01,2021-12-31,233,'854,Burkina Faso,1095,'21121b,"Meat of chickens, fresh or chilled (biological)",5530,Producer Price (LCU/tonne),2021,2021,7021,Annual value,LCU,2585000.000000,A
BFA,2022-01-01,2022-12-31,233,'854,Burkina Faso,1095,'21121b,"Meat of chickens, fresh or chilled (biological)",5530,Producer Price (LCU/tonne),2022,2022,7021,Annual value,LCU,2589000.000000,A
BFA,2022-01-01,2022-01-31,233,'854,Burkina Faso,1095,'21121b,"Meat of chickens, fresh or chilled (biological)",5530,Producer Price (LCU/tonne),2022,2022,7001,January,LCU,2526315.800000,A
BFA,2022-02-01,2022-02-28,233,'854,Burkina Faso,1095,'21121b,"Meat of chickens, fresh or chilled (biological)",5530,Producer Price (LCU/tonne),2022,2022,7002,February,LCU,2410256.400000,A
BFA,2022-03-01,2022-03-31,233,'854,Burkina Faso,1095,'21121b,"Meat of chickens, fresh or chilled (biological)",5530,Producer Price (LCU/tonne),2022,2022,7003,March,LCU,2377777.800000,A
BFA,2022-04-01,2022-04-30,233,'854,Burkina Faso,1095,'21121b,"Meat of chickens, fresh or chilled (biological)",5530,Producer Price (LCU/tonne),2022,2022,7004,April,LCU,2418604.700000,A
BFA,2022-05-01,2022-05-31,233,'854,Burkina Faso,1095,'21121b,"Meat of chickens, fresh or chilled (biological)",5530,Producer Price (LCU/tonne),2022,2022,7005,May,LCU,2671875.000000,A
BFA,2022-06-01,2022-06-30,233,'854,Burkina Faso,1095,'21121b,"Meat of chickens, fresh or chilled (biological)",5530,Producer Price (LCU/tonne),2022,2022,7006,June,LCU,2692307.700000,A
BFA,2022-07-01,2022-07-31,233,'854,Burkina Faso,1095,'21121b,"Meat of chickens, fresh or chilled (biological)",5530,Producer Price (LCU/tonne),2022,2022,7007,July,LCU,2621621.600000,A
BFA,2022-08-01,2022-08-31,233,'854,Burkina Faso,1095,'21121b,"Meat of chickens, fresh or chilled (biological)",5530,Producer Price (LCU/tonne),2022,2022,7008,August,LCU,2653846.200000,A
BFA,2022-09-01,2022-09-30,233,'854,Burkina Faso,1095,'21121b,"Meat of chickens, fresh or chilled (biological)",5530,Producer Price (LCU/tonne),2022,2022,7009,September,LCU,2625000.000000,A
BFA,2022-10-01,2022-10-31,233,'854,Burkina Faso,1095,'21121b,"Meat of chickens, fresh or chilled (biological)",5530,Producer Price (LCU/tonne),2022,2022,7010,October,LCU,2596774.200000,A
BFA,2022-11-01,2022-11-30,233,'854,Burkina Faso,1095,'21121b,"Meat of chickens, fresh or chilled (biological)",5530,Producer Price (LCU/tonne),2022,2022,7011,November,LCU,2796875.000000,A
BFA,2022-12-01,2022-12-31,233,'854,Burkina Faso,1095,'21121b,"Meat of chickens, fresh or chilled (biological)",5530,Producer Price (LCU/tonne),2022,2022,7012,December,LCU,2919354.800000,A
BFA,2023-01-01,2023-01-31,233,'854,Burkina Faso,1095,'21121b,"Meat of chickens, fresh or chilled (biological)",5530,Producer Price (LCU/tonne),2023,2023,7001,January,LCU,2851851.900000,A
BFA,2002-01-01,2002-12-31,233,'854,Burkina Faso,1095,'21121b,"Meat of chickens, fresh or chilled (biological)",5531,Producer Price (SLC/tonne),2002,2002,7021,Annual value,SLC,500310.000000,A
BFA,2003-01-01,2003-12-31,233,'854,Burkina Faso,1095,'21121b,"Meat of chickens, fresh or chilled (biological)",5531,Producer Price (SLC/tonne),2003,2003,7021,Annual value,SLC,516385.200000,A
BFA,2004-01-01,2004-12-31,233,'854,Burkina Faso,1095,'21121b,"Meat of chickens, fresh or chilled (biological)",5531,Producer Price (SLC/tonne),2004,2004,7021,Annual value,SLC,502909.800000,A
BFA,2005-01-01,2005-12-31,233,'854,Burkina Faso,1095,'21121b,"Meat of chickens, fresh or chilled (biological)",5531,Producer Price (SLC/tonne),2005,2005,7021,Annual value,SLC,609824.000000,A
BFA,2006-01-01,2006-12-31,233,'854,Burkina Faso,1095,'21121b,"Meat of chickens, fresh or chilled (biological)",5531,Producer Price (SLC/tonne),2006,2006,7021,Annual value,SLC,549384.100000,A
BFA,2009-01-01,2009-12-31,233,'854,Burkina Faso,1095,'21121b,"Meat of chickens, fresh or chilled (biological)",5531,Producer Price (SLC/tonne),2009,2009,7021,Annual value,SLC,711757.100000,A
BFA,2020-01-01,2020-12-31,233,'854,Burkina Faso,1095,'21121b,"Meat of chickens, fresh or chilled (biological)",5531,Producer Price (SLC/tonne),2020,2020,7021,Annual value,SLC,2107000.000000,A
BFA,2021-01-01,2021-12-31,233,'854,Burkina Faso,1095,'21121b,"Meat of chickens, fresh or chilled (biological)",5531,Producer Price (SLC/tonne),2021,2021,7021,Annual value,SLC,2585000.000000,A
BFA,2022-01-01,2022-12-31,233,'854,Burkina Faso,1095,'21121b,"Meat of chickens, fresh or chilled (biological)",5531,Producer Price (SLC/tonne),2022,2022,7021,Annual value,SLC,2589000.000000,A
BFA,2002-01-01,2002-12-31,233,'854,Burkina Faso,1095,'21121b,"Meat of chickens, fresh or chilled (biological)",5532,Producer Price (USD/tonne),2002,2002,7021,Annual value,USD,717.800000,A
BFA,2003-01-01,2003-12-31,233,'854,Burkina Faso,1095,'21121b,"Meat of chickens, fresh or chilled (biological)",5532,Producer Price (USD/tonne),2003,2003,7021,Annual value,USD,888.500000,A
BFA,2004-01-01,2004-12-31,233,'854,Burkina Faso,1095,'21121b,"Meat of chickens, fresh or chilled (biological)",5532,Producer Price (USD/tonne),2004,2004,7021,Annual value,USD,952.000000,A
BFA,2005-01-01,2005-12-31,233,'854,Burkina Faso,1095,'21121b,"Meat of chickens, fresh or chilled (biological)",5532,Producer Price (USD/tonne),2005,2005,7021,Annual value,USD,1156.100000,A
BFA,2006-01-01,2006-12-31,233,'854,Burkina Faso,1095,'21121b,"Meat of chickens, fresh or chilled (biological)",5532,Producer Price (USD/tonne),2006,2006,7021,Annual value,USD,1050.700000,A
BFA,2009-01-01,2009-12-31,233,'854,Burkina Faso,1095,'21121b,"Meat of chickens, fresh or chilled (biological)",5532,Producer Price (USD/tonne),2009,2009,7021,Annual value,USD,1507.400000,A
BFA,2020-01-01,2020-12-31,233,'854,Burkina Faso,1095,'21121b,"Meat of chickens, fresh or chilled (biological)",5532,Producer Price (USD/tonne),2020,2020,7021,Annual value,USD,3660.600000,A
BFA,2021-01-01,2021-12-31,233,'854,Burkina Faso,1095,'21121b,"Meat of chickens, fresh or chilled (biological)",5532,Producer Price (USD/tonne),2021,2021,7021,Annual value,USD,4661.600000,A
BFA,2022-01-01,2022-12-31,233,'854,Burkina Faso,1095,'21121b,"Meat of chickens, fresh or chilled (biological)",5532,Producer Price (USD/tonne),2022,2022,7021,Annual value,USD,4150.600000,A
BFA,1991-01-01,1991-12-31,233,'854,Burkina Faso,1095,'21121b,"Meat of chickens, fresh or chilled (biological)",5539,Producer Price Index (2014-2016 = 100),1991,1991,7021,Annual value,,25.270000,E
BFA,1992-01-01,1992-12-31,233,'854,Burkina Faso,1095,'21121b,"Meat of chickens, fresh or chilled (biological)",5539,Producer Price Index (2014-2016 = 100),1992,1992,7021,Annual value,,25.330000,E
BFA,1993-01-01,1993-12-31,233,'854,Burkina Faso,1095,'21121b,"Meat of chickens, fresh or chilled (biological)",5539,Producer Price Index (2014-2016 = 100),1993,1993,7021,Annual value,,24.960000,E
BFA,1994-01-01,1994-12-31,233,'854,Burkina Faso,1095,'21121b,"Meat of chickens, fresh or chilled (biological)",5539,Producer Price Index (2014-2016 = 100),1994,1994,7021,Annual value,,28.620000,E
BFA,1995-01-01,1995-12-31,233,'854,Burkina Faso,1095,'21121b,"Meat of chickens, fresh or chilled (biological)",5539,Producer Price Index (2014-2016 = 100),1995,1995,7021,Annual value,,30.560000,E
BFA,1996-01-01,1996-12-31,233,'854,Burkina Faso,1095,'21121b,"Meat of chickens, fresh or chilled (biological)",5539,Producer Price Index (2014-2016 = 100),1996,1996,7021,Annual value,,30.660000,E
BFA,1997-01-01,1997-12-31,233,'854,Burkina Faso,1095,'21121b,"Meat of chickens, fresh or chilled (biological)",5539,Producer Price Index (2014-2016 = 100),1997,1997,7021,Annual value,,31.140000,E
BFA,1998-01-01,1998-12-31,233,'854,Burkina Faso,1095,'21121b,"Meat of chickens, fresh or chilled (biological)",5539,Producer Price Index (2014-2016 = 100),1998,1998,7021,Annual value,,33.610000,E
BFA,1999-01-01,1999-12-31,233,'854,Burkina Faso,1095,'21121b,"Meat of chickens, fresh or chilled (biological)",5539,Producer Price Index (2014-2016 = 100),1999,1999,7021,Annual value,,35.100000,E
BFA,2000-01-01,2000-12-31,233,'854,Burkina Faso,1095,'21121b,"Meat of chickens, fresh or chilled (biological)",5539,Producer Price Index (2014-2016 = 100),2000,2000,7021,Annual value,,34.520000,E
BFA,2001-01-01,2001-12-31,233,'854,Burkina Faso,1095,'21121b,"Meat of chickens, fresh or chilled (biological)",5539,Producer Price Index (2014-2016 = 100),2001,2001,7021,Annual value,,35.900000,E
BFA,2002-01-01,2002-12-31,233,'854,Burkina Faso,1095,'21121b,"Meat of chickens, fresh or chilled (biological)",5539,Producer Price Index (2014-2016 = 100),2002,2002,7021,Annual value,,38.130000,E
BFA,2003-01-01,2003-12-31,233,'854,Burkina Faso,1095,'21121b,"Meat of chickens, fresh or chilled (biological)",5539,Producer Price Index (2014-2016 = 100),2003,2003,7021,Annual value,,39.350000,E
BFA,2004-01-01,2004-12-31,233,'854,Burkina Faso,1095,'21121b,"Meat of chickens, fresh or chilled (biological)",5539,Producer Price Index (2014-2016 = 100),2004,2004,7021,Annual value,,38.330000,E
BFA,2005-01-01,2005-12-31,233,'854,Burkina Faso,1095,'21121b,"Meat of chickens, fresh or chilled (biological)",5539,Producer Price Index (2014-2016 = 100),2005,2005,7021,Annual value,,46.480000,E
BFA,2006-01-01,2006-12-31,233,'854,Burkina Faso,1095,'21121b,"Meat of chickens, fresh or chilled (biological)",5539,Producer Price Index (2014-2016 = 100),2006,2006,7021,Annual value,,41.870000,E
BFA,2007-01-01,2007-12-31,233,'854,Burkina Faso,1095,'21121b,"Meat of chickens, fresh or chilled (biological)",5539,Producer Price Index (2014-2016 = 100),2007,2007,7021,Annual value,,43.830000,E
BFA,2008-01-01,2008-12-31,233,'854,Burkina Faso,1095,'21121b,"Meat of chickens, fresh or chilled (biological)",5539,Producer Price Index (2014-2016 = 100),2008,2008,7021,Annual value,,50.940000,E
BFA,2009-01-01,2009-12-31,233,'854,Burkina Faso,1095,'21121b,"Meat of chickens, fresh or chilled (biological)",5539,Producer Price Index (2014-2016 = 100),2009,2009,7021,Annual value,,54.240000,E
BFA,2010-01-01,2010-12-31,233,'854,Burkina Faso,1095,'21121b,"Meat of chickens, fresh or chilled (biological)",5539,Producer Price Index (2014-2016 = 100),2010,2010,7021,Annual value,,61.950000,E
BFA,2011-01-01,2011-12-31,233,'854,Burkina Faso,1095,'21121b,"Meat of chickens, fresh or chilled (biological)",5539,Producer Price Index (2014-2016 = 100),2011,2011,7021,Annual value,,68.260000,E
BFA,2012-01-01,2012-12-31,233,'854,Burkina Faso,1095,'21121b,"Meat of chickens, fresh or chilled (biological)",5539,Producer Price Index (2014-2016 = 100),2012,2012,7021,Annual value,,74.930000,E
BFA,2013-01-01,2013-12-31,233,'854,Burkina Faso,1095,'21121b,"Meat of chickens, fresh or chilled (biological)",5539,Producer Price Index (2014-2016 = 100),2013,2013,7021,Annual value,,82.420000,E
BFA,2014-01-01,2014-12-31,233,'854,Burkina Faso,1095,'21121b,"Meat of chickens, fresh or chilled (biological)",5539,Producer Price Index (2014-2016 = 100),2014,2014,7021,Annual value,,95.540000,E
BFA,2015-01-01,2015-12-31,233,'854,Burkina Faso,1095,'21121b,"Meat of chickens, fresh or chilled (biological)",5539,Producer Price Index (2014-2016 = 100),2015,2015,7021,Annual value,,105.440000,E
BFA,2016-01-01,2016-12-31,233,'854,Burkina Faso,1095,'21121b,"Meat of chickens, fresh or chilled (biological)",5539,Producer Price Index (2014-2016 = 100),2016,2016,7021,Annual value,,99.020000,E
BFA,2017-01-01,2017-12-31,233,'854,Burkina Faso,1095,'21121b,"Meat of chickens, fresh or chilled (biological)",5539,Producer Price Index (2014-2016 = 100),2017,2017,7021,Annual value,,114.680000,E
BFA,2018-01-01,2018-12-31,233,'854,Burkina Faso,1095,'21121b,"Meat of chickens, fresh or chilled (biological)",5539,Producer Price Index (2014-2016 = 100),2018,2018,7021,Annual value,,131.100000,E
BFA,2019-01-01,2019-12-31,233,'854,Burkina Faso,1095,'21121b,"Meat of chickens, fresh or chilled (biological)",5539,Producer Price Index (2014-2016 = 100),2019,2019,7021,Annual value,,148.180000,E
BFA,2020-01-01,2020-12-31,233,'854,Burkina Faso,1095,'21121b,"Meat of chickens, fresh or chilled (biological)",5539,Producer Price Index (2014-2016 = 100),2020,2020,7021,Annual value,,160.580000,E
BFA,2021-01-01,2021-12-31,233,'854,Burkina Faso,1095,'21121b,"Meat of chickens, fresh or chilled (biological)",5539,Producer Price Index (2014-2016 = 100),2021,2021,7021,Annual value,,197.010000,E
BFA,2022-01-01,2022-12-31,233,'854,Burkina Faso,1095,'21121b,"Meat of chickens, fresh or chilled (biological)",5539,Producer Price Index (2014-2016 = 100),2022,2022,7021,Annual value,,197.310000,E
BFA,2023-01-01,2023-12-31,233,'854,Burkina Faso,1095,'21121b,"Meat of chickens, fresh or chilled (biological)",5539,Producer Price Index (2014-2016 = 100),2023,2023,7021,Annual value,,200.660000,E
BFA,2024-01-01,2024-12-31,233,'854,Burkina Faso,1095,'21121b,"Meat of chickens, fresh or chilled (biological)",5539,Producer Price Index (2014-2016 = 100),2024,2024,7021,Annual value,,236.550000,E
BFA,2025-01-01,2025-12-31,233,'854,Burkina Faso,1095,'21121b,"Meat of chickens, fresh or chilled (biological)",5539,Producer Price Index (2014-2016 = 100),2025,2025,7021,Annual value,,260.570000,E
BFA,1991-01-01,1991-12-31,233,'854,Burkina Faso,1017,'21116,"Meat of goat, fresh or chilled",5539,Producer Price Index (2014-2016 = 100),1991,1991,7021,Annual value,,77.600000,E
BFA,1992-01-01,1992-12-31,233,'854,Burkina Faso,1017,'21116,"Meat of goat, fresh or chilled",5539,Producer Price Index (2014-2016 = 100),1992,1992,7021,Annual value,,80.190000,E
BFA,1993-01-01,1993-12-31,233,'854,Burkina Faso,1017,'21116,"Meat of goat, fresh or chilled",5539,Producer Price Index (2014-2016 = 100),1993,1993,7021,Annual value,,65.360000,E
BFA,1994-01-01,1994-12-31,233,'854,Burkina Faso,1017,'21116,"Meat of goat, fresh or chilled",5539,Producer Price Index (2014-2016 = 100),1994,1994,7021,Annual value,,87.360000,E
BFA,1995-01-01,1995-12-31,233,'854,Burkina Faso,1017,'21116,"Meat of goat, fresh or chilled",5539,Producer Price Index (2014-2016 = 100),1995,1995,7021,Annual value,,87.360000,E
BFA,1996-01-01,1996-12-31,233,'854,Burkina Faso,1017,'21116,"Meat of goat, fresh or chilled",5539,Producer Price Index (2014-2016 = 100),1996,1996,7021,Annual value,,122.440000,E
BFA,1997-01-01,1997-12-31,233,'854,Burkina Faso,1017,'21116,"Meat of goat, fresh or chilled",5539,Producer Price Index (2014-2016 = 100),1997,1997,7021,Annual value,,124.480000,E
BFA,1998-01-01,1998-12-31,233,'854,Burkina Faso,1017,'21116,"Meat of goat, fresh or chilled",5539,Producer Price Index (2014-2016 = 100),1998,1998,7021,Annual value,,151.130000,E
BFA,1999-01-01,1999-12-31,233,'854,Burkina Faso,1017,'21116,"Meat of goat, fresh or chilled",5539,Producer Price Index (2014-2016 = 100),1999,1999,7021,Annual value,,117.840000,E
BFA,2000-01-01,2000-12-31,233,'854,Burkina Faso,1017,'21116,"Meat of goat, fresh or chilled",5539,Producer Price Index (2014-2016 = 100),2000,2000,7021,Annual value,,108.410000,E
BFA,2001-01-01,2001-12-31,233,'854,Burkina Faso,1017,'21116,"Meat of goat, fresh or chilled",5539,Producer Price Index (2014-2016 = 100),2001,2001,7021,Annual value,,70.910000,E
BFA,2002-01-01,2002-12-31,233,'854,Burkina Faso,1017,'21116,"Meat of goat, fresh or chilled",5539,Producer Price Index (2014-2016 = 100),2002,2002,7021,Annual value,,68.140000,E
BFA,2003-01-01,2003-12-31,233,'854,Burkina Faso,1017,'21116,"Meat of goat, fresh or chilled",5539,Producer Price Index (2014-2016 = 100),2003,2003,7021,Annual value,,65.070000,E
BFA,2004-01-01,2004-12-31,233,'854,Burkina Faso,1017,'21116,"Meat of goat, fresh or chilled",5539,Producer Price Index (2014-2016 = 100),2004,2004,7021,Annual value,,65.960000,E
BFA,2005-01-01,2005-12-31,233,'854,Burkina Faso,1017,'21116,"Meat of goat, fresh or chilled",5539,Producer Price Index (2014-2016 = 100),2005,2005,7021,Annual value,,76.830000,E
BFA,2006-01-01,2006-12-31,233,'854,Burkina Faso,1017,'21116,"Meat of goat, fresh or chilled",5539,Producer Price Index (2014-2016 = 100),2006,2006,7021,Annual value,,72.640000,E
BFA,2007-01-01,2007-12-31,233,'854,Burkina Faso,1017,'21116,"Meat of goat, fresh or chilled",5539,Producer Price Index (2014-2016 = 100),2007,2007,7021,Annual value,,90.940000,E
BFA,2008-01-01,2008-12-31,233,'854,Burkina Faso,1017,'21116,"Meat of goat, fresh or chilled",5539,Producer Price Index (2014-2016 = 100),2008,2008,7021,Annual value,,94.130000,E
BFA,2009-01-01,2009-12-31,233,'854,Burkina Faso,1017,'21116,"Meat of goat, fresh or chilled",5539,Producer Price Index (2014-2016 = 100),2009,2009,7021,Annual value,,98.540000,E
BFA,2010-01-01,2010-12-31,233,'854,Burkina Faso,1017,'21116,"Meat of goat, fresh or chilled",5539,Producer Price Index (2014-2016 = 100),2010,2010,7021,Annual value,,103.130000,E
BFA,2011-01-01,2011-12-31,233,'854,Burkina Faso,1017,'21116,"Meat of goat, fresh or chilled",5539,Producer Price Index (2014-2016 = 100),2011,2011,7021,Annual value,,107.760000,E
BFA,2012-01-01,2012-12-31,233,'854,Burkina Faso,1017,'21116,"Meat of goat, fresh or chilled",5539,Producer Price Index (2014-2016 = 100),2012,2012,7021,Annual value,,112.360000,E
BFA,2013-01-01,2013-12-31,233,'854,Burkina Faso,1017,'21116,"Meat of goat, fresh or chilled",5539,Producer Price Index (2014-2016 = 100),2013,2013,7021,Annual value,,94.430000,E
BFA,2014-01-01,2014-12-31,233,'854,Burkina Faso,1017,'21116,"Meat of goat, fresh or chilled",5539,Producer Price Index (2014-2016 = 100),2014,2014,7021,Annual value,,95.090000,E
BFA,2015-01-01,2015-12-31,233,'854,Burkina Faso,1017,'21116,"Meat of goat, fresh or chilled",5539,Producer Price Index (2014-2016 = 100),2015,2015,7021,Annual value,,103.000000,E
BFA,2016-01-01,2016-12-31,233,'854,Burkina Faso,1017,'21116,"Meat of goat, fresh or chilled",5539,Producer Price Index (2014-2016 = 100),2016,2016,7021,Annual value,,101.910000,E
BFA,2017-01-01,2017-12-31,233,'854,Burkina Faso,1017,'21116,"Meat of goat, fresh or chilled",5539,Producer Price Index (2014-2016 = 100),2017,2017,7021,Annual value,,100.970000,E
BFA,2018-01-01,2018-12-31,233,'854,Burkina Faso,1017,'21116,"Meat of goat, fresh or chilled",5539,Producer Price Index (2014-2016 = 100),2018,2018,7021,Annual value,,100.280000,E
BFA,2019-01-01,2019-12-31,233,'854,Burkina Faso,1017,'21116,"Meat of goat, fresh or chilled",5539,Producer Price Index (2014-2016 = 100),2019,2019,7021,Annual value,,100.050000,E
BFA,2020-01-01,2020-12-31,233,'854,Burkina Faso,1017,'21116,"Meat of goat, fresh or chilled",5539,Producer Price Index (2014-2016 = 100),2020,2020,7021,Annual value,,102.260000,E
BFA,2021-01-01,2021-12-31,233,'854,Burkina Faso,1017,'21116,"Meat of goat, fresh or chilled",5539,Producer Price Index (2014-2016 = 100),2021,2021,7021,Annual value,,97.140000,E
BFA,2022-01-01,2022-12-31,233,'854,Burkina Faso,1017,'21116,"Meat of goat, fresh or chilled",5539,Producer Price Index (2014-2016 = 100),2022,2022,7021,Annual value,,96.890000,E
BFA,2023-01-01,2023-12-31,233,'854,Burkina Faso,1017,'21116,"Meat of goat, fresh or chilled",5539,Producer Price Index (2014-2016 = 100),2023,2023,7021,Annual value,,92.610000,E
BFA,2024-01-01,2024-12-31,233,'854,Burkina Faso,1017,'21116,"Meat of goat, fresh or chilled",5539,Producer Price Index (2014-2016 = 100),2024,2024,7021,Annual value,,96.250000,E
BFA,2025-01-01,2025-12-31,233,'854,Burkina Faso,1017,'21116,"Meat of goat, fresh or chilled",5539,Producer Price Index (2014-2016 = 100),2025,2025,7021,Annual value,,95.570000,E
BFA,1999-01-01,1999-12-31,233,'854,Burkina Faso,1033,'21116b,"Meat of goat, fresh or chilled (biological)",5530,Producer Price (LCU/tonne),1999,1999,7021,Annual value,LCU,477430.600000,A
BFA,2000-01-01,2000-12-31,233,'854,Burkina Faso,1033,'21116b,"Meat of goat, fresh or chilled (biological)",5530,Producer Price (LCU/tonne),2000,2000,7021,Annual value,LCU,497175.100000,A
BFA,2001-01-01,2001-12-31,233,'854,Burkina Faso,1033,'21116b,"Meat of goat, fresh or chilled (biological)",5530,Producer Price (LCU/tonne),2001,2001,7021,Annual value,LCU,325204.900000,A
BFA,2002-01-01,2002-12-31,233,'854,Burkina Faso,1033,'21116b,"Meat of goat, fresh or chilled (biological)",5530,Producer Price (LCU/tonne),2002,2002,7021,Annual value,LCU,312497.600000,A
BFA,2003-01-01,2003-12-31,233,'854,Burkina Faso,1033,'21116b,"Meat of goat, fresh or chilled (biological)",5530,Producer Price (LCU/tonne),2003,2003,7021,Annual value,LCU,298423.500000,A
BFA,2004-01-01,2004-12-31,233,'854,Burkina Faso,1033,'21116b,"Meat of goat, fresh or chilled (biological)",5530,Producer Price (LCU/tonne),2004,2004,7021,Annual value,LCU,302519.600000,A
BFA,2005-01-01,2005-12-31,233,'854,Burkina Faso,1033,'21116b,"Meat of goat, fresh or chilled (biological)",5530,Producer Price (LCU/tonne),2005,2005,7021,Annual value,LCU,352337.900000,A
BFA,2006-01-01,2006-12-31,233,'854,Burkina Faso,1033,'21116b,"Meat of goat, fresh or chilled (biological)",5530,Producer Price (LCU/tonne),2006,2006,7021,Annual value,LCU,333150.700000,A
BFA,2007-01-01,2007-12-31,233,'854,Burkina Faso,1033,'21116b,"Meat of goat, fresh or chilled (biological)",5530,Producer Price (LCU/tonne),2007,2007,7021,Annual value,LCU,417059.300000,A
BFA,2009-01-01,2009-12-31,233,'854,Burkina Faso,1033,'21116b,"Meat of goat, fresh or chilled (biological)",5530,Producer Price (LCU/tonne),2009,2009,7021,Annual value,LCU,428125.000000,A
BFA,2017-01-01,2017-01-31,233,'854,Burkina Faso,1033,'21116b,"Meat of goat, fresh or chilled (biological)",5530,Producer Price (LCU/tonne),2017,2017,7001,January,LCU,14846.000000,A
BFA,2017-02-01,2017-02-28,233,'854,Burkina Faso,1033,'21116b,"Meat of goat, fresh or chilled (biological)",5530,Producer Price (LCU/tonne),2017,2017,7002,February,LCU,14917.000000,A
BFA,2017-03-01,2017-03-31,233,'854,Burkina Faso,1033,'21116b,"Meat of goat, fresh or chilled (biological)",5530,Producer Price (LCU/tonne),2017,2017,7003,March,LCU,15025.000000,A
BFA,2017-04-01,2017-04-30,233,'854,Burkina Faso,1033,'21116b,"Meat of goat, fresh or chilled (biological)",5530,Producer Price (LCU/tonne),2017,2017,7004,April,LCU,15470.000000,A
BFA,2017-05-01,2017-05-31,233,'854,Burkina Faso,1033,'21116b,"Meat of goat, fresh or chilled (biological)",5530,Producer Price (LCU/tonne),2017,2017,7005,May,LCU,15729.000000,A
BFA,2017-06-01,2017-06-30,233,'854,Burkina Faso,1033,'21116b,"Meat of goat, fresh or chilled (biological)",5530,Producer Price (LCU/tonne),2017,2017,7006,June,LCU,16244.000000,A
BFA,2017-07-01,2017-07-31,233,'854,Burkina Faso,1033,'21116b,"Meat of goat, fresh or chilled (biological)",5530,Producer Price (LCU/tonne),2017,2017,7007,July,LCU,16518.000000,A
BFA,2017-08-01,2017-08-31,233,'854,Burkina Faso,1033,'21116b,"Meat of goat, fresh or chilled (biological)",5530,Producer Price (LCU/tonne),2017,2017,7008,August,LCU,17147.000000,A
BFA,2017-09-01,2017-09-30,233,'854,Burkina Faso,1033,'21116b,"Meat of goat, fresh or chilled (biological)",5530,Producer Price (LCU/tonne),2017,2017,7009,September,LCU,17217.000000,A
BFA,2017-10-01,2017-10-31,233,'854,Burkina Faso,1033,'21116b,"Meat of goat, fresh or chilled (biological)",5530,Producer Price (LCU/tonne),2017,2017,7010,October,LCU,17170.000000,A
BFA,2017-11-01,2017-11-30,233,'854,Burkina Faso,1033,'21116b,"Meat of goat, fresh or chilled (biological)",5530,Producer Price (LCU/tonne),2017,2017,7011,November,LCU,17257.000000,A
BFA,2017-12-01,2017-12-31,233,'854,Burkina Faso,1033,'21116b,"Meat of goat, fresh or chilled (biological)",5530,Producer Price (LCU/tonne),2017,2017,7012,December,LCU,17203.000000,A
BFA,2020-01-01,2020-12-31,233,'854,Burkina Faso,1033,'21116b,"Meat of goat, fresh or chilled (biological)",5530,Producer Price (LCU/tonne),2020,2020,7021,Annual value,LCU,2916748.600000,A
BFA,2021-01-01,2021-12-31,233,'854,Burkina Faso,1033,'21116b,"Meat of goat, fresh or chilled (biological)",5530,Producer Price (LCU/tonne),2021,2021,7021,Annual value,LCU,3509853.800000,A
BFA,2022-01-01,2022-12-31,233,'854,Burkina Faso,1033,'21116b,"Meat of goat, fresh or chilled (biological)",5530,Producer Price (LCU/tonne),2022,2022,7021,Annual value,LCU,3658630.100000,A
BFA,2022-01-01,2022-01-31,233,'854,Burkina Faso,1033,'21116b,"Meat of goat, fresh or chilled (biological)",5530,Producer Price (LCU/tonne),2022,2022,7001,January,LCU,3772449.000000,A
BFA,2022-02-01,2022-02-28,233,'854,Burkina Faso,1033,'21116b,"Meat of goat, fresh or chilled (biological)",5530,Producer Price (LCU/tonne),2022,2022,7002,February,LCU,3690846.300000,A
BFA,2022-03-01,2022-03-31,233,'854,Burkina Faso,1033,'21116b,"Meat of goat, fresh or chilled (biological)",5530,Producer Price (LCU/tonne),2022,2022,7003,March,LCU,3751900.500000,A
BFA,2022-04-01,2022-04-30,233,'854,Burkina Faso,1033,'21116b,"Meat of goat, fresh or chilled (biological)",5530,Producer Price (LCU/tonne),2022,2022,7004,April,LCU,3598254.600000,A
BFA,2022-05-01,2022-05-31,233,'854,Burkina Faso,1033,'21116b,"Meat of goat, fresh or chilled (biological)",5530,Producer Price (LCU/tonne),2022,2022,7005,May,LCU,3933652.400000,A
BFA,2022-06-01,2022-06-30,233,'854,Burkina Faso,1033,'21116b,"Meat of goat, fresh or chilled (biological)",5530,Producer Price (LCU/tonne),2022,2022,7006,June,LCU,4150421.500000,A
BFA,2022-07-01,2022-07-31,233,'854,Burkina Faso,1033,'21116b,"Meat of goat, fresh or chilled (biological)",5530,Producer Price (LCU/tonne),2022,2022,7007,July,LCU,3483298.500000,A
BFA,2022-08-01,2022-08-31,233,'854,Burkina Faso,1033,'21116b,"Meat of goat, fresh or chilled (biological)",5530,Producer Price (LCU/tonne),2022,2022,7008,August,LCU,3766044.200000,A
BFA,2022-09-01,2022-09-30,233,'854,Burkina Faso,1033,'21116b,"Meat of goat, fresh or chilled (biological)",5530,Producer Price (LCU/tonne),2022,2022,7009,September,LCU,3277745.000000,A
BFA,2022-10-01,2022-10-31,233,'854,Burkina Faso,1033,'21116b,"Meat of goat, fresh or chilled (biological)",5530,Producer Price (LCU/tonne),2022,2022,7010,October,LCU,3237147.100000,A
BFA,2022-11-01,2022-11-30,233,'854,Burkina Faso,1033,'21116b,"Meat of goat, fresh or chilled (biological)",5530,Producer Price (LCU/tonne),2022,2022,7011,November,LCU,3275687.400000,A
BFA,2022-12-01,2022-12-31,233,'854,Burkina Faso,1033,'21116b,"Meat of goat, fresh or chilled (biological)",5530,Producer Price (LCU/tonne),2022,2022,7012,December,LCU,3744818.500000,A
BFA,2023-01-01,2023-01-31,233,'854,Burkina Faso,1033,'21116b,"Meat of goat, fresh or chilled (biological)",5530,Producer Price (LCU/tonne),2023,2023,7001,January,LCU,3664315.200000,A
BFA,1999-01-01,1999-12-31,233,'854,Burkina Faso,1033,'21116b,"Meat of goat, fresh or chilled (biological)",5531,Producer Price (SLC/tonne),1999,1999,7021,Annual value,SLC,477430.600000,A
BFA,2000-01-01,2000-12-31,233,'854,Burkina Faso,1033,'21116b,"Meat of goat, fresh or chilled (biological)",5531,Producer Price (SLC/tonne),2000,2000,7021,Annual value,SLC,497175.100000,A
BFA,2001-01-01,2001-12-31,233,'854,Burkina Faso,1033,'21116b,"Meat of goat, fresh or chilled (biological)",5531,Producer Price (SLC/tonne),2001,2001,7021,Annual value,SLC,325204.900000,A
BFA,2002-01-01,2002-12-31,233,'854,Burkina Faso,1033,'21116b,"Meat of goat, fresh or chilled (biological)",5531,Producer Price (SLC/tonne),2002,2002,7021,Annual value,SLC,312497.600000,A
BFA,2003-01-01,2003-12-31,233,'854,Burkina Faso,1033,'21116b,"Meat of goat, fresh or chilled (biological)",5531,Producer Price (SLC/tonne),2003,2003,7021,Annual value,SLC,298423.500000,A
BFA,2004-01-01,2004-12-31,233,'854,Burkina Faso,1033,'21116b,"Meat of goat, fresh or chilled (biological)",5531,Producer Price (SLC/tonne),2004,2004,7021,Annual value,SLC,302519.600000,A
BFA,2005-01-01,2005-12-31,233,'854,Burkina Faso,1033,'21116b,"Meat of goat, fresh or chilled (biological)",5531,Producer Price (SLC/tonne),2005,2005,7021,Annual value,SLC,352337.900000,A
BFA,2006-01-01,2006-12-31,233,'854,Burkina Faso,1033,'21116b,"Meat of goat, fresh or chilled (biological)",5531,Producer Price (SLC/tonne),2006,2006,7021,Annual value,SLC,333150.700000,A
BFA,2007-01-01,2007-12-31,233,'854,Burkina Faso,1033,'21116b,"Meat of goat, fresh or chilled (biological)",5531,Producer Price (SLC/tonne),2007,2007,7021,Annual value,SLC,417059.300000,A
BFA,2009-01-01,2009-12-31,233,'854,Burkina Faso,1033,'21116b,"Meat of goat, fresh or chilled (biological)",5531,Producer Price (SLC/tonne),2009,2009,7021,Annual value,SLC,428125.000000,A
BFA,2020-01-01,2020-12-31,233,'854,Burkina Faso,1033,'21116b,"Meat of goat, fresh or chilled (biological)",5531,Producer Price (SLC/tonne),2020,2020,7021,Annual value,SLC,2916748.600000,A
BFA,2021-01-01,2021-12-31,233,'854,Burkina Faso,1033,'21116b,"Meat of goat, fresh or chilled (biological)",5531,Producer Price (SLC/tonne),2021,2021,7021,Annual value,SLC,3509853.800000,A
BFA,2022-01-01,2022-12-31,233,'854,Burkina Faso,1033,'21116b,"Meat of goat, fresh or chilled (biological)",5531,Producer Price (SLC/tonne),2022,2022,7021,Annual value,SLC,3658630.100000,A
BFA,1999-01-01,1999-12-31,233,'854,Burkina Faso,1033,'21116b,"Meat of goat, fresh or chilled (biological)",5532,Producer Price (USD/tonne),1999,1999,7021,Annual value,USD,775.400000,A
BFA,2000-01-01,2000-12-31,233,'854,Burkina Faso,1033,'21116b,"Meat of goat, fresh or chilled (biological)",5532,Producer Price (USD/tonne),2000,2000,7021,Annual value,USD,698.300000,A
BFA,2001-01-01,2001-12-31,233,'854,Burkina Faso,1033,'21116b,"Meat of goat, fresh or chilled (biological)",5532,Producer Price (USD/tonne),2001,2001,7021,Annual value,USD,443.600000,A
BFA,2002-01-01,2002-12-31,233,'854,Burkina Faso,1033,'21116b,"Meat of goat, fresh or chilled (biological)",5532,Producer Price (USD/tonne),2002,2002,7021,Annual value,USD,448.400000,A
BFA,2003-01-01,2003-12-31,233,'854,Burkina Faso,1033,'21116b,"Meat of goat, fresh or chilled (biological)",5532,Producer Price (USD/tonne),2003,2003,7021,Annual value,USD,513.500000,A
BFA,2004-01-01,2004-12-31,233,'854,Burkina Faso,1033,'21116b,"Meat of goat, fresh or chilled (biological)",5532,Producer Price (USD/tonne),2004,2004,7021,Annual value,USD,572.600000,A
BFA,2005-01-01,2005-12-31,233,'854,Burkina Faso,1033,'21116b,"Meat of goat, fresh or chilled (biological)",5532,Producer Price (USD/tonne),2005,2005,7021,Annual value,USD,668.000000,A
BFA,2006-01-01,2006-12-31,233,'854,Burkina Faso,1033,'21116b,"Meat of goat, fresh or chilled (biological)",5532,Producer Price (USD/tonne),2006,2006,7021,Annual value,USD,637.100000,A
BFA,2007-01-01,2007-12-31,233,'854,Burkina Faso,1033,'21116b,"Meat of goat, fresh or chilled (biological)",5532,Producer Price (USD/tonne),2007,2007,7021,Annual value,USD,870.200000,A
BFA,2009-01-01,2009-12-31,233,'854,Burkina Faso,1033,'21116b,"Meat of goat, fresh or chilled (biological)",5532,Producer Price (USD/tonne),2009,2009,7021,Annual value,USD,906.700000,A
BFA,2020-01-01,2020-12-31,233,'854,Burkina Faso,1033,'21116b,"Meat of goat, fresh or chilled (biological)",5532,Producer Price (USD/tonne),2020,2020,7021,Annual value,USD,5067.400000,A
BFA,2021-01-01,2021-12-31,233,'854,Burkina Faso,1033,'21116b,"Meat of goat, fresh or chilled (biological)",5532,Producer Price (USD/tonne),2021,2021,7021,Annual value,USD,6329.400000,A
BFA,2022-01-01,2022-12-31,233,'854,Burkina Faso,1033,'21116b,"Meat of goat, fresh or chilled (biological)",5532,Producer Price (USD/tonne),2022,2022,7021,Annual value,USD,5865.400000,A
BFA,1991-01-01,1991-12-31,233,'854,Burkina Faso,1033,'21116b,"Meat of goat, fresh or chilled (biological)",5539,Producer Price Index (2014-2016 = 100),1991,1991,7021,Annual value,,25.110000,E
BFA,1992-01-01,1992-12-31,233,'854,Burkina Faso,1033,'21116b,"Meat of goat, fresh or chilled (biological)",5539,Producer Price Index (2014-2016 = 100),1992,1992,7021,Annual value,,25.950000,E
BFA,1993-01-01,1993-12-31,233,'854,Burkina Faso,1033,'21116b,"Meat of goat, fresh or chilled (biological)",5539,Producer Price Index (2014-2016 = 100),1993,1993,7021,Annual value,,21.150000,E
BFA,1994-01-01,1994-12-31,233,'854,Burkina Faso,1033,'21116b,"Meat of goat, fresh or chilled (biological)",5539,Producer Price Index (2014-2016 = 100),1994,1994,7021,Annual value,,28.270000,E
BFA,1995-01-01,1995-12-31,233,'854,Burkina Faso,1033,'21116b,"Meat of goat, fresh or chilled (biological)",5539,Producer Price Index (2014-2016 = 100),1995,1995,7021,Annual value,,28.270000,E
BFA,1996-01-01,1996-12-31,233,'854,Burkina Faso,1033,'21116b,"Meat of goat, fresh or chilled (biological)",5539,Producer Price Index (2014-2016 = 100),1996,1996,7021,Annual value,,39.620000,E
BFA,1997-01-01,1997-12-31,233,'854,Burkina Faso,1033,'21116b,"Meat of goat, fresh or chilled (biological)",5539,Producer Price Index (2014-2016 = 100),1997,1997,7021,Annual value,,40.280000,E
BFA,1998-01-01,1998-12-31,233,'854,Burkina Faso,1033,'21116b,"Meat of goat, fresh or chilled (biological)",5539,Producer Price Index (2014-2016 = 100),1998,1998,7021,Annual value,,48.910000,E
BFA,1999-01-01,1999-12-31,233,'854,Burkina Faso,1033,'21116b,"Meat of goat, fresh or chilled (biological)",5539,Producer Price Index (2014-2016 = 100),1999,1999,7021,Annual value,,33.690000,E
BFA,2000-01-01,2000-12-31,233,'854,Burkina Faso,1033,'21116b,"Meat of goat, fresh or chilled (biological)",5539,Producer Price Index (2014-2016 = 100),2000,2000,7021,Annual value,,35.080000,E
BFA,2001-01-01,2001-12-31,233,'854,Burkina Faso,1033,'21116b,"Meat of goat, fresh or chilled (biological)",5539,Producer Price Index (2014-2016 = 100),2001,2001,7021,Annual value,,22.950000,E
BFA,2002-01-01,2002-12-31,233,'854,Burkina Faso,1033,'21116b,"Meat of goat, fresh or chilled (biological)",5539,Producer Price Index (2014-2016 = 100),2002,2002,7021,Annual value,,22.050000,E
BFA,2003-01-01,2003-12-31,233,'854,Burkina Faso,1033,'21116b,"Meat of goat, fresh or chilled (biological)",5539,Producer Price Index (2014-2016 = 100),2003,2003,7021,Annual value,,21.060000,E
BFA,2004-01-01,2004-12-31,233,'854,Burkina Faso,1033,'21116b,"Meat of goat, fresh or chilled (biological)",5539,Producer Price Index (2014-2016 = 100),2004,2004,7021,Annual value,,21.350000,E
BFA,2005-01-01,2005-12-31,233,'854,Burkina Faso,1033,'21116b,"Meat of goat, fresh or chilled (biological)",5539,Producer Price Index (2014-2016 = 100),2005,2005,7021,Annual value,,24.860000,E
BFA,2006-01-01,2006-12-31,233,'854,Burkina Faso,1033,'21116b,"Meat of goat, fresh or chilled (biological)",5539,Producer Price Index (2014-2016 = 100),2006,2006,7021,Annual value,,23.510000,E
BFA,2007-01-01,2007-12-31,233,'854,Burkina Faso,1033,'21116b,"Meat of goat, fresh or chilled (biological)",5539,Producer Price Index (2014-2016 = 100),2007,2007,7021,Annual value,,29.430000,E
BFA,2008-01-01,2008-12-31,233,'854,Burkina Faso,1033,'21116b,"Meat of goat, fresh or chilled (biological)",5539,Producer Price Index (2014-2016 = 100),2008,2008,7021,Annual value,,29.830000,E
BFA,2009-01-01,2009-12-31,233,'854,Burkina Faso,1033,'21116b,"Meat of goat, fresh or chilled (biological)",5539,Producer Price Index (2014-2016 = 100),2009,2009,7021,Annual value,,30.210000,E
BFA,2010-01-01,2010-12-31,233,'854,Burkina Faso,1033,'21116b,"Meat of goat, fresh or chilled (biological)",5539,Producer Price Index (2014-2016 = 100),2010,2010,7021,Annual value,,33.750000,E
BFA,2011-01-01,2011-12-31,233,'854,Burkina Faso,1033,'21116b,"Meat of goat, fresh or chilled (biological)",5539,Producer Price Index (2014-2016 = 100),2011,2011,7021,Annual value,,37.050000,E
BFA,2012-01-01,2012-12-31,233,'854,Burkina Faso,1033,'21116b,"Meat of goat, fresh or chilled (biological)",5539,Producer Price Index (2014-2016 = 100),2012,2012,7021,Annual value,,41.270000,E
BFA,2013-01-01,2013-12-31,233,'854,Burkina Faso,1033,'21116b,"Meat of goat, fresh or chilled (biological)",5539,Producer Price Index (2014-2016 = 100),2013,2013,7021,Annual value,,43.820000,E
BFA,2014-01-01,2014-12-31,233,'854,Burkina Faso,1033,'21116b,"Meat of goat, fresh or chilled (biological)",5539,Producer Price Index (2014-2016 = 100),2014,2014,7021,Annual value,,98.960000,E
BFA,2015-01-01,2015-12-31,233,'854,Burkina Faso,1033,'21116b,"Meat of goat, fresh or chilled (biological)",5539,Producer Price Index (2014-2016 = 100),2015,2015,7021,Annual value,,114.980000,E
BFA,2016-01-01,2016-12-31,233,'854,Burkina Faso,1033,'21116b,"Meat of goat, fresh or chilled (biological)",5539,Producer Price Index (2014-2016 = 100),2016,2016,7021,Annual value,,86.050000,E
BFA,2017-01-01,2017-12-31,233,'854,Burkina Faso,1033,'21116b,"Meat of goat, fresh or chilled (biological)",5539,Producer Price Index (2014-2016 = 100),2017,2017,7021,Annual value,,115.000000,E
BFA,2018-01-01,2018-12-31,233,'854,Burkina Faso,1033,'21116b,"Meat of goat, fresh or chilled (biological)",5539,Producer Price Index (2014-2016 = 100),2018,2018,7021,Annual value,,145.890000,E
BFA,2019-01-01,2019-12-31,233,'854,Burkina Faso,1033,'21116b,"Meat of goat, fresh or chilled (biological)",5539,Producer Price Index (2014-2016 = 100),2019,2019,7021,Annual value,,175.930000,E
BFA,2020-01-01,2020-12-31,233,'854,Burkina Faso,1033,'21116b,"Meat of goat, fresh or chilled (biological)",5539,Producer Price Index (2014-2016 = 100),2020,2020,7021,Annual value,,205.820000,E
BFA,2021-01-01,2021-12-31,233,'854,Burkina Faso,1033,'21116b,"Meat of goat, fresh or chilled (biological)",5539,Producer Price Index (2014-2016 = 100),2021,2021,7021,Annual value,,247.670000,E
BFA,2022-01-01,2022-12-31,233,'854,Burkina Faso,1033,'21116b,"Meat of goat, fresh or chilled (biological)",5539,Producer Price Index (2014-2016 = 100),2022,2022,7021,Annual value,,258.170000,E
BFA,2023-01-01,2023-12-31,233,'854,Burkina Faso,1033,'21116b,"Meat of goat, fresh or chilled (biological)",5539,Producer Price Index (2014-2016 = 100),2023,2023,7021,Annual value,,251.700000,E
BFA,2024-01-01,2024-12-31,233,'854,Burkina Faso,1033,'21116b,"Meat of goat, fresh or chilled (biological)",5539,Producer Price Index (2014-2016 = 100),2024,2024,7021,Annual value,,382.240000,E
BFA,2025-01-01,2025-12-31,233,'854,Burkina Faso,1033,'21116b,"Meat of goat, fresh or chilled (biological)",5539,Producer Price Index (2014-2016 = 100),2025,2025,7021,Annual value,,404.070000,E
BFA,1991-01-01,1991-12-31,233,'854,Burkina Faso,1035,'21113.01,"Meat of pig with the bone, fresh or chilled",5539,Producer Price Index (2014-2016 = 100),1991,1991,7021,Annual value,,48.700000,E
BFA,1992-01-01,1992-12-31,233,'854,Burkina Faso,1035,'21113.01,"Meat of pig with the bone, fresh or chilled",5539,Producer Price Index (2014-2016 = 100),1992,1992,7021,Annual value,,48.810000,E
BFA,1993-01-01,1993-12-31,233,'854,Burkina Faso,1035,'21113.01,"Meat of pig with the bone, fresh or chilled",5539,Producer Price Index (2014-2016 = 100),1993,1993,7021,Annual value,,48.110000,E
BFA,1994-01-01,1994-12-31,233,'854,Burkina Faso,1035,'21113.01,"Meat of pig with the bone, fresh or chilled",5539,Producer Price Index (2014-2016 = 100),1994,1994,7021,Annual value,,55.150000,E
BFA,1995-01-01,1995-12-31,233,'854,Burkina Faso,1035,'21113.01,"Meat of pig with the bone, fresh or chilled",5539,Producer Price Index (2014-2016 = 100),1995,1995,7021,Annual value,,58.890000,E
BFA,1996-01-01,1996-12-31,233,'854,Burkina Faso,1035,'21113.01,"Meat of pig with the bone, fresh or chilled",5539,Producer Price Index (2014-2016 = 100),1996,1996,7021,Annual value,,59.090000,E
BFA,1997-01-01,1997-12-31,233,'854,Burkina Faso,1035,'21113.01,"Meat of pig with the bone, fresh or chilled",5539,Producer Price Index (2014-2016 = 100),1997,1997,7021,Annual value,,60.010000,E
BFA,1998-01-01,1998-12-31,233,'854,Burkina Faso,1035,'21113.01,"Meat of pig with the bone, fresh or chilled",5539,Producer Price Index (2014-2016 = 100),1998,1998,7021,Annual value,,64.780000,E
BFA,1999-01-01,1999-12-31,233,'854,Burkina Faso,1035,'21113.01,"Meat of pig with the bone, fresh or chilled",5539,Producer Price Index (2014-2016 = 100),1999,1999,7021,Annual value,,67.650000,E
BFA,2000-01-01,2000-12-31,233,'854,Burkina Faso,1035,'21113.01,"Meat of pig with the bone, fresh or chilled",5539,Producer Price Index (2014-2016 = 100),2000,2000,7021,Annual value,,66.520000,E
BFA,2001-01-01,2001-12-31,233,'854,Burkina Faso,1035,'21113.01,"Meat of pig with the bone, fresh or chilled",5539,Producer Price Index (2014-2016 = 100),2001,2001,7021,Annual value,,69.190000,E
BFA,2002-01-01,2002-12-31,233,'854,Burkina Faso,1035,'21113.01,"Meat of pig with the bone, fresh or chilled",5539,Producer Price Index (2014-2016 = 100),2002,2002,7021,Annual value,,73.480000,E
BFA,2003-01-01,2003-12-31,233,'854,Burkina Faso,1035,'21113.01,"Meat of pig with the bone, fresh or chilled",5539,Producer Price Index (2014-2016 = 100),2003,2003,7021,Annual value,,77.320000,E
BFA,2004-01-01,2004-12-31,233,'854,Burkina Faso,1035,'21113.01,"Meat of pig with the bone, fresh or chilled",5539,Producer Price Index (2014-2016 = 100),2004,2004,7021,Annual value,,72.330000,E
BFA,2005-01-01,2005-12-31,233,'854,Burkina Faso,1035,'21113.01,"Meat of pig with the bone, fresh or chilled",5539,Producer Price Index (2014-2016 = 100),2005,2005,7021,Annual value,,90.390000,E
BFA,2006-01-01,2006-12-31,233,'854,Burkina Faso,1035,'21113.01,"Meat of pig with the bone, fresh or chilled",5539,Producer Price Index (2014-2016 = 100),2006,2006,7021,Annual value,,92.090000,E
BFA,2007-01-01,2007-12-31,233,'854,Burkina Faso,1035,'21113.01,"Meat of pig with the bone, fresh or chilled",5539,Producer Price Index (2014-2016 = 100),2007,2007,7021,Annual value,,93.430000,E
BFA,2008-01-01,2008-12-31,233,'854,Burkina Faso,1035,'21113.01,"Meat of pig with the bone, fresh or chilled",5539,Producer Price Index (2014-2016 = 100),2008,2008,7021,Annual value,,92.910000,E
BFA,2009-01-01,2009-12-31,233,'854,Burkina Faso,1035,'21113.01,"Meat of pig with the bone, fresh or chilled",5539,Producer Price Index (2014-2016 = 100),2009,2009,7021,Annual value,,94.260000,E
BFA,2010-01-01,2010-12-31,233,'854,Burkina Faso,1035,'21113.01,"Meat of pig with the bone, fresh or chilled",5539,Producer Price Index (2014-2016 = 100),2010,2010,7021,Annual value,,95.520000,E
BFA,2011-01-01,2011-12-31,233,'854,Burkina Faso,1035,'21113.01,"Meat of pig with the bone, fresh or chilled",5539,Producer Price Index (2014-2016 = 100),2011,2011,7021,Annual value,,96.670000,E
BFA,2012-01-01,2012-12-31,233,'854,Burkina Faso,1035,'21113.01,"Meat of pig with the bone, fresh or chilled",5539,Producer Price Index (2014-2016 = 100),2012,2012,7021,Annual value,,97.750000,E
BFA,2013-01-01,2013-12-31,233,'854,Burkina Faso,1035,'21113.01,"Meat of pig with the bone, fresh or chilled",5539,Producer Price Index (2014-2016 = 100),2013,2013,7021,Annual value,,98.030000,E
BFA,2014-01-01,2014-12-31,233,'854,Burkina Faso,1035,'21113.01,"Meat of pig with the bone, fresh or chilled",5539,Producer Price Index (2014-2016 = 100),2014,2014,7021,Annual value,,98.850000,E
BFA,2015-01-01,2015-12-31,233,'854,Burkina Faso,1035,'21113.01,"Meat of pig with the bone, fresh or chilled",5539,Producer Price Index (2014-2016 = 100),2015,2015,7021,Annual value,,100.290000,E
BFA,2016-01-01,2016-12-31,233,'854,Burkina Faso,1035,'21113.01,"Meat of pig with the bone, fresh or chilled",5539,Producer Price Index (2014-2016 = 100),2016,2016,7021,Annual value,,100.860000,E
BFA,2017-01-01,2017-12-31,233,'854,Burkina Faso,1035,'21113.01,"Meat of pig with the bone, fresh or chilled",5539,Producer Price Index (2014-2016 = 100),2017,2017,7021,Annual value,,101.390000,E
BFA,2018-01-01,2018-12-31,233,'854,Burkina Faso,1035,'21113.01,"Meat of pig with the bone, fresh or chilled",5539,Producer Price Index (2014-2016 = 100),2018,2018,7021,Annual value,,101.880000,E
BFA,2019-01-01,2019-12-31,233,'854,Burkina Faso,1035,'21113.01,"Meat of pig with the bone, fresh or chilled",5539,Producer Price Index (2014-2016 = 100),2019,2019,7021,Annual value,,102.350000,E
BFA,2020-01-01,2020-12-31,233,'854,Burkina Faso,1035,'21113.01,"Meat of pig with the bone, fresh or chilled",5539,Producer Price Index (2014-2016 = 100),2020,2020,7021,Annual value,,102.800000,E
BFA,2021-01-01,2021-12-31,233,'854,Burkina Faso,1035,'21113.01,"Meat of pig with the bone, fresh or chilled",5539,Producer Price Index (2014-2016 = 100),2021,2021,7021,Annual value,,102.400000,E
BFA,2022-01-01,2022-12-31,233,'854,Burkina Faso,1035,'21113.01,"Meat of pig with the bone, fresh or chilled",5539,Producer Price Index (2014-2016 = 100),2022,2022,7021,Annual value,,103.220000,E
BFA,2023-01-01,2023-12-31,233,'854,Burkina Faso,1035,'21113.01,"Meat of pig with the bone, fresh or chilled",5539,Producer Price Index (2014-2016 = 100),2023,2023,7021,Annual value,,99.890000,E
BFA,2024-01-01,2024-12-31,233,'854,Burkina Faso,1035,'21113.01,"Meat of pig with the bone, fresh or chilled",5539,Producer Price Index (2014-2016 = 100),2024,2024,7021,Annual value,,104.980000,E
BFA,2025-01-01,2025-12-31,233,'854,Burkina Faso,1035,'21113.01,"Meat of pig with the bone, fresh or chilled",5539,Producer Price Index (2014-2016 = 100),2025,2025,7021,Annual value,,100.820000,E
BFA,2002-01-01,2002-12-31,233,'854,Burkina Faso,1056,'21113.01b,"Meat of pig with the bone, fresh or chilled (biological)",5530,Producer Price (LCU/tonne),2002,2002,7021,Annual value,LCU,111806.900000,A
BFA,2003-01-01,2003-12-31,233,'854,Burkina Faso,1056,'21113.01b,"Meat of pig with the bone, fresh or chilled (biological)",5530,Producer Price (LCU/tonne),2003,2003,7021,Annual value,LCU,117642.900000,A
BFA,2004-01-01,2004-12-31,233,'854,Burkina Faso,1056,'21113.01b,"Meat of pig with the bone, fresh or chilled (biological)",5530,Producer Price (LCU/tonne),2004,2004,7021,Annual value,LCU,110052.700000,A
BFA,2005-01-01,2005-12-31,233,'854,Burkina Faso,1056,'21113.01b,"Meat of pig with the bone, fresh or chilled (biological)",5530,Producer Price (LCU/tonne),2005,2005,7021,Annual value,LCU,137533.300000,A
BFA,2006-01-01,2006-12-31,233,'854,Burkina Faso,1056,'21113.01b,"Meat of pig with the bone, fresh or chilled (biological)",5530,Producer Price (LCU/tonne),2006,2006,7021,Annual value,LCU,140117.500000,A
BFA,2009-01-01,2009-12-31,233,'854,Burkina Faso,1056,'21113.01b,"Meat of pig with the bone, fresh or chilled (biological)",5530,Producer Price (LCU/tonne),2009,2009,7021,Annual value,LCU,146227.600000,A
BFA,2002-01-01,2002-12-31,233,'854,Burkina Faso,1056,'21113.01b,"Meat of pig with the bone, fresh or chilled (biological)",5531,Producer Price (SLC/tonne),2002,2002,7021,Annual value,SLC,111806.900000,A
BFA,2003-01-01,2003-12-31,233,'854,Burkina Faso,1056,'21113.01b,"Meat of pig with the bone, fresh or chilled (biological)",5531,Producer Price (SLC/tonne),2003,2003,7021,Annual value,SLC,117642.900000,A
BFA,2004-01-01,2004-12-31,233,'854,Burkina Faso,1056,'21113.01b,"Meat of pig with the bone, fresh or chilled (biological)",5531,Producer Price (SLC/tonne),2004,2004,7021,Annual value,SLC,110052.700000,A
BFA,2005-01-01,2005-12-31,233,'854,Burkina Faso,1056,'21113.01b,"Meat of pig with the bone, fresh or chilled (biological)",5531,Producer Price (SLC/tonne),2005,2005,7021,Annual value,SLC,137533.300000,A
BFA,2006-01-01,2006-12-31,233,'854,Burkina Faso,1056,'21113.01b,"Meat of pig with the bone, fresh or chilled (biological)",5531,Producer Price (SLC/tonne),2006,2006,7021,Annual value,SLC,140117.500000,A
BFA,2009-01-01,2009-12-31,233,'854,Burkina Faso,1056,'21113.01b,"Meat of pig with the bone, fresh or chilled (biological)",5531,Producer Price (SLC/tonne),2009,2009,7021,Annual value,SLC,146227.600000,A
BFA,2002-01-01,2002-12-31,233,'854,Burkina Faso,1056,'21113.01b,"Meat of pig with the bone, fresh or chilled (biological)",5532,Producer Price (USD/tonne),2002,2002,7021,Annual value,USD,160.400000,A
BFA,2003-01-01,2003-12-31,233,'854,Burkina Faso,1056,'21113.01b,"Meat of pig with the bone, fresh or chilled (biological)",5532,Producer Price (USD/tonne),2003,2003,7021,Annual value,USD,202.400000,A
BFA,2004-01-01,2004-12-31,233,'854,Burkina Faso,1056,'21113.01b,"Meat of pig with the bone, fresh or chilled (biological)",5532,Producer Price (USD/tonne),2004,2004,7021,Annual value,USD,208.300000,A
BFA,2005-01-01,2005-12-31,233,'854,Burkina Faso,1056,'21113.01b,"Meat of pig with the bone, fresh or chilled (biological)",5532,Producer Price (USD/tonne),2005,2005,7021,Annual value,USD,260.700000,A
BFA,2006-01-01,2006-12-31,233,'854,Burkina Faso,1056,'21113.01b,"Meat of pig with the bone, fresh or chilled (biological)",5532,Producer Price (USD/tonne),2006,2006,7021,Annual value,USD,268.000000,A
BFA,2009-01-01,2009-12-31,233,'854,Burkina Faso,1056,'21113.01b,"Meat of pig with the bone, fresh or chilled (biological)",5532,Producer Price (USD/tonne),2009,2009,7021,Annual value,USD,309.700000,A
BFA,1991-01-01,1991-12-31,233,'854,Burkina Faso,1056,'21113.01b,"Meat of pig with the bone, fresh or chilled (biological)",5539,Producer Price Index (2014-2016 = 100),1991,1991,7021,Annual value,,48.590000,E
BFA,1992-01-01,1992-12-31,233,'854,Burkina Faso,1056,'21113.01b,"Meat of pig with the bone, fresh or chilled (biological)",5539,Producer Price Index (2014-2016 = 100),1992,1992,7021,Annual value,,48.700000,E
BFA,1993-01-01,1993-12-31,233,'854,Burkina Faso,1056,'21113.01b,"Meat of pig with the bone, fresh or chilled (biological)",5539,Producer Price Index (2014-2016 = 100),1993,1993,7021,Annual value,,48.000000,E
BFA,1994-01-01,1994-12-31,233,'854,Burkina Faso,1056,'21113.01b,"Meat of pig with the bone, fresh or chilled (biological)",5539,Producer Price Index (2014-2016 = 100),1994,1994,7021,Annual value,,55.020000,E
BFA,1995-01-01,1995-12-31,233,'854,Burkina Faso,1056,'21113.01b,"Meat of pig with the bone, fresh or chilled (biological)",5539,Producer Price Index (2014-2016 = 100),1995,1995,7021,Annual value,,58.750000,E
BFA,1996-01-01,1996-12-31,233,'854,Burkina Faso,1056,'21113.01b,"Meat of pig with the bone, fresh or chilled (biological)",5539,Producer Price Index (2014-2016 = 100),1996,1996,7021,Annual value,,58.950000,E
BFA,1997-01-01,1997-12-31,233,'854,Burkina Faso,1056,'21113.01b,"Meat of pig with the bone, fresh or chilled (biological)",5539,Producer Price Index (2014-2016 = 100),1997,1997,7021,Annual value,,59.870000,E
BFA,1998-01-01,1998-12-31,233,'854,Burkina Faso,1056,'21113.01b,"Meat of pig with the bone, fresh or chilled (biological)",5539,Producer Price Index (2014-2016 = 100),1998,1998,7021,Annual value,,64.620000,E
BFA,1999-01-01,1999-12-31,233,'854,Burkina Faso,1056,'21113.01b,"Meat of pig with the bone, fresh or chilled (biological)",5539,Producer Price Index (2014-2016 = 100),1999,1999,7021,Annual value,,67.490000,E
BFA,2000-01-01,2000-12-31,233,'854,Burkina Faso,1056,'21113.01b,"Meat of pig with the bone, fresh or chilled (biological)",5539,Producer Price Index (2014-2016 = 100),2000,2000,7021,Annual value,,66.370000,E
BFA,2001-01-01,2001-12-31,233,'854,Burkina Faso,1056,'21113.01b,"Meat of pig with the bone, fresh or chilled (biological)",5539,Producer Price Index (2014-2016 = 100),2001,2001,7021,Annual value,,69.030000,E
BFA,2002-01-01,2002-12-31,233,'854,Burkina Faso,1056,'21113.01b,"Meat of pig with the bone, fresh or chilled (biological)",5539,Producer Price Index (2014-2016 = 100),2002,2002,7021,Annual value,,73.310000,E
BFA,2003-01-01,2003-12-31,233,'854,Burkina Faso,1056,'21113.01b,"Meat of pig with the bone, fresh or chilled (biological)",5539,Producer Price Index (2014-2016 = 100),2003,2003,7021,Annual value,,77.140000,E
BFA,2004-01-01,2004-12-31,233,'854,Burkina Faso,1056,'21113.01b,"Meat of pig with the bone, fresh or chilled (biological)",5539,Producer Price Index (2014-2016 = 100),2004,2004,7021,Annual value,,72.160000,E
BFA,2005-01-01,2005-12-31,233,'854,Burkina Faso,1056,'21113.01b,"Meat of pig with the bone, fresh or chilled (biological)",5539,Producer Price Index (2014-2016 = 100),2005,2005,7021,Annual value,,90.180000,E
BFA,2006-01-01,2006-12-31,233,'854,Burkina Faso,1056,'21113.01b,"Meat of pig with the bone, fresh or chilled (biological)",5539,Producer Price Index (2014-2016 = 100),2006,2006,7021,Annual value,,91.870000,E
BFA,2007-01-01,2007-12-31,233,'854,Burkina Faso,1056,'21113.01b,"Meat of pig with the bone, fresh or chilled (biological)",5539,Producer Price Index (2014-2016 = 100),2007,2007,7021,Annual value,,93.210000,E
BFA,2008-01-01,2008-12-31,233,'854,Burkina Faso,1056,'21113.01b,"Meat of pig with the bone, fresh or chilled (biological)",5539,Producer Price Index (2014-2016 = 100),2008,2008,7021,Annual value,,93.450000,E
BFA,2009-01-01,2009-12-31,233,'854,Burkina Faso,1056,'21113.01b,"Meat of pig with the bone, fresh or chilled (biological)",5539,Producer Price Index (2014-2016 = 100),2009,2009,7021,Annual value,,95.880000,E
BFA,2010-01-01,2010-12-31,233,'854,Burkina Faso,1056,'21113.01b,"Meat of pig with the bone, fresh or chilled (biological)",5539,Producer Price Index (2014-2016 = 100),2010,2010,7021,Annual value,,96.040000,E
BFA,2011-01-01,2011-12-31,233,'854,Burkina Faso,1056,'21113.01b,"Meat of pig with the bone, fresh or chilled (biological)",5539,Producer Price Index (2014-2016 = 100),2011,2011,7021,Annual value,,97.090000,E
BFA,2012-01-01,2012-12-31,233,'854,Burkina Faso,1056,'21113.01b,"Meat of pig with the bone, fresh or chilled (biological)",5539,Producer Price Index (2014-2016 = 100),2012,2012,7021,Annual value,,98.090000,E
BFA,2013-01-01,2013-12-31,233,'854,Burkina Faso,1056,'21113.01b,"Meat of pig with the bone, fresh or chilled (biological)",5539,Producer Price Index (2014-2016 = 100),2013,2013,7021,Annual value,,99.050000,E
BFA,2014-01-01,2014-12-31,233,'854,Burkina Faso,1056,'21113.01b,"Meat of pig with the bone, fresh or chilled (biological)",5539,Producer Price Index (2014-2016 = 100),2014,2014,7021,Annual value,,99.110000,E
BFA,2015-01-01,2015-12-31,233,'854,Burkina Faso,1056,'21113.01b,"Meat of pig with the bone, fresh or chilled (biological)",5539,Producer Price Index (2014-2016 = 100),2015,2015,7021,Annual value,,99.800000,E
BFA,2016-01-01,2016-12-31,233,'854,Burkina Faso,1056,'21113.01b,"Meat of pig with the bone, fresh or chilled (biological)",5539,Producer Price Index (2014-2016 = 100),2016,2016,7021,Annual value,,101.100000,E
BFA,2017-01-01,2017-12-31,233,'854,Burkina Faso,1056,'21113.01b,"Meat of pig with the bone, fresh or chilled (biological)",5539,Producer Price Index (2014-2016 = 100),2017,2017,7021,Annual value,,101.540000,E
BFA,2018-01-01,2018-12-31,233,'854,Burkina Faso,1056,'21113.01b,"Meat of pig with the bone, fresh or chilled (biological)",5539,Producer Price Index (2014-2016 = 100),2018,2018,7021,Annual value,,101.950000,E
BFA,2019-01-01,2019-12-31,233,'854,Burkina Faso,1056,'21113.01b,"Meat of pig with the bone, fresh or chilled (biological)",5539,Producer Price Index (2014-2016 = 100),2019,2019,7021,Annual value,,102.320000,E
BFA,2020-01-01,2020-12-31,233,'854,Burkina Faso,1056,'21113.01b,"Meat of pig with the bone, fresh or chilled (biological)",5539,Producer Price Index (2014-2016 = 100),2020,2020,7021,Annual value,,102.560000,E
BFA,2021-01-01,2021-12-31,233,'854,Burkina Faso,1056,'21113.01b,"Meat of pig with the bone, fresh or chilled (biological)",5539,Producer Price Index (2014-2016 = 100),2021,2021,7021,Annual value,,102.160000,E
BFA,2022-01-01,2022-12-31,233,'854,Burkina Faso,1056,'21113.01b,"Meat of pig with the bone, fresh or chilled (biological)",5539,Producer Price Index (2014-2016 = 100),2022,2022,7021,Annual value,,102.980000,E
BFA,2023-01-01,2023-12-31,233,'854,Burkina Faso,1056,'21113.01b,"Meat of pig with the bone, fresh or chilled (biological)",5539,Producer Price Index (2014-2016 = 100),2023,2023,7021,Annual value,,99.680000,E
BFA,2024-01-01,2024-12-31,233,'854,Burkina Faso,1056,'21113.01b,"Meat of pig with the bone, fresh or chilled (biological)",5539,Producer Price Index (2014-2016 = 100),2024,2024,7021,Annual value,,104.480000,E
BFA,2025-01-01,2025-12-31,233,'854,Burkina Faso,1056,'21113.01b,"Meat of pig with the bone, fresh or chilled (biological)",5539,Producer Price Index (2014-2016 = 100),2025,2025,7021,Annual value,,100.580000,E
BFA,1991-01-01,1991-12-31,233,'854,Burkina Faso,977,'21115,"Meat of sheep, fresh or chilled",5539,Producer Price Index (2014-2016 = 100),1991,1991,7021,Annual value,,38.800000,E
BFA,1992-01-01,1992-12-31,233,'854,Burkina Faso,977,'21115,"Meat of sheep, fresh or chilled",5539,Producer Price Index (2014-2016 = 100),1992,1992,7021,Annual value,,38.890000,E
BFA,1993-01-01,1993-12-31,233,'854,Burkina Faso,977,'21115,"Meat of sheep, fresh or chilled",5539,Producer Price Index (2014-2016 = 100),1993,1993,7021,Annual value,,38.330000,E
BFA,1994-01-01,1994-12-31,233,'854,Burkina Faso,977,'21115,"Meat of sheep, fresh or chilled",5539,Producer Price Index (2014-2016 = 100),1994,1994,7021,Annual value,,43.940000,E
BFA,1995-01-01,1995-12-31,233,'854,Burkina Faso,977,'21115,"Meat of sheep, fresh or chilled",5539,Producer Price Index (2014-2016 = 100),1995,1995,7021,Annual value,,46.920000,E
BFA,1996-01-01,1996-12-31,233,'854,Burkina Faso,977,'21115,"Meat of sheep, fresh or chilled",5539,Producer Price Index (2014-2016 = 100),1996,1996,7021,Annual value,,47.080000,E
BFA,1997-01-01,1997-12-31,233,'854,Burkina Faso,977,'21115,"Meat of sheep, fresh or chilled",5539,Producer Price Index (2014-2016 = 100),1997,1997,7021,Annual value,,47.810000,E
BFA,1998-01-01,1998-12-31,233,'854,Burkina Faso,977,'21115,"Meat of sheep, fresh or chilled",5539,Producer Price Index (2014-2016 = 100),1998,1998,7021,Annual value,,51.610000,E
BFA,1999-01-01,1999-12-31,233,'854,Burkina Faso,977,'21115,"Meat of sheep, fresh or chilled",5539,Producer Price Index (2014-2016 = 100),1999,1999,7021,Annual value,,53.900000,E
BFA,2000-01-01,2000-12-31,233,'854,Burkina Faso,977,'21115,"Meat of sheep, fresh or chilled",5539,Producer Price Index (2014-2016 = 100),2000,2000,7021,Annual value,,62.610000,E
BFA,2001-01-01,2001-12-31,233,'854,Burkina Faso,977,'21115,"Meat of sheep, fresh or chilled",5539,Producer Price Index (2014-2016 = 100),2001,2001,7021,Annual value,,73.240000,E
BFA,2002-01-01,2002-12-31,233,'854,Burkina Faso,977,'21115,"Meat of sheep, fresh or chilled",5539,Producer Price Index (2014-2016 = 100),2002,2002,7021,Annual value,,63.700000,E
BFA,2003-01-01,2003-12-31,233,'854,Burkina Faso,977,'21115,"Meat of sheep, fresh or chilled",5539,Producer Price Index (2014-2016 = 100),2003,2003,7021,Annual value,,55.390000,E
BFA,2004-01-01,2004-12-31,233,'854,Burkina Faso,977,'21115,"Meat of sheep, fresh or chilled",5539,Producer Price Index (2014-2016 = 100),2004,2004,7021,Annual value,,60.980000,E
BFA,2005-01-01,2005-12-31,233,'854,Burkina Faso,977,'21115,"Meat of sheep, fresh or chilled",5539,Producer Price Index (2014-2016 = 100),2005,2005,7021,Annual value,,71.460000,E
BFA,2006-01-01,2006-12-31,233,'854,Burkina Faso,977,'21115,"Meat of sheep, fresh or chilled",5539,Producer Price Index (2014-2016 = 100),2006,2006,7021,Annual value,,70.030000,E
BFA,2007-01-01,2007-12-31,233,'854,Burkina Faso,977,'21115,"Meat of sheep, fresh or chilled",5539,Producer Price Index (2014-2016 = 100),2007,2007,7021,Annual value,,87.110000,E
BFA,2008-01-01,2008-12-31,233,'854,Burkina Faso,977,'21115,"Meat of sheep, fresh or chilled",5539,Producer Price Index (2014-2016 = 100),2008,2008,7021,Annual value,,88.800000,E
BFA,2009-01-01,2009-12-31,233,'854,Burkina Faso,977,'21115,"Meat of sheep, fresh or chilled",5539,Producer Price Index (2014-2016 = 100),2009,2009,7021,Annual value,,94.830000,E
BFA,2010-01-01,2010-12-31,233,'854,Burkina Faso,977,'21115,"Meat of sheep, fresh or chilled",5539,Producer Price Index (2014-2016 = 100),2010,2010,7021,Annual value,,100.330000,E
BFA,2011-01-01,2011-12-31,233,'854,Burkina Faso,977,'21115,"Meat of sheep, fresh or chilled",5539,Producer Price Index (2014-2016 = 100),2011,2011,7021,Annual value,,105.320000,E
BFA,2012-01-01,2012-12-31,233,'854,Burkina Faso,977,'21115,"Meat of sheep, fresh or chilled",5539,Producer Price Index (2014-2016 = 100),2012,2012,7021,Annual value,,109.880000,E
BFA,2013-01-01,2013-12-31,233,'854,Burkina Faso,977,'21115,"Meat of sheep, fresh or chilled",5539,Producer Price Index (2014-2016 = 100),2013,2013,7021,Annual value,,96.840000,E
BFA,2014-01-01,2014-12-31,233,'854,Burkina Faso,977,'21115,"Meat of sheep, fresh or chilled",5539,Producer Price Index (2014-2016 = 100),2014,2014,7021,Annual value,,97.870000,E
BFA,2015-01-01,2015-12-31,233,'854,Burkina Faso,977,'21115,"Meat of sheep, fresh or chilled",5539,Producer Price Index (2014-2016 = 100),2015,2015,7021,Annual value,,101.090000,E
BFA,2016-01-01,2016-12-31,233,'854,Burkina Faso,977,'21115,"Meat of sheep, fresh or chilled",5539,Producer Price Index (2014-2016 = 100),2016,2016,7021,Annual value,,101.040000,E
BFA,2017-01-01,2017-12-31,233,'854,Burkina Faso,977,'21115,"Meat of sheep, fresh or chilled",5539,Producer Price Index (2014-2016 = 100),2017,2017,7021,Annual value,,100.950000,E
BFA,2018-01-01,2018-12-31,233,'854,Burkina Faso,977,'21115,"Meat of sheep, fresh or chilled",5539,Producer Price Index (2014-2016 = 100),2018,2018,7021,Annual value,,100.900000,E
BFA,2019-01-01,2019-12-31,233,'854,Burkina Faso,977,'21115,"Meat of sheep, fresh or chilled",5539,Producer Price Index (2014-2016 = 100),2019,2019,7021,Annual value,,100.970000,E
BFA,2020-01-01,2020-12-31,233,'854,Burkina Faso,977,'21115,"Meat of sheep, fresh or chilled",5539,Producer Price Index (2014-2016 = 100),2020,2020,7021,Annual value,,102.240000,E
BFA,2021-01-01,2021-12-31,233,'854,Burkina Faso,977,'21115,"Meat of sheep, fresh or chilled",5539,Producer Price Index (2014-2016 = 100),2021,2021,7021,Annual value,,101.220000,E
BFA,2022-01-01,2022-12-31,233,'854,Burkina Faso,977,'21115,"Meat of sheep, fresh or chilled",5539,Producer Price Index (2014-2016 = 100),2022,2022,7021,Annual value,,100.710000,E
BFA,2023-01-01,2023-12-31,233,'854,Burkina Faso,977,'21115,"Meat of sheep, fresh or chilled",5539,Producer Price Index (2014-2016 = 100),2023,2023,7021,Annual value,,99.440000,E
BFA,2024-01-01,2024-12-31,233,'854,Burkina Faso,977,'21115,"Meat of sheep, fresh or chilled",5539,Producer Price Index (2014-2016 = 100),2024,2024,7021,Annual value,,102.540000,E
BFA,2025-01-01,2025-12-31,233,'854,Burkina Faso,977,'21115,"Meat of sheep, fresh or chilled",5539,Producer Price Index (2014-2016 = 100),2025,2025,7021,Annual value,,101.600000,E
BFA,1999-01-01,1999-12-31,233,'854,Burkina Faso,1013,'21115b,"Meat of sheep, fresh or chilled (biological)",5530,Producer Price (LCU/tonne),1999,1999,7021,Annual value,LCU,313080.800000,A
BFA,2000-01-01,2000-12-31,233,'854,Burkina Faso,1013,'21115b,"Meat of sheep, fresh or chilled (biological)",5530,Producer Price (LCU/tonne),2000,2000,7021,Annual value,LCU,363676.800000,A
BFA,2001-01-01,2001-12-31,233,'854,Burkina Faso,1013,'21115b,"Meat of sheep, fresh or chilled (biological)",5530,Producer Price (LCU/tonne),2001,2001,7021,Annual value,LCU,425453.700000,A
BFA,2002-01-01,2002-12-31,233,'854,Burkina Faso,1013,'21115b,"Meat of sheep, fresh or chilled (biological)",5530,Producer Price (LCU/tonne),2002,2002,7021,Annual value,LCU,370006.300000,A
BFA,2003-01-01,2003-12-31,233,'854,Burkina Faso,1013,'21115b,"Meat of sheep, fresh or chilled (biological)",5530,Producer Price (LCU/tonne),2003,2003,7021,Annual value,LCU,321729.900000,A
BFA,2004-01-01,2004-12-31,233,'854,Burkina Faso,1013,'21115b,"Meat of sheep, fresh or chilled (biological)",5530,Producer Price (LCU/tonne),2004,2004,7021,Annual value,LCU,354201.100000,A
BFA,2005-01-01,2005-12-31,233,'854,Burkina Faso,1013,'21115b,"Meat of sheep, fresh or chilled (biological)",5530,Producer Price (LCU/tonne),2005,2005,7021,Annual value,LCU,415067.200000,A
BFA,2006-01-01,2006-12-31,233,'854,Burkina Faso,1013,'21115b,"Meat of sheep, fresh or chilled (biological)",5530,Producer Price (LCU/tonne),2006,2006,7021,Annual value,LCU,406763.900000,A
BFA,2007-01-01,2007-12-31,233,'854,Burkina Faso,1013,'21115b,"Meat of sheep, fresh or chilled (biological)",5530,Producer Price (LCU/tonne),2007,2007,7021,Annual value,LCU,506001.900000,A
BFA,2009-01-01,2009-12-31,233,'854,Burkina Faso,1013,'21115b,"Meat of sheep, fresh or chilled (biological)",5530,Producer Price (LCU/tonne),2009,2009,7021,Annual value,LCU,563354.100000,A
BFA,2017-01-01,2017-01-31,233,'854,Burkina Faso,1013,'21115b,"Meat of sheep, fresh or chilled (biological)",5530,Producer Price (LCU/tonne),2017,2017,7001,January,LCU,18050.000000,A
BFA,2017-02-01,2017-02-28,233,'854,Burkina Faso,1013,'21115b,"Meat of sheep, fresh or chilled (biological)",5530,Producer Price (LCU/tonne),2017,2017,7002,February,LCU,18473.000000,A
BFA,2017-03-01,2017-03-31,233,'854,Burkina Faso,1013,'21115b,"Meat of sheep, fresh or chilled (biological)",5530,Producer Price (LCU/tonne),2017,2017,7003,March,LCU,18874.000000,A
BFA,2017-04-01,2017-04-30,233,'854,Burkina Faso,1013,'21115b,"Meat of sheep, fresh or chilled (biological)",5530,Producer Price (LCU/tonne),2017,2017,7004,April,LCU,19276.000000,A
BFA,2017-05-01,2017-05-31,233,'854,Burkina Faso,1013,'21115b,"Meat of sheep, fresh or chilled (biological)",5530,Producer Price (LCU/tonne),2017,2017,7005,May,LCU,19656.000000,A
BFA,2017-06-01,2017-06-30,233,'854,Burkina Faso,1013,'21115b,"Meat of sheep, fresh or chilled (biological)",5530,Producer Price (LCU/tonne),2017,2017,7006,June,LCU,20238.000000,A
BFA,2017-07-01,2017-07-31,233,'854,Burkina Faso,1013,'21115b,"Meat of sheep, fresh or chilled (biological)",5530,Producer Price (LCU/tonne),2017,2017,7007,July,LCU,20780.000000,A
BFA,2017-08-01,2017-08-31,233,'854,Burkina Faso,1013,'21115b,"Meat of sheep, fresh or chilled (biological)",5530,Producer Price (LCU/tonne),2017,2017,7008,August,LCU,21861.000000,A
BFA,2017-09-01,2017-09-30,233,'854,Burkina Faso,1013,'21115b,"Meat of sheep, fresh or chilled (biological)",5530,Producer Price (LCU/tonne),2017,2017,7009,September,LCU,21838.000000,A
BFA,2017-10-01,2017-10-31,233,'854,Burkina Faso,1013,'21115b,"Meat of sheep, fresh or chilled (biological)",5530,Producer Price (LCU/tonne),2017,2017,7010,October,LCU,21776.000000,A
BFA,2017-11-01,2017-11-30,233,'854,Burkina Faso,1013,'21115b,"Meat of sheep, fresh or chilled (biological)",5530,Producer Price (LCU/tonne),2017,2017,7011,November,LCU,21685.000000,A
BFA,2017-12-01,2017-12-31,233,'854,Burkina Faso,1013,'21115b,"Meat of sheep, fresh or chilled (biological)",5530,Producer Price (LCU/tonne),2017,2017,7012,December,LCU,21776.000000,A
BFA,2020-01-01,2020-12-31,233,'854,Burkina Faso,1013,'21115b,"Meat of sheep, fresh or chilled (biological)",5530,Producer Price (LCU/tonne),2020,2020,7021,Annual value,LCU,2851700.000000,A
BFA,2021-01-01,2021-12-31,233,'854,Burkina Faso,1013,'21115b,"Meat of sheep, fresh or chilled (biological)",5530,Producer Price (LCU/tonne),2021,2021,7021,Annual value,LCU,5486300.000000,A
BFA,2022-01-01,2022-12-31,233,'854,Burkina Faso,1013,'21115b,"Meat of sheep, fresh or chilled (biological)",5530,Producer Price (LCU/tonne),2022,2022,7021,Annual value,LCU,5806600.000000,A
BFA,2022-01-01,2022-01-31,233,'854,Burkina Faso,1013,'21115b,"Meat of sheep, fresh or chilled (biological)",5530,Producer Price (LCU/tonne),2022,2022,7001,January,LCU,6185714.300000,A
BFA,2022-02-01,2022-02-28,233,'854,Burkina Faso,1013,'21115b,"Meat of sheep, fresh or chilled (biological)",5530,Producer Price (LCU/tonne),2022,2022,7002,February,LCU,5662500.000000,A
BFA,2022-03-01,2022-03-31,233,'854,Burkina Faso,1013,'21115b,"Meat of sheep, fresh or chilled (biological)",5530,Producer Price (LCU/tonne),2022,2022,7003,March,LCU,5915217.400000,A
BFA,2022-04-01,2022-04-30,233,'854,Burkina Faso,1013,'21115b,"Meat of sheep, fresh or chilled (biological)",5530,Producer Price (LCU/tonne),2022,2022,7004,April,LCU,5939772.700000,A
BFA,2022-05-01,2022-05-31,233,'854,Burkina Faso,1013,'21115b,"Meat of sheep, fresh or chilled (biological)",5530,Producer Price (LCU/tonne),2022,2022,7005,May,LCU,6301515.200000,A
BFA,2022-06-01,2022-06-30,233,'854,Burkina Faso,1013,'21115b,"Meat of sheep, fresh or chilled (biological)",5530,Producer Price (LCU/tonne),2022,2022,7006,June,LCU,6598076.900000,A
BFA,2022-07-01,2022-07-31,233,'854,Burkina Faso,1013,'21115b,"Meat of sheep, fresh or chilled (biological)",5530,Producer Price (LCU/tonne),2022,2022,7007,July,LCU,6218055.600000,A
BFA,2022-08-01,2022-08-31,233,'854,Burkina Faso,1013,'21115b,"Meat of sheep, fresh or chilled (biological)",5530,Producer Price (LCU/tonne),2022,2022,7008,August,LCU,5123684.200000,A
BFA,2022-09-01,2022-09-30,233,'854,Burkina Faso,1013,'21115b,"Meat of sheep, fresh or chilled (biological)",5530,Producer Price (LCU/tonne),2022,2022,7009,September,LCU,4806250.000000,A
BFA,2022-10-01,2022-10-31,233,'854,Burkina Faso,1013,'21115b,"Meat of sheep, fresh or chilled (biological)",5530,Producer Price (LCU/tonne),2022,2022,7010,October,LCU,5325806.500000,A
BFA,2022-11-01,2022-11-30,233,'854,Burkina Faso,1013,'21115b,"Meat of sheep, fresh or chilled (biological)",5530,Producer Price (LCU/tonne),2022,2022,7011,November,LCU,5162903.200000,A
BFA,2022-12-01,2022-12-31,233,'854,Burkina Faso,1013,'21115b,"Meat of sheep, fresh or chilled (biological)",5530,Producer Price (LCU/tonne),2022,2022,7012,December,LCU,5778125.000000,A
BFA,2023-01-01,2023-01-31,233,'854,Burkina Faso,1013,'21115b,"Meat of sheep, fresh or chilled (biological)",5530,Producer Price (LCU/tonne),2023,2023,7001,January,LCU,5487500.000000,A
BFA,1999-01-01,1999-12-31,233,'854,Burkina Faso,1013,'21115b,"Meat of sheep, fresh or chilled (biological)",5531,Producer Price (SLC/tonne),1999,1999,7021,Annual value,SLC,313080.800000,A
BFA,2000-01-01,2000-12-31,233,'854,Burkina Faso,1013,'21115b,"Meat of sheep, fresh or chilled (biological)",5531,Producer Price (SLC/tonne),2000,2000,7021,Annual value,SLC,363676.800000,A
BFA,2001-01-01,2001-12-31,233,'854,Burkina Faso,1013,'21115b,"Meat of sheep, fresh or chilled (biological)",5531,Producer Price (SLC/tonne),2001,2001,7021,Annual value,SLC,425453.700000,A
BFA,2002-01-01,2002-12-31,233,'854,Burkina Faso,1013,'21115b,"Meat of sheep, fresh or chilled (biological)",5531,Producer Price (SLC/tonne),2002,2002,7021,Annual value,SLC,370006.300000,A
BFA,2003-01-01,2003-12-31,233,'854,Burkina Faso,1013,'21115b,"Meat of sheep, fresh or chilled (biological)",5531,Producer Price (SLC/tonne),2003,2003,7021,Annual value,SLC,321729.900000,A
BFA,2004-01-01,2004-12-31,233,'854,Burkina Faso,1013,'21115b,"Meat of sheep, fresh or chilled (biological)",5531,Producer Price (SLC/tonne),2004,2004,7021,Annual value,SLC,354201.100000,A
BFA,2005-01-01,2005-12-31,233,'854,Burkina Faso,1013,'21115b,"Meat of sheep, fresh or chilled (biological)",5531,Producer Price (SLC/tonne),2005,2005,7021,Annual value,SLC,415067.200000,A
BFA,2006-01-01,2006-12-31,233,'854,Burkina Faso,1013,'21115b,"Meat of sheep, fresh or chilled (biological)",5531,Producer Price (SLC/tonne),2006,2006,7021,Annual value,SLC,406763.900000,A
BFA,2007-01-01,2007-12-31,233,'854,Burkina Faso,1013,'21115b,"Meat of sheep, fresh or chilled (biological)",5531,Producer Price (SLC/tonne),2007,2007,7021,Annual value,SLC,506001.900000,A
BFA,2009-01-01,2009-12-31,233,'854,Burkina Faso,1013,'21115b,"Meat of sheep, fresh or chilled (biological)",5531,Producer Price (SLC/tonne),2009,2009,7021,Annual value,SLC,563354.100000,A
BFA,2020-01-01,2020-12-31,233,'854,Burkina Faso,1013,'21115b,"Meat of sheep, fresh or chilled (biological)",5531,Producer Price (SLC/tonne),2020,2020,7021,Annual value,SLC,2851700.000000,A
BFA,2021-01-01,2021-12-31,233,'854,Burkina Faso,1013,'21115b,"Meat of sheep, fresh or chilled (biological)",5531,Producer Price (SLC/tonne),2021,2021,7021,Annual value,SLC,5486300.000000,A
BFA,2022-01-01,2022-12-31,233,'854,Burkina Faso,1013,'21115b,"Meat of sheep, fresh or chilled (biological)",5531,Producer Price (SLC/tonne),2022,2022,7021,Annual value,SLC,5806600.000000,A
BFA,1999-01-01,1999-12-31,233,'854,Burkina Faso,1013,'21115b,"Meat of sheep, fresh or chilled (biological)",5532,Producer Price (USD/tonne),1999,1999,7021,Annual value,USD,508.500000,A
BFA,2000-01-01,2000-12-31,233,'854,Burkina Faso,1013,'21115b,"Meat of sheep, fresh or chilled (biological)",5532,Producer Price (USD/tonne),2000,2000,7021,Annual value,USD,510.800000,A
BFA,2001-01-01,2001-12-31,233,'854,Burkina Faso,1013,'21115b,"Meat of sheep, fresh or chilled (biological)",5532,Producer Price (USD/tonne),2001,2001,7021,Annual value,USD,580.400000,A
BFA,2002-01-01,2002-12-31,233,'854,Burkina Faso,1013,'21115b,"Meat of sheep, fresh or chilled (biological)",5532,Producer Price (USD/tonne),2002,2002,7021,Annual value,USD,530.900000,A
BFA,2003-01-01,2003-12-31,233,'854,Burkina Faso,1013,'21115b,"Meat of sheep, fresh or chilled (biological)",5532,Producer Price (USD/tonne),2003,2003,7021,Annual value,USD,553.600000,A
BFA,2004-01-01,2004-12-31,233,'854,Burkina Faso,1013,'21115b,"Meat of sheep, fresh or chilled (biological)",5532,Producer Price (USD/tonne),2004,2004,7021,Annual value,USD,670.500000,A
BFA,2005-01-01,2005-12-31,233,'854,Burkina Faso,1013,'21115b,"Meat of sheep, fresh or chilled (biological)",5532,Producer Price (USD/tonne),2005,2005,7021,Annual value,USD,786.900000,A
BFA,2006-01-01,2006-12-31,233,'854,Burkina Faso,1013,'21115b,"Meat of sheep, fresh or chilled (biological)",5532,Producer Price (USD/tonne),2006,2006,7021,Annual value,USD,777.900000,A
BFA,2007-01-01,2007-12-31,233,'854,Burkina Faso,1013,'21115b,"Meat of sheep, fresh or chilled (biological)",5532,Producer Price (USD/tonne),2007,2007,7021,Annual value,USD,1055.800000,A
BFA,2009-01-01,2009-12-31,233,'854,Burkina Faso,1013,'21115b,"Meat of sheep, fresh or chilled (biological)",5532,Producer Price (USD/tonne),2009,2009,7021,Annual value,USD,1193.100000,A
BFA,2020-01-01,2020-12-31,233,'854,Burkina Faso,1013,'21115b,"Meat of sheep, fresh or chilled (biological)",5532,Producer Price (USD/tonne),2020,2020,7021,Annual value,USD,4954.400000,A
BFA,2021-01-01,2021-12-31,233,'854,Burkina Faso,1013,'21115b,"Meat of sheep, fresh or chilled (biological)",5532,Producer Price (USD/tonne),2021,2021,7021,Annual value,USD,9893.600000,A
BFA,2022-01-01,2022-12-31,233,'854,Burkina Faso,1013,'21115b,"Meat of sheep, fresh or chilled (biological)",5532,Producer Price (USD/tonne),2022,2022,7021,Annual value,USD,9309.000000,A
BFA,1991-01-01,1991-12-31,233,'854,Burkina Faso,1013,'21115b,"Meat of sheep, fresh or chilled (biological)",5539,Producer Price Index (2014-2016 = 100),1991,1991,7021,Annual value,,13.820000,E
BFA,1992-01-01,1992-12-31,233,'854,Burkina Faso,1013,'21115b,"Meat of sheep, fresh or chilled (biological)",5539,Producer Price Index (2014-2016 = 100),1992,1992,7021,Annual value,,13.850000,E
BFA,1993-01-01,1993-12-31,233,'854,Burkina Faso,1013,'21115b,"Meat of sheep, fresh or chilled (biological)",5539,Producer Price Index (2014-2016 = 100),1993,1993,7021,Annual value,,13.650000,E
BFA,1994-01-01,1994-12-31,233,'854,Burkina Faso,1013,'21115b,"Meat of sheep, fresh or chilled (biological)",5539,Producer Price Index (2014-2016 = 100),1994,1994,7021,Annual value,,15.650000,E
BFA,1995-01-01,1995-12-31,233,'854,Burkina Faso,1013,'21115b,"Meat of sheep, fresh or chilled (biological)",5539,Producer Price Index (2014-2016 = 100),1995,1995,7021,Annual value,,16.700000,E
BFA,1996-01-01,1996-12-31,233,'854,Burkina Faso,1013,'21115b,"Meat of sheep, fresh or chilled (biological)",5539,Producer Price Index (2014-2016 = 100),1996,1996,7021,Annual value,,16.760000,E
BFA,1997-01-01,1997-12-31,233,'854,Burkina Faso,1013,'21115b,"Meat of sheep, fresh or chilled (biological)",5539,Producer Price Index (2014-2016 = 100),1997,1997,7021,Annual value,,17.020000,E
BFA,1998-01-01,1998-12-31,233,'854,Burkina Faso,1013,'21115b,"Meat of sheep, fresh or chilled (biological)",5539,Producer Price Index (2014-2016 = 100),1998,1998,7021,Annual value,,18.380000,E
BFA,1999-01-01,1999-12-31,233,'854,Burkina Faso,1013,'21115b,"Meat of sheep, fresh or chilled (biological)",5539,Producer Price Index (2014-2016 = 100),1999,1999,7021,Annual value,,19.190000,E
BFA,2000-01-01,2000-12-31,233,'854,Burkina Faso,1013,'21115b,"Meat of sheep, fresh or chilled (biological)",5539,Producer Price Index (2014-2016 = 100),2000,2000,7021,Annual value,,22.290000,E
BFA,2001-01-01,2001-12-31,233,'854,Burkina Faso,1013,'21115b,"Meat of sheep, fresh or chilled (biological)",5539,Producer Price Index (2014-2016 = 100),2001,2001,7021,Annual value,,26.080000,E
BFA,2002-01-01,2002-12-31,233,'854,Burkina Faso,1013,'21115b,"Meat of sheep, fresh or chilled (biological)",5539,Producer Price Index (2014-2016 = 100),2002,2002,7021,Annual value,,22.680000,E
BFA,2003-01-01,2003-12-31,233,'854,Burkina Faso,1013,'21115b,"Meat of sheep, fresh or chilled (biological)",5539,Producer Price Index (2014-2016 = 100),2003,2003,7021,Annual value,,19.720000,E
BFA,2004-01-01,2004-12-31,233,'854,Burkina Faso,1013,'21115b,"Meat of sheep, fresh or chilled (biological)",5539,Producer Price Index (2014-2016 = 100),2004,2004,7021,Annual value,,21.710000,E
BFA,2005-01-01,2005-12-31,233,'854,Burkina Faso,1013,'21115b,"Meat of sheep, fresh or chilled (biological)",5539,Producer Price Index (2014-2016 = 100),2005,2005,7021,Annual value,,25.440000,E
BFA,2006-01-01,2006-12-31,233,'854,Burkina Faso,1013,'21115b,"Meat of sheep, fresh or chilled (biological)",5539,Producer Price Index (2014-2016 = 100),2006,2006,7021,Annual value,,24.930000,E
BFA,2007-01-01,2007-12-31,233,'854,Burkina Faso,1013,'21115b,"Meat of sheep, fresh or chilled (biological)",5539,Producer Price Index (2014-2016 = 100),2007,2007,7021,Annual value,,31.020000,E
BFA,2008-01-01,2008-12-31,233,'854,Burkina Faso,1013,'21115b,"Meat of sheep, fresh or chilled (biological)",5539,Producer Price Index (2014-2016 = 100),2008,2008,7021,Annual value,,43.160000,E
BFA,2009-01-01,2009-12-31,233,'854,Burkina Faso,1013,'21115b,"Meat of sheep, fresh or chilled (biological)",5539,Producer Price Index (2014-2016 = 100),2009,2009,7021,Annual value,,34.530000,E
BFA,2010-01-01,2010-12-31,233,'854,Burkina Faso,1013,'21115b,"Meat of sheep, fresh or chilled (biological)",5539,Producer Price Index (2014-2016 = 100),2010,2010,7021,Annual value,,52.000000,E
BFA,2011-01-01,2011-12-31,233,'854,Burkina Faso,1013,'21115b,"Meat of sheep, fresh or chilled (biological)",5539,Producer Price Index (2014-2016 = 100),2011,2011,7021,Annual value,,57.970000,E
BFA,2012-01-01,2012-12-31,233,'854,Burkina Faso,1013,'21115b,"Meat of sheep, fresh or chilled (biological)",5539,Producer Price Index (2014-2016 = 100),2012,2012,7021,Annual value,,65.550000,E
BFA,2013-01-01,2013-12-31,233,'854,Burkina Faso,1013,'21115b,"Meat of sheep, fresh or chilled (biological)",5539,Producer Price Index (2014-2016 = 100),2013,2013,7021,Annual value,,72.550000,E
BFA,2014-01-01,2014-12-31,233,'854,Burkina Faso,1013,'21115b,"Meat of sheep, fresh or chilled (biological)",5539,Producer Price Index (2014-2016 = 100),2014,2014,7021,Annual value,,103.320000,E
BFA,2015-01-01,2015-12-31,233,'854,Burkina Faso,1013,'21115b,"Meat of sheep, fresh or chilled (biological)",5539,Producer Price Index (2014-2016 = 100),2015,2015,7021,Annual value,,119.670000,E
BFA,2016-01-01,2016-12-31,233,'854,Burkina Faso,1013,'21115b,"Meat of sheep, fresh or chilled (biological)",5539,Producer Price Index (2014-2016 = 100),2016,2016,7021,Annual value,,77.010000,E
BFA,2017-01-01,2017-12-31,233,'854,Burkina Faso,1013,'21115b,"Meat of sheep, fresh or chilled (biological)",5539,Producer Price Index (2014-2016 = 100),2017,2017,7021,Annual value,,84.410000,E
BFA,2018-01-01,2018-12-31,233,'854,Burkina Faso,1013,'21115b,"Meat of sheep, fresh or chilled (biological)",5539,Producer Price Index (2014-2016 = 100),2018,2018,7021,Annual value,,91.870000,E
BFA,2019-01-01,2019-12-31,233,'854,Burkina Faso,1013,'21115b,"Meat of sheep, fresh or chilled (biological)",5539,Producer Price Index (2014-2016 = 100),2019,2019,7021,Annual value,,131.560000,E
BFA,2020-01-01,2020-12-31,233,'854,Burkina Faso,1013,'21115b,"Meat of sheep, fresh or chilled (biological)",5539,Producer Price Index (2014-2016 = 100),2020,2020,7021,Annual value,,174.800000,E
BFA,2021-01-01,2021-12-31,233,'854,Burkina Faso,1013,'21115b,"Meat of sheep, fresh or chilled (biological)",5539,Producer Price Index (2014-2016 = 100),2021,2021,7021,Annual value,,336.290000,E
BFA,2022-01-01,2022-12-31,233,'854,Burkina Faso,1013,'21115b,"Meat of sheep, fresh or chilled (biological)",5539,Producer Price Index (2014-2016 = 100),2022,2022,7021,Annual value,,355.930000,E
BFA,2023-01-01,2023-12-31,233,'854,Burkina Faso,1013,'21115b,"Meat of sheep, fresh or chilled (biological)",5539,Producer Price Index (2014-2016 = 100),2023,2023,7021,Annual value,,345.380000,E
BFA,2024-01-01,2024-12-31,233,'854,Burkina Faso,1013,'21115b,"Meat of sheep, fresh or chilled (biological)",5539,Producer Price Index (2014-2016 = 100),2024,2024,7021,Annual value,,356.410000,E
BFA,2025-01-01,2025-12-31,233,'854,Burkina Faso,1013,'21115b,"Meat of sheep, fresh or chilled (biological)",5539,Producer Price Index (2014-2016 = 100),2025,2025,7021,Annual value,,367.440000,E
BFA,1992-01-01,1992-12-31,233,'854,Burkina Faso,79,'0118,Millet,5530,Producer Price (LCU/tonne),1992,1992,7021,Annual value,LCU,65239.000000,A
BFA,1993-01-01,1993-12-31,233,'854,Burkina Faso,79,'0118,Millet,5530,Producer Price (LCU/tonne),1993,1993,7021,Annual value,LCU,56018.000000,A
BFA,1994-01-01,1994-12-31,233,'854,Burkina Faso,79,'0118,Millet,5530,Producer Price (LCU/tonne),1994,1994,7021,Annual value,LCU,76343.000000,A
BFA,1995-01-01,1995-12-31,233,'854,Burkina Faso,79,'0118,Millet,5530,Producer Price (LCU/tonne),1995,1995,7021,Annual value,LCU,76343.000000,A
BFA,1996-01-01,1996-12-31,233,'854,Burkina Faso,79,'0118,Millet,5530,Producer Price (LCU/tonne),1996,1996,7021,Annual value,LCU,109609.000000,A
BFA,1997-01-01,1997-12-31,233,'854,Burkina Faso,79,'0118,Millet,5530,Producer Price (LCU/tonne),1997,1997,7021,Annual value,LCU,80000.000000,A
BFA,1998-01-01,1998-12-31,233,'854,Burkina Faso,79,'0118,Millet,5530,Producer Price (LCU/tonne),1998,1998,7021,Annual value,LCU,95000.000000,A
BFA,1999-01-01,1999-12-31,233,'854,Burkina Faso,79,'0118,Millet,5530,Producer Price (LCU/tonne),1999,1999,7021,Annual value,LCU,85000.000000,A
BFA,2000-01-01,2000-12-31,233,'854,Burkina Faso,79,'0118,Millet,5530,Producer Price (LCU/tonne),2000,2000,7021,Annual value,LCU,60000.000000,A
BFA,2001-01-01,2001-12-31,233,'854,Burkina Faso,79,'0118,Millet,5530,Producer Price (LCU/tonne),2001,2001,7021,Annual value,LCU,120000.000000,A
BFA,2002-01-01,2002-12-31,233,'854,Burkina Faso,79,'0118,Millet,5530,Producer Price (LCU/tonne),2002,2002,7021,Annual value,LCU,121000.000000,A
BFA,2003-01-01,2003-12-31,233,'854,Burkina Faso,79,'0118,Millet,5530,Producer Price (LCU/tonne),2003,2003,7021,Annual value,LCU,90000.000000,A
BFA,2004-01-01,2004-12-31,233,'854,Burkina Faso,79,'0118,Millet,5530,Producer Price (LCU/tonne),2004,2004,7021,Annual value,LCU,92250.000000,A
BFA,2005-01-01,2005-12-31,233,'854,Burkina Faso,79,'0118,Millet,5530,Producer Price (LCU/tonne),2005,2005,7021,Annual value,LCU,94100.000000,A
BFA,2006-01-01,2006-12-31,233,'854,Burkina Faso,79,'0118,Millet,5530,Producer Price (LCU/tonne),2006,2006,7021,Annual value,LCU,95987.100000,A
BFA,2007-01-01,2007-12-31,233,'854,Burkina Faso,79,'0118,Millet,5530,Producer Price (LCU/tonne),2007,2007,7021,Annual value,LCU,105529.000000,A
BFA,2017-01-01,2017-01-31,233,'854,Burkina Faso,79,'0118,Millet,5530,Producer Price (LCU/tonne),2017,2017,7001,January,LCU,1284.000000,A
BFA,2017-02-01,2017-02-28,233,'854,Burkina Faso,79,'0118,Millet,5530,Producer Price (LCU/tonne),2017,2017,7002,February,LCU,1440.000000,A
BFA,2017-03-01,2017-03-31,233,'854,Burkina Faso,79,'0118,Millet,5530,Producer Price (LCU/tonne),2017,2017,7003,March,LCU,1440.000000,A
BFA,2017-04-01,2017-04-30,233,'854,Burkina Faso,79,'0118,Millet,5530,Producer Price (LCU/tonne),2017,2017,7004,April,LCU,1440.000000,A
BFA,2017-05-01,2017-05-31,233,'854,Burkina Faso,79,'0118,Millet,5530,Producer Price (LCU/tonne),2017,2017,7005,May,LCU,1439.000000,A
BFA,2017-06-01,2017-06-30,233,'854,Burkina Faso,79,'0118,Millet,5530,Producer Price (LCU/tonne),2017,2017,7006,June,LCU,1439.000000,A
BFA,2017-07-01,2017-07-31,233,'854,Burkina Faso,79,'0118,Millet,5530,Producer Price (LCU/tonne),2017,2017,7007,July,LCU,1244.000000,A
BFA,2017-08-01,2017-08-31,233,'854,Burkina Faso,79,'0118,Millet,5530,Producer Price (LCU/tonne),2017,2017,7008,August,LCU,1301.000000,A
BFA,2017-09-01,2017-09-30,233,'854,Burkina Faso,79,'0118,Millet,5530,Producer Price (LCU/tonne),2017,2017,7009,September,LCU,1379.000000,A
BFA,2017-10-01,2017-10-31,233,'854,Burkina Faso,79,'0118,Millet,5530,Producer Price (LCU/tonne),2017,2017,7010,October,LCU,1379.000000,A
BFA,2017-11-01,2017-11-30,233,'854,Burkina Faso,79,'0118,Millet,5530,Producer Price (LCU/tonne),2017,2017,7011,November,LCU,1379.000000,A
BFA,2017-12-01,2017-12-31,233,'854,Burkina Faso,79,'0118,Millet,5530,Producer Price (LCU/tonne),2017,2017,7012,December,LCU,1340.000000,A
BFA,2020-01-01,2020-12-31,233,'854,Burkina Faso,79,'0118,Millet,5530,Producer Price (LCU/tonne),2020,2020,7021,Annual value,LCU,188000.000000,A
BFA,2021-01-01,2021-12-31,233,'854,Burkina Faso,79,'0118,Millet,5530,Producer Price (LCU/tonne),2021,2021,7021,Annual value,LCU,224000.000000,A
BFA,2022-01-01,2022-12-31,233,'854,Burkina Faso,79,'0118,Millet,5530,Producer Price (LCU/tonne),2022,2022,7021,Annual value,LCU,327000.000000,A
BFA,2022-01-01,2022-01-31,233,'854,Burkina Faso,79,'0118,Millet,5530,Producer Price (LCU/tonne),2022,2022,7001,January,LCU,246000.000000,A
BFA,2022-02-01,2022-02-28,233,'854,Burkina Faso,79,'0118,Millet,5530,Producer Price (LCU/tonne),2022,2022,7002,February,LCU,255000.000000,A
BFA,2022-03-01,2022-03-31,233,'854,Burkina Faso,79,'0118,Millet,5530,Producer Price (LCU/tonne),2022,2022,7003,March,LCU,297000.000000,A
BFA,2022-04-01,2022-04-30,233,'854,Burkina Faso,79,'0118,Millet,5530,Producer Price (LCU/tonne),2022,2022,7004,April,LCU,338000.000000,A
BFA,2022-05-01,2022-05-31,233,'854,Burkina Faso,79,'0118,Millet,5530,Producer Price (LCU/tonne),2022,2022,7005,May,LCU,337000.000000,A
BFA,2022-06-01,2022-06-30,233,'854,Burkina Faso,79,'0118,Millet,5530,Producer Price (LCU/tonne),2022,2022,7006,June,LCU,337000.000000,A
BFA,2022-07-01,2022-07-31,233,'854,Burkina Faso,79,'0118,Millet,5530,Producer Price (LCU/tonne),2022,2022,7007,July,LCU,350000.000000,A
BFA,2022-08-01,2022-08-31,233,'854,Burkina Faso,79,'0118,Millet,5530,Producer Price (LCU/tonne),2022,2022,7008,August,LCU,370000.000000,A
BFA,2022-09-01,2022-09-30,233,'854,Burkina Faso,79,'0118,Millet,5530,Producer Price (LCU/tonne),2022,2022,7009,September,LCU,377000.000000,A
BFA,2022-10-01,2022-10-31,233,'854,Burkina Faso,79,'0118,Millet,5530,Producer Price (LCU/tonne),2022,2022,7010,October,LCU,375000.000000,A
BFA,2022-11-01,2022-11-30,233,'854,Burkina Faso,79,'0118,Millet,5530,Producer Price (LCU/tonne),2022,2022,7011,November,LCU,350000.000000,A
BFA,2022-12-01,2022-12-31,233,'854,Burkina Faso,79,'0118,Millet,5530,Producer Price (LCU/tonne),2022,2022,7012,December,LCU,296000.000000,A
BFA,1992-01-01,1992-12-31,233,'854,Burkina Faso,79,'0118,Millet,5531,Producer Price (SLC/tonne),1992,1992,7021,Annual value,SLC,65239.000000,A
BFA,1993-01-01,1993-12-31,233,'854,Burkina Faso,79,'0118,Millet,5531,Producer Price (SLC/tonne),1993,1993,7021,Annual value,SLC,56018.000000,A
BFA,1994-01-01,1994-12-31,233,'854,Burkina Faso,79,'0118,Millet,5531,Producer Price (SLC/tonne),1994,1994,7021,Annual value,SLC,76343.000000,A
BFA,1995-01-01,1995-12-31,233,'854,Burkina Faso,79,'0118,Millet,5531,Producer Price (SLC/tonne),1995,1995,7021,Annual value,SLC,76343.000000,A
BFA,1996-01-01,1996-12-31,233,'854,Burkina Faso,79,'0118,Millet,5531,Producer Price (SLC/tonne),1996,1996,7021,Annual value,SLC,109609.000000,A
BFA,1997-01-01,1997-12-31,233,'854,Burkina Faso,79,'0118,Millet,5531,Producer Price (SLC/tonne),1997,1997,7021,Annual value,SLC,80000.000000,A
BFA,1998-01-01,1998-12-31,233,'854,Burkina Faso,79,'0118,Millet,5531,Producer Price (SLC/tonne),1998,1998,7021,Annual value,SLC,95000.000000,A
BFA,1999-01-01,1999-12-31,233,'854,Burkina Faso,79,'0118,Millet,5531,Producer Price (SLC/tonne),1999,1999,7021,Annual value,SLC,85000.000000,A
BFA,2000-01-01,2000-12-31,233,'854,Burkina Faso,79,'0118,Millet,5531,Producer Price (SLC/tonne),2000,2000,7021,Annual value,SLC,60000.000000,A
BFA,2001-01-01,2001-12-31,233,'854,Burkina Faso,79,'0118,Millet,5531,Producer Price (SLC/tonne),2001,2001,7021,Annual value,SLC,120000.000000,A
BFA,2002-01-01,2002-12-31,233,'854,Burkina Faso,79,'0118,Millet,5531,Producer Price (SLC/tonne),2002,2002,7021,Annual value,SLC,121000.000000,A
BFA,2003-01-01,2003-12-31,233,'854,Burkina Faso,79,'0118,Millet,5531,Producer Price (SLC/tonne),2003,2003,7021,Annual value,SLC,90000.000000,A
BFA,2004-01-01,2004-12-31,233,'854,Burkina Faso,79,'0118,Millet,5531,Producer Price (SLC/tonne),2004,2004,7021,Annual value,SLC,92250.000000,A
BFA,2005-01-01,2005-12-31,233,'854,Burkina Faso,79,'0118,Millet,5531,Producer Price (SLC/tonne),2005,2005,7021,Annual value,SLC,94100.000000,A
BFA,2006-01-01,2006-12-31,233,'854,Burkina Faso,79,'0118,Millet,5531,Producer Price (SLC/tonne),2006,2006,7021,Annual value,SLC,95987.100000,A
BFA,2007-01-01,2007-12-31,233,'854,Burkina Faso,79,'0118,Millet,5531,Producer Price (SLC/tonne),2007,2007,7021,Annual value,SLC,105529.000000,A
BFA,2020-01-01,2020-12-31,233,'854,Burkina Faso,79,'0118,Millet,5531,Producer Price (SLC/tonne),2020,2020,7021,Annual value,SLC,188000.000000,A
BFA,2021-01-01,2021-12-31,233,'854,Burkina Faso,79,'0118,Millet,5531,Producer Price (SLC/tonne),2021,2021,7021,Annual value,SLC,224000.000000,A
BFA,2022-01-01,2022-12-31,233,'854,Burkina Faso,79,'0118,Millet,5531,Producer Price (SLC/tonne),2022,2022,7021,Annual value,SLC,327000.000000,A
BFA,1992-01-01,1992-12-31,233,'854,Burkina Faso,79,'0118,Millet,5532,Producer Price (USD/tonne),1992,1992,7021,Annual value,USD,246.500000,A
BFA,1993-01-01,1993-12-31,233,'854,Burkina Faso,79,'0118,Millet,5532,Producer Price (USD/tonne),1993,1993,7021,Annual value,USD,197.800000,A
BFA,1994-01-01,1994-12-31,233,'854,Burkina Faso,79,'0118,Millet,5532,Producer Price (USD/tonne),1994,1994,7021,Annual value,USD,137.500000,A
BFA,1995-01-01,1995-12-31,233,'854,Burkina Faso,79,'0118,Millet,5532,Producer Price (USD/tonne),1995,1995,7021,Annual value,USD,152.900000,A
BFA,1996-01-01,1996-12-31,233,'854,Burkina Faso,79,'0118,Millet,5532,Producer Price (USD/tonne),1996,1996,7021,Annual value,USD,214.300000,A
BFA,1997-01-01,1997-12-31,233,'854,Burkina Faso,79,'0118,Millet,5532,Producer Price (USD/tonne),1997,1997,7021,Annual value,USD,137.100000,A
BFA,1998-01-01,1998-12-31,233,'854,Burkina Faso,79,'0118,Millet,5532,Producer Price (USD/tonne),1998,1998,7021,Annual value,USD,161.000000,A
BFA,1999-01-01,1999-12-31,233,'854,Burkina Faso,79,'0118,Millet,5532,Producer Price (USD/tonne),1999,1999,7021,Annual value,USD,138.100000,A
BFA,2000-01-01,2000-12-31,233,'854,Burkina Faso,79,'0118,Millet,5532,Producer Price (USD/tonne),2000,2000,7021,Annual value,USD,84.300000,A
BFA,2001-01-01,2001-12-31,233,'854,Burkina Faso,79,'0118,Millet,5532,Producer Price (USD/tonne),2001,2001,7021,Annual value,USD,163.700000,A
BFA,2002-01-01,2002-12-31,233,'854,Burkina Faso,79,'0118,Millet,5532,Producer Price (USD/tonne),2002,2002,7021,Annual value,USD,173.600000,A
BFA,2003-01-01,2003-12-31,233,'854,Burkina Faso,79,'0118,Millet,5532,Producer Price (USD/tonne),2003,2003,7021,Annual value,USD,154.900000,A
BFA,2004-01-01,2004-12-31,233,'854,Burkina Faso,79,'0118,Millet,5532,Producer Price (USD/tonne),2004,2004,7021,Annual value,USD,174.600000,A
BFA,2005-01-01,2005-12-31,233,'854,Burkina Faso,79,'0118,Millet,5532,Producer Price (USD/tonne),2005,2005,7021,Annual value,USD,178.400000,A
BFA,2006-01-01,2006-12-31,233,'854,Burkina Faso,79,'0118,Millet,5532,Producer Price (USD/tonne),2006,2006,7021,Annual value,USD,183.600000,A
BFA,2007-01-01,2007-12-31,233,'854,Burkina Faso,79,'0118,Millet,5532,Producer Price (USD/tonne),2007,2007,7021,Annual value,USD,220.200000,A
BFA,2020-01-01,2020-12-31,233,'854,Burkina Faso,79,'0118,Millet,5532,Producer Price (USD/tonne),2020,2020,7021,Annual value,USD,326.600000,A
BFA,2021-01-01,2021-12-31,233,'854,Burkina Faso,79,'0118,Millet,5532,Producer Price (USD/tonne),2021,2021,7021,Annual value,USD,403.900000,A
BFA,2022-01-01,2022-12-31,233,'854,Burkina Faso,79,'0118,Millet,5532,Producer Price (USD/tonne),2022,2022,7021,Annual value,USD,524.200000,A
BFA,1991-01-01,1991-12-31,233,'854,Burkina Faso,79,'0118,Millet,5539,Producer Price Index (2014-2016 = 100),1991,1991,7021,Annual value,,54.920000,E
BFA,1992-01-01,1992-12-31,233,'854,Burkina Faso,79,'0118,Millet,5539,Producer Price Index (2014-2016 = 100),1992,1992,7021,Annual value,,59.710000,E
BFA,1993-01-01,1993-12-31,233,'854,Burkina Faso,79,'0118,Millet,5539,Producer Price Index (2014-2016 = 100),1993,1993,7021,Annual value,,51.270000,E
BFA,1994-01-01,1994-12-31,233,'854,Burkina Faso,79,'0118,Millet,5539,Producer Price Index (2014-2016 = 100),1994,1994,7021,Annual value,,69.870000,E
BFA,1995-01-01,1995-12-31,233,'854,Burkina Faso,79,'0118,Millet,5539,Producer Price Index (2014-2016 = 100),1995,1995,7021,Annual value,,69.870000,E
BFA,1996-01-01,1996-12-31,233,'854,Burkina Faso,79,'0118,Millet,5539,Producer Price Index (2014-2016 = 100),1996,1996,7021,Annual value,,100.320000,E
BFA,1997-01-01,1997-12-31,233,'854,Burkina Faso,79,'0118,Millet,5539,Producer Price Index (2014-2016 = 100),1997,1997,7021,Annual value,,73.220000,E
BFA,1998-01-01,1998-12-31,233,'854,Burkina Faso,79,'0118,Millet,5539,Producer Price Index (2014-2016 = 100),1998,1998,7021,Annual value,,86.950000,E
BFA,1999-01-01,1999-12-31,233,'854,Burkina Faso,79,'0118,Millet,5539,Producer Price Index (2014-2016 = 100),1999,1999,7021,Annual value,,77.800000,E
BFA,2000-01-01,2000-12-31,233,'854,Burkina Faso,79,'0118,Millet,5539,Producer Price Index (2014-2016 = 100),2000,2000,7021,Annual value,,54.920000,E
BFA,2001-01-01,2001-12-31,233,'854,Burkina Faso,79,'0118,Millet,5539,Producer Price Index (2014-2016 = 100),2001,2001,7021,Annual value,,109.830000,E
BFA,2002-01-01,2002-12-31,233,'854,Burkina Faso,79,'0118,Millet,5539,Producer Price Index (2014-2016 = 100),2002,2002,7021,Annual value,,110.750000,E
BFA,2003-01-01,2003-12-31,233,'854,Burkina Faso,79,'0118,Millet,5539,Producer Price Index (2014-2016 = 100),2003,2003,7021,Annual value,,82.370000,E
BFA,2004-01-01,2004-12-31,233,'854,Burkina Faso,79,'0118,Millet,5539,Producer Price Index (2014-2016 = 100),2004,2004,7021,Annual value,,84.430000,E
BFA,2005-01-01,2005-12-31,233,'854,Burkina Faso,79,'0118,Millet,5539,Producer Price Index (2014-2016 = 100),2005,2005,7021,Annual value,,86.130000,E
BFA,2006-01-01,2006-12-31,233,'854,Burkina Faso,79,'0118,Millet,5539,Producer Price Index (2014-2016 = 100),2006,2006,7021,Annual value,,87.850000,E
BFA,2007-01-01,2007-12-31,233,'854,Burkina Faso,79,'0118,Millet,5539,Producer Price Index (2014-2016 = 100),2007,2007,7021,Annual value,,96.590000,E
BFA,2008-01-01,2008-12-31,233,'854,Burkina Faso,79,'0118,Millet,5539,Producer Price Index (2014-2016 = 100),2008,2008,7021,Annual value,,105.520000,E
BFA,2009-01-01,2009-12-31,233,'854,Burkina Faso,79,'0118,Millet,5539,Producer Price Index (2014-2016 = 100),2009,2009,7021,Annual value,,112.180000,E
BFA,2010-01-01,2010-12-31,233,'854,Burkina Faso,79,'0118,Millet,5539,Producer Price Index (2014-2016 = 100),2010,2010,7021,Annual value,,118.640000,E
BFA,2011-01-01,2011-12-31,233,'854,Burkina Faso,79,'0118,Millet,5539,Producer Price Index (2014-2016 = 100),2011,2011,7021,Annual value,,124.930000,E
BFA,2012-01-01,2012-12-31,233,'854,Burkina Faso,79,'0118,Millet,5539,Producer Price Index (2014-2016 = 100),2012,2012,7021,Annual value,,131.120000,E
BFA,2013-01-01,2013-12-31,233,'854,Burkina Faso,79,'0118,Millet,5539,Producer Price Index (2014-2016 = 100),2013,2013,7021,Annual value,,133.890000,E
BFA,2014-01-01,2014-12-31,233,'854,Burkina Faso,79,'0118,Millet,5539,Producer Price Index (2014-2016 = 100),2014,2014,7021,Annual value,,140.200000,E
BFA,2015-01-01,2015-12-31,233,'854,Burkina Faso,79,'0118,Millet,5539,Producer Price Index (2014-2016 = 100),2015,2015,7021,Annual value,,78.350000,E
BFA,2016-01-01,2016-12-31,233,'854,Burkina Faso,79,'0118,Millet,5539,Producer Price Index (2014-2016 = 100),2016,2016,7021,Annual value,,81.450000,E
BFA,2017-01-01,2017-12-31,233,'854,Burkina Faso,79,'0118,Millet,5539,Producer Price Index (2014-2016 = 100),2017,2017,7021,Annual value,,93.790000,E
BFA,2018-01-01,2018-12-31,233,'854,Burkina Faso,79,'0118,Millet,5539,Producer Price Index (2014-2016 = 100),2018,2018,7021,Annual value,,119.190000,E
BFA,2019-01-01,2019-12-31,233,'854,Burkina Faso,79,'0118,Millet,5539,Producer Price Index (2014-2016 = 100),2019,2019,7021,Annual value,,145.680000,E
BFA,2020-01-01,2020-12-31,233,'854,Burkina Faso,79,'0118,Millet,5539,Producer Price Index (2014-2016 = 100),2020,2020,7021,Annual value,,172.070000,E
BFA,2021-01-01,2021-12-31,233,'854,Burkina Faso,79,'0118,Millet,5539,Producer Price Index (2014-2016 = 100),2021,2021,7021,Annual value,,205.020000,E
BFA,2022-01-01,2022-12-31,233,'854,Burkina Faso,79,'0118,Millet,5539,Producer Price Index (2014-2016 = 100),2022,2022,7021,Annual value,,299.290000,E
BFA,2023-01-01,2023-12-31,233,'854,Burkina Faso,79,'0118,Millet,5539,Producer Price Index (2014-2016 = 100),2023,2023,7021,Annual value,,304.090000,E
BFA,2024-01-01,2024-12-31,233,'854,Burkina Faso,79,'0118,Millet,5539,Producer Price Index (2014-2016 = 100),2024,2024,7021,Annual value,,260.670000,E
BFA,2025-01-01,2025-12-31,233,'854,Burkina Faso,79,'0118,Millet,5539,Producer Price Index (2014-2016 = 100),2025,2025,7021,Annual value,,336.810000,E
BFA,2017-01-01,2017-01-31,233,'854,Burkina Faso,449,'01270,Mushrooms and truffles,5530,Producer Price (LCU/tonne),2017,2017,7001,January,LCU,3686.000000,A
BFA,2017-02-01,2017-02-28,233,'854,Burkina Faso,449,'01270,Mushrooms and truffles,5530,Producer Price (LCU/tonne),2017,2017,7002,February,LCU,3767.000000,A
BFA,2017-03-01,2017-03-31,233,'854,Burkina Faso,449,'01270,Mushrooms and truffles,5530,Producer Price (LCU/tonne),2017,2017,7003,March,LCU,3851.000000,A
BFA,2017-04-01,2017-04-30,233,'854,Burkina Faso,449,'01270,Mushrooms and truffles,5530,Producer Price (LCU/tonne),2017,2017,7004,April,LCU,3936.000000,A
BFA,2017-05-01,2017-05-31,233,'854,Burkina Faso,449,'01270,Mushrooms and truffles,5530,Producer Price (LCU/tonne),2017,2017,7005,May,LCU,3792.000000,A
BFA,2017-06-01,2017-06-30,233,'854,Burkina Faso,449,'01270,Mushrooms and truffles,5530,Producer Price (LCU/tonne),2017,2017,7006,June,LCU,3845.000000,A
BFA,2017-07-01,2017-07-31,233,'854,Burkina Faso,449,'01270,Mushrooms and truffles,5530,Producer Price (LCU/tonne),2017,2017,7007,July,LCU,3900.000000,A
BFA,2017-08-01,2017-08-31,233,'854,Burkina Faso,449,'01270,Mushrooms and truffles,5530,Producer Price (LCU/tonne),2017,2017,7008,August,LCU,3820.000000,A
BFA,2017-09-01,2017-09-30,233,'854,Burkina Faso,449,'01270,Mushrooms and truffles,5530,Producer Price (LCU/tonne),2017,2017,7009,September,LCU,3845.000000,A
BFA,2017-10-01,2017-10-31,233,'854,Burkina Faso,449,'01270,Mushrooms and truffles,5530,Producer Price (LCU/tonne),2017,2017,7010,October,LCU,3857.000000,A
BFA,2017-11-01,2017-11-30,233,'854,Burkina Faso,449,'01270,Mushrooms and truffles,5530,Producer Price (LCU/tonne),2017,2017,7011,November,LCU,4166.000000,A
BFA,2017-12-01,2017-12-31,233,'854,Burkina Faso,449,'01270,Mushrooms and truffles,5530,Producer Price (LCU/tonne),2017,2017,7012,December,LCU,4271.000000,A
BFA,2017-01-01,2017-01-31,233,'854,Burkina Faso,1182,'02910,Natural honey,5530,Producer Price (LCU/tonne),2017,2017,7001,January,LCU,26414.000000,A
BFA,2017-02-01,2017-02-28,233,'854,Burkina Faso,1182,'02910,Natural honey,5530,Producer Price (LCU/tonne),2017,2017,7002,February,LCU,26499.000000,A
BFA,2017-03-01,2017-03-31,233,'854,Burkina Faso,1182,'02910,Natural honey,5530,Producer Price (LCU/tonne),2017,2017,7003,March,LCU,26482.000000,A
BFA,2017-04-01,2017-04-30,233,'854,Burkina Faso,1182,'02910,Natural honey,5530,Producer Price (LCU/tonne),2017,2017,7004,April,LCU,26602.000000,A
BFA,2017-05-01,2017-05-31,233,'854,Burkina Faso,1182,'02910,Natural honey,5530,Producer Price (LCU/tonne),2017,2017,7005,May,LCU,26812.000000,A
BFA,2017-06-01,2017-06-30,233,'854,Burkina Faso,1182,'02910,Natural honey,5530,Producer Price (LCU/tonne),2017,2017,7006,June,LCU,26794.000000,A
BFA,2017-07-01,2017-07-31,233,'854,Burkina Faso,1182,'02910,Natural honey,5530,Producer Price (LCU/tonne),2017,2017,7007,July,LCU,27572.000000,A
BFA,2017-08-01,2017-08-31,233,'854,Burkina Faso,1182,'02910,Natural honey,5530,Producer Price (LCU/tonne),2017,2017,7008,August,LCU,28176.000000,A
BFA,2017-09-01,2017-09-30,233,'854,Burkina Faso,1182,'02910,Natural honey,5530,Producer Price (LCU/tonne),2017,2017,7009,September,LCU,28621.000000,A
BFA,2017-10-01,2017-10-31,233,'854,Burkina Faso,1182,'02910,Natural honey,5530,Producer Price (LCU/tonne),2017,2017,7010,October,LCU,29182.000000,A
BFA,2017-11-01,2017-11-30,233,'854,Burkina Faso,1182,'02910,Natural honey,5530,Producer Price (LCU/tonne),2017,2017,7011,November,LCU,29663.000000,A
BFA,2017-12-01,2017-12-31,233,'854,Burkina Faso,1182,'02910,Natural honey,5530,Producer Price (LCU/tonne),2017,2017,7012,December,LCU,29793.000000,A
BFA,2017-01-01,2017-01-31,233,'854,Burkina Faso,75,'0117,Oats,5530,Producer Price (LCU/tonne),2017,2017,7001,January,LCU,838.000000,A
BFA,2017-02-01,2017-02-28,233,'854,Burkina Faso,75,'0117,Oats,5530,Producer Price (LCU/tonne),2017,2017,7002,February,LCU,851.000000,A
BFA,2017-03-01,2017-03-31,233,'854,Burkina Faso,75,'0117,Oats,5530,Producer Price (LCU/tonne),2017,2017,7003,March,LCU,874.000000,A
BFA,2017-04-01,2017-04-30,233,'854,Burkina Faso,75,'0117,Oats,5530,Producer Price (LCU/tonne),2017,2017,7004,April,LCU,877.000000,A
BFA,2017-05-01,2017-05-31,233,'854,Burkina Faso,75,'0117,Oats,5530,Producer Price (LCU/tonne),2017,2017,7005,May,LCU,884.000000,A
BFA,2017-06-01,2017-06-30,233,'854,Burkina Faso,75,'0117,Oats,5530,Producer Price (LCU/tonne),2017,2017,7006,June,LCU,888.000000,A
BFA,2017-07-01,2017-07-31,233,'854,Burkina Faso,75,'0117,Oats,5530,Producer Price (LCU/tonne),2017,2017,7007,July,LCU,874.000000,A
BFA,2017-08-01,2017-08-31,233,'854,Burkina Faso,75,'0117,Oats,5530,Producer Price (LCU/tonne),2017,2017,7008,August,LCU,853.000000,A
BFA,2017-09-01,2017-09-30,233,'854,Burkina Faso,75,'0117,Oats,5530,Producer Price (LCU/tonne),2017,2017,7009,September,LCU,858.000000,A
BFA,2017-10-01,2017-10-31,233,'854,Burkina Faso,75,'0117,Oats,5530,Producer Price (LCU/tonne),2017,2017,7010,October,LCU,870.000000,A
BFA,2017-11-01,2017-11-30,233,'854,Burkina Faso,75,'0117,Oats,5530,Producer Price (LCU/tonne),2017,2017,7011,November,LCU,894.000000,A
BFA,2017-12-01,2017-12-31,233,'854,Burkina Faso,75,'0117,Oats,5530,Producer Price (LCU/tonne),2017,2017,7012,December,LCU,906.000000,A
BFA,1998-01-01,1998-12-31,233,'854,Burkina Faso,430,'01239.01,Okra,5530,Producer Price (LCU/tonne),1998,1998,7021,Annual value,LCU,82270.000000,A
BFA,1999-01-01,1999-12-31,233,'854,Burkina Faso,430,'01239.01,Okra,5530,Producer Price (LCU/tonne),1999,1999,7021,Annual value,LCU,118060.000000,A
BFA,2001-01-01,2001-12-31,233,'854,Burkina Faso,430,'01239.01,Okra,5530,Producer Price (LCU/tonne),2001,2001,7021,Annual value,LCU,91808.700000,A
BFA,2002-01-01,2002-12-31,233,'854,Burkina Faso,430,'01239.01,Okra,5530,Producer Price (LCU/tonne),2002,2002,7021,Annual value,LCU,83557.600000,A
BFA,2003-01-01,2003-12-31,233,'854,Burkina Faso,430,'01239.01,Okra,5530,Producer Price (LCU/tonne),2003,2003,7021,Annual value,LCU,188479.700000,A
BFA,2005-01-01,2005-12-31,233,'854,Burkina Faso,430,'01239.01,Okra,5530,Producer Price (LCU/tonne),2005,2005,7021,Annual value,LCU,114909.400000,A
BFA,2006-01-01,2006-12-31,233,'854,Burkina Faso,430,'01239.01,Okra,5530,Producer Price (LCU/tonne),2006,2006,7021,Annual value,LCU,87017.400000,A
BFA,2007-01-01,2007-12-31,233,'854,Burkina Faso,430,'01239.01,Okra,5530,Producer Price (LCU/tonne),2007,2007,7021,Annual value,LCU,95743.900000,A
BFA,2017-05-01,2017-05-31,233,'854,Burkina Faso,430,'01239.01,Okra,5530,Producer Price (LCU/tonne),2017,2017,7005,May,LCU,4229.000000,A
BFA,2017-06-01,2017-06-30,233,'854,Burkina Faso,430,'01239.01,Okra,5530,Producer Price (LCU/tonne),2017,2017,7006,June,LCU,5695.000000,A
BFA,2017-07-01,2017-07-31,233,'854,Burkina Faso,430,'01239.01,Okra,5530,Producer Price (LCU/tonne),2017,2017,7007,July,LCU,5579.000000,A
BFA,2017-08-01,2017-08-31,233,'854,Burkina Faso,430,'01239.01,Okra,5530,Producer Price (LCU/tonne),2017,2017,7008,August,LCU,5710.000000,A
BFA,2017-09-01,2017-09-30,233,'854,Burkina Faso,430,'01239.01,Okra,5530,Producer Price (LCU/tonne),2017,2017,7009,September,LCU,5707.000000,A
BFA,2017-10-01,2017-10-31,233,'854,Burkina Faso,430,'01239.01,Okra,5530,Producer Price (LCU/tonne),2017,2017,7010,October,LCU,6559.000000,A
BFA,2017-11-01,2017-11-30,233,'854,Burkina Faso,430,'01239.01,Okra,5530,Producer Price (LCU/tonne),2017,2017,7011,November,LCU,7142.000000,A
BFA,1998-01-01,1998-12-31,233,'854,Burkina Faso,430,'01239.01,Okra,5531,Producer Price (SLC/tonne),1998,1998,7021,Annual value,SLC,82270.000000,A
BFA,1999-01-01,1999-12-31,233,'854,Burkina Faso,430,'01239.01,Okra,5531,Producer Price (SLC/tonne),1999,1999,7021,Annual value,SLC,118060.000000,A
BFA,2001-01-01,2001-12-31,233,'854,Burkina Faso,430,'01239.01,Okra,5531,Producer Price (SLC/tonne),2001,2001,7021,Annual value,SLC,91808.700000,A
BFA,2002-01-01,2002-12-31,233,'854,Burkina Faso,430,'01239.01,Okra,5531,Producer Price (SLC/tonne),2002,2002,7021,Annual value,SLC,83557.600000,A
BFA,2003-01-01,2003-12-31,233,'854,Burkina Faso,430,'01239.01,Okra,5531,Producer Price (SLC/tonne),2003,2003,7021,Annual value,SLC,188479.700000,A
BFA,2005-01-01,2005-12-31,233,'854,Burkina Faso,430,'01239.01,Okra,5531,Producer Price (SLC/tonne),2005,2005,7021,Annual value,SLC,114909.400000,A
BFA,2006-01-01,2006-12-31,233,'854,Burkina Faso,430,'01239.01,Okra,5531,Producer Price (SLC/tonne),2006,2006,7021,Annual value,SLC,87017.400000,A
BFA,2007-01-01,2007-12-31,233,'854,Burkina Faso,430,'01239.01,Okra,5531,Producer Price (SLC/tonne),2007,2007,7021,Annual value,SLC,95743.900000,A
BFA,1998-01-01,1998-12-31,233,'854,Burkina Faso,430,'01239.01,Okra,5532,Producer Price (USD/tonne),1998,1998,7021,Annual value,USD,139.500000,A
BFA,1999-01-01,1999-12-31,233,'854,Burkina Faso,430,'01239.01,Okra,5532,Producer Price (USD/tonne),1999,1999,7021,Annual value,USD,191.700000,A
BFA,2001-01-01,2001-12-31,233,'854,Burkina Faso,430,'01239.01,Okra,5532,Producer Price (USD/tonne),2001,2001,7021,Annual value,USD,125.200000,A
BFA,2002-01-01,2002-12-31,233,'854,Burkina Faso,430,'01239.01,Okra,5532,Producer Price (USD/tonne),2002,2002,7021,Annual value,USD,119.900000,A
BFA,2003-01-01,2003-12-31,233,'854,Burkina Faso,430,'01239.01,Okra,5532,Producer Price (USD/tonne),2003,2003,7021,Annual value,USD,324.300000,A
BFA,2005-01-01,2005-12-31,233,'854,Burkina Faso,430,'01239.01,Okra,5532,Producer Price (USD/tonne),2005,2005,7021,Annual value,USD,217.900000,A
BFA,2006-01-01,2006-12-31,233,'854,Burkina Faso,430,'01239.01,Okra,5532,Producer Price (USD/tonne),2006,2006,7021,Annual value,USD,166.400000,A
BFA,2007-01-01,2007-12-31,233,'854,Burkina Faso,430,'01239.01,Okra,5532,Producer Price (USD/tonne),2007,2007,7021,Annual value,USD,199.800000,A
BFA,1991-01-01,1991-12-31,233,'854,Burkina Faso,430,'01239.01,Okra,5539,Producer Price Index (2014-2016 = 100),1991,1991,7021,Annual value,,92.100000,E
BFA,1992-01-01,1992-12-31,233,'854,Burkina Faso,430,'01239.01,Okra,5539,Producer Price Index (2014-2016 = 100),1992,1992,7021,Annual value,,92.100000,E
BFA,1993-01-01,1993-12-31,233,'854,Burkina Faso,430,'01239.01,Okra,5539,Producer Price Index (2014-2016 = 100),1993,1993,7021,Annual value,,92.100000,E
BFA,1994-01-01,1994-12-31,233,'854,Burkina Faso,430,'01239.01,Okra,5539,Producer Price Index (2014-2016 = 100),1994,1994,7021,Annual value,,92.100000,E
BFA,1995-01-01,1995-12-31,233,'854,Burkina Faso,430,'01239.01,Okra,5539,Producer Price Index (2014-2016 = 100),1995,1995,7021,Annual value,,92.100000,E
BFA,1996-01-01,1996-12-31,233,'854,Burkina Faso,430,'01239.01,Okra,5539,Producer Price Index (2014-2016 = 100),1996,1996,7021,Annual value,,92.100000,E
BFA,1997-01-01,1997-12-31,233,'854,Burkina Faso,430,'01239.01,Okra,5539,Producer Price Index (2014-2016 = 100),1997,1997,7021,Annual value,,92.100000,E
BFA,1998-01-01,1998-12-31,233,'854,Burkina Faso,430,'01239.01,Okra,5539,Producer Price Index (2014-2016 = 100),1998,1998,7021,Annual value,,68.880000,E
BFA,1999-01-01,1999-12-31,233,'854,Burkina Faso,430,'01239.01,Okra,5539,Producer Price Index (2014-2016 = 100),1999,1999,7021,Annual value,,98.850000,E
BFA,2000-01-01,2000-12-31,233,'854,Burkina Faso,430,'01239.01,Okra,5539,Producer Price Index (2014-2016 = 100),2000,2000,7021,Annual value,,107.450000,E
BFA,2001-01-01,2001-12-31,233,'854,Burkina Faso,430,'01239.01,Okra,5539,Producer Price Index (2014-2016 = 100),2001,2001,7021,Annual value,,76.870000,E
BFA,2002-01-01,2002-12-31,233,'854,Burkina Faso,430,'01239.01,Okra,5539,Producer Price Index (2014-2016 = 100),2002,2002,7021,Annual value,,69.960000,E
BFA,2003-01-01,2003-12-31,233,'854,Burkina Faso,430,'01239.01,Okra,5539,Producer Price Index (2014-2016 = 100),2003,2003,7021,Annual value,,157.810000,E
BFA,2004-01-01,2004-12-31,233,'854,Burkina Faso,430,'01239.01,Okra,5539,Producer Price Index (2014-2016 = 100),2004,2004,7021,Annual value,,106.990000,E
BFA,2005-01-01,2005-12-31,233,'854,Burkina Faso,430,'01239.01,Okra,5539,Producer Price Index (2014-2016 = 100),2005,2005,7021,Annual value,,96.210000,E
BFA,2006-01-01,2006-12-31,233,'854,Burkina Faso,430,'01239.01,Okra,5539,Producer Price Index (2014-2016 = 100),2006,2006,7021,Annual value,,72.860000,E
BFA,2007-01-01,2007-12-31,233,'854,Burkina Faso,430,'01239.01,Okra,5539,Producer Price Index (2014-2016 = 100),2007,2007,7021,Annual value,,80.160000,E
BFA,2008-01-01,2008-12-31,233,'854,Burkina Faso,430,'01239.01,Okra,5539,Producer Price Index (2014-2016 = 100),2008,2008,7021,Annual value,,92.840000,E
BFA,2009-01-01,2009-12-31,233,'854,Burkina Faso,430,'01239.01,Okra,5539,Producer Price Index (2014-2016 = 100),2009,2009,7021,Annual value,,93.930000,E
BFA,2010-01-01,2010-12-31,233,'854,Burkina Faso,430,'01239.01,Okra,5539,Producer Price Index (2014-2016 = 100),2010,2010,7021,Annual value,,94.900000,E
BFA,2011-01-01,2011-12-31,233,'854,Burkina Faso,430,'01239.01,Okra,5539,Producer Price Index (2014-2016 = 100),2011,2011,7021,Annual value,,95.720000,E
BFA,2012-01-01,2012-12-31,233,'854,Burkina Faso,430,'01239.01,Okra,5539,Producer Price Index (2014-2016 = 100),2012,2012,7021,Annual value,,96.430000,E
BFA,2013-01-01,2013-12-31,233,'854,Burkina Faso,430,'01239.01,Okra,5539,Producer Price Index (2014-2016 = 100),2013,2013,7021,Annual value,,98.390000,E
BFA,2014-01-01,2014-12-31,233,'854,Burkina Faso,430,'01239.01,Okra,5539,Producer Price Index (2014-2016 = 100),2014,2014,7021,Annual value,,99.020000,E
BFA,2015-01-01,2015-12-31,233,'854,Burkina Faso,430,'01239.01,Okra,5539,Producer Price Index (2014-2016 = 100),2015,2015,7021,Annual value,,100.300000,E
BFA,2016-01-01,2016-12-31,233,'854,Burkina Faso,430,'01239.01,Okra,5539,Producer Price Index (2014-2016 = 100),2016,2016,7021,Annual value,,100.680000,E
BFA,2017-01-01,2017-12-31,233,'854,Burkina Faso,430,'01239.01,Okra,5539,Producer Price Index (2014-2016 = 100),2017,2017,7021,Annual value,,101.070000,E
BFA,2018-01-01,2018-12-31,233,'854,Burkina Faso,430,'01239.01,Okra,5539,Producer Price Index (2014-2016 = 100),2018,2018,7021,Annual value,,101.490000,E
BFA,2019-01-01,2019-12-31,233,'854,Burkina Faso,430,'01239.01,Okra,5539,Producer Price Index (2014-2016 = 100),2019,2019,7021,Annual value,,101.960000,E
BFA,2020-01-01,2020-12-31,233,'854,Burkina Faso,430,'01239.01,Okra,5539,Producer Price Index (2014-2016 = 100),2020,2020,7021,Annual value,,106.430000,E
BFA,2021-01-01,2021-12-31,233,'854,Burkina Faso,430,'01239.01,Okra,5539,Producer Price Index (2014-2016 = 100),2021,2021,7021,Annual value,,107.580000,E
BFA,2022-01-01,2022-12-31,233,'854,Burkina Faso,430,'01239.01,Okra,5539,Producer Price Index (2014-2016 = 100),2022,2022,7021,Annual value,,106.420000,E
BFA,2023-01-01,2023-12-31,233,'854,Burkina Faso,430,'01239.01,Okra,5539,Producer Price Index (2014-2016 = 100),2023,2023,7021,Annual value,,101.530000,E
BFA,2024-01-01,2024-12-31,233,'854,Burkina Faso,430,'01239.01,Okra,5539,Producer Price Index (2014-2016 = 100),2024,2024,7021,Annual value,,107.350000,E
BFA,2025-01-01,2025-12-31,233,'854,Burkina Faso,430,'01239.01,Okra,5539,Producer Price Index (2014-2016 = 100),2025,2025,7021,Annual value,,107.720000,E
BFA,2017-01-01,2017-01-31,233,'854,Burkina Faso,260,'01450,Olives,5530,Producer Price (LCU/tonne),2017,2017,7001,January,LCU,3583.000000,A
BFA,2017-02-01,2017-02-28,233,'854,Burkina Faso,260,'01450,Olives,5530,Producer Price (LCU/tonne),2017,2017,7002,February,LCU,3694.000000,A
BFA,2017-03-01,2017-03-31,233,'854,Burkina Faso,260,'01450,Olives,5530,Producer Price (LCU/tonne),2017,2017,7003,March,LCU,3751.000000,A
BFA,2017-04-01,2017-04-30,233,'854,Burkina Faso,260,'01450,Olives,5530,Producer Price (LCU/tonne),2017,2017,7004,April,LCU,3781.000000,A
BFA,2017-05-01,2017-05-31,233,'854,Burkina Faso,260,'01450,Olives,5530,Producer Price (LCU/tonne),2017,2017,7005,May,LCU,3824.000000,A
BFA,2017-06-01,2017-06-30,233,'854,Burkina Faso,260,'01450,Olives,5530,Producer Price (LCU/tonne),2017,2017,7006,June,LCU,3843.000000,A
BFA,2017-07-01,2017-07-31,233,'854,Burkina Faso,260,'01450,Olives,5530,Producer Price (LCU/tonne),2017,2017,7007,July,LCU,3807.000000,A
BFA,2017-08-01,2017-08-31,233,'854,Burkina Faso,260,'01450,Olives,5530,Producer Price (LCU/tonne),2017,2017,7008,August,LCU,3971.000000,A
BFA,2017-09-01,2017-09-30,233,'854,Burkina Faso,260,'01450,Olives,5530,Producer Price (LCU/tonne),2017,2017,7009,September,LCU,3981.000000,A
BFA,2017-10-01,2017-10-31,233,'854,Burkina Faso,260,'01450,Olives,5530,Producer Price (LCU/tonne),2017,2017,7010,October,LCU,3874.000000,A
BFA,2017-11-01,2017-11-30,233,'854,Burkina Faso,260,'01450,Olives,5530,Producer Price (LCU/tonne),2017,2017,7011,November,LCU,4405.000000,A
BFA,2017-12-01,2017-12-31,233,'854,Burkina Faso,260,'01450,Olives,5530,Producer Price (LCU/tonne),2017,2017,7012,December,LCU,4349.000000,A
BFA,2017-01-01,2017-01-31,233,'854,Burkina Faso,403,'01253.02,"Onions and shallots, dry (excluding dehydrated)",5530,Producer Price (LCU/tonne),2017,2017,7001,January,LCU,523.000000,A
BFA,2017-02-01,2017-02-28,233,'854,Burkina Faso,403,'01253.02,"Onions and shallots, dry (excluding dehydrated)",5530,Producer Price (LCU/tonne),2017,2017,7002,February,LCU,521.000000,A
BFA,2017-03-01,2017-03-31,233,'854,Burkina Faso,403,'01253.02,"Onions and shallots, dry (excluding dehydrated)",5530,Producer Price (LCU/tonne),2017,2017,7003,March,LCU,508.000000,A
BFA,2017-04-01,2017-04-30,233,'854,Burkina Faso,403,'01253.02,"Onions and shallots, dry (excluding dehydrated)",5530,Producer Price (LCU/tonne),2017,2017,7004,April,LCU,517.000000,A
BFA,2017-05-01,2017-05-31,233,'854,Burkina Faso,403,'01253.02,"Onions and shallots, dry (excluding dehydrated)",5530,Producer Price (LCU/tonne),2017,2017,7005,May,LCU,533.000000,A
BFA,2017-06-01,2017-06-30,233,'854,Burkina Faso,403,'01253.02,"Onions and shallots, dry (excluding dehydrated)",5530,Producer Price (LCU/tonne),2017,2017,7006,June,LCU,563.000000,A
BFA,2017-07-01,2017-07-31,233,'854,Burkina Faso,403,'01253.02,"Onions and shallots, dry (excluding dehydrated)",5530,Producer Price (LCU/tonne),2017,2017,7007,July,LCU,615.000000,A
BFA,2017-08-01,2017-08-31,233,'854,Burkina Faso,403,'01253.02,"Onions and shallots, dry (excluding dehydrated)",5530,Producer Price (LCU/tonne),2017,2017,7008,August,LCU,615.000000,A
BFA,2017-09-01,2017-09-30,233,'854,Burkina Faso,403,'01253.02,"Onions and shallots, dry (excluding dehydrated)",5530,Producer Price (LCU/tonne),2017,2017,7009,September,LCU,620.000000,A
BFA,2017-10-01,2017-10-31,233,'854,Burkina Faso,403,'01253.02,"Onions and shallots, dry (excluding dehydrated)",5530,Producer Price (LCU/tonne),2017,2017,7010,October,LCU,578.000000,A
BFA,2017-11-01,2017-11-30,233,'854,Burkina Faso,403,'01253.02,"Onions and shallots, dry (excluding dehydrated)",5530,Producer Price (LCU/tonne),2017,2017,7011,November,LCU,565.000000,A
BFA,2017-12-01,2017-12-31,233,'854,Burkina Faso,403,'01253.02,"Onions and shallots, dry (excluding dehydrated)",5530,Producer Price (LCU/tonne),2017,2017,7012,December,LCU,581.000000,A
BFA,2003-01-01,2003-12-31,233,'854,Burkina Faso,402,'01253.01,"Onions and shallots, green",5530,Producer Price (LCU/tonne),2003,2003,7021,Annual value,LCU,262000.000000,X
BFA,2004-01-01,2004-12-31,233,'854,Burkina Faso,402,'01253.01,"Onions and shallots, green",5530,Producer Price (LCU/tonne),2004,2004,7021,Annual value,LCU,207879.000000,I
BFA,2005-01-01,2005-12-31,233,'854,Burkina Faso,402,'01253.01,"Onions and shallots, green",5530,Producer Price (LCU/tonne),2005,2005,7021,Annual value,LCU,153758.000000,I
BFA,2006-01-01,2006-12-31,233,'854,Burkina Faso,402,'01253.01,"Onions and shallots, green",5530,Producer Price (LCU/tonne),2006,2006,7021,Annual value,LCU,99637.000000,A
BFA,2007-01-01,2007-12-31,233,'854,Burkina Faso,402,'01253.01,"Onions and shallots, green",5530,Producer Price (LCU/tonne),2007,2007,7021,Annual value,LCU,100616.700000,A
BFA,2017-01-01,2017-01-31,233,'854,Burkina Faso,402,'01253.01,"Onions and shallots, green",5530,Producer Price (LCU/tonne),2017,2017,7001,January,LCU,2334.000000,A
BFA,2017-02-01,2017-02-28,233,'854,Burkina Faso,402,'01253.01,"Onions and shallots, green",5530,Producer Price (LCU/tonne),2017,2017,7002,February,LCU,2461.000000,A
BFA,2017-03-01,2017-03-31,233,'854,Burkina Faso,402,'01253.01,"Onions and shallots, green",5530,Producer Price (LCU/tonne),2017,2017,7003,March,LCU,2328.000000,A
BFA,2017-04-01,2017-04-30,233,'854,Burkina Faso,402,'01253.01,"Onions and shallots, green",5530,Producer Price (LCU/tonne),2017,2017,7004,April,LCU,2239.000000,A
BFA,2017-05-01,2017-05-31,233,'854,Burkina Faso,402,'01253.01,"Onions and shallots, green",5530,Producer Price (LCU/tonne),2017,2017,7005,May,LCU,1979.000000,A
BFA,2017-06-01,2017-06-30,233,'854,Burkina Faso,402,'01253.01,"Onions and shallots, green",5530,Producer Price (LCU/tonne),2017,2017,7006,June,LCU,1967.000000,A
BFA,2017-07-01,2017-07-31,233,'854,Burkina Faso,402,'01253.01,"Onions and shallots, green",5530,Producer Price (LCU/tonne),2017,2017,7007,July,LCU,1938.000000,A
BFA,2017-08-01,2017-08-31,233,'854,Burkina Faso,402,'01253.01,"Onions and shallots, green",5530,Producer Price (LCU/tonne),2017,2017,7008,August,LCU,1963.000000,A
BFA,2017-09-01,2017-09-30,233,'854,Burkina Faso,402,'01253.01,"Onions and shallots, green",5530,Producer Price (LCU/tonne),2017,2017,7009,September,LCU,1978.000000,A
BFA,2017-10-01,2017-10-31,233,'854,Burkina Faso,402,'01253.01,"Onions and shallots, green",5530,Producer Price (LCU/tonne),2017,2017,7010,October,LCU,2121.000000,A
BFA,2017-11-01,2017-11-30,233,'854,Burkina Faso,402,'01253.01,"Onions and shallots, green",5530,Producer Price (LCU/tonne),2017,2017,7011,November,LCU,2256.000000,A
BFA,2017-12-01,2017-12-31,233,'854,Burkina Faso,402,'01253.01,"Onions and shallots, green",5530,Producer Price (LCU/tonne),2017,2017,7012,December,LCU,2266.000000,A
BFA,2003-01-01,2003-12-31,233,'854,Burkina Faso,402,'01253.01,"Onions and shallots, green",5531,Producer Price (SLC/tonne),2003,2003,7021,Annual value,SLC,262000.000000,X
BFA,2004-01-01,2004-12-31,233,'854,Burkina Faso,402,'01253.01,"Onions and shallots, green",5531,Producer Price (SLC/tonne),2004,2004,7021,Annual value,SLC,207879.000000,I
BFA,2005-01-01,2005-12-31,233,'854,Burkina Faso,402,'01253.01,"Onions and shallots, green",5531,Producer Price (SLC/tonne),2005,2005,7021,Annual value,SLC,153758.000000,I
BFA,2006-01-01,2006-12-31,233,'854,Burkina Faso,402,'01253.01,"Onions and shallots, green",5531,Producer Price (SLC/tonne),2006,2006,7021,Annual value,SLC,99637.000000,A
BFA,2007-01-01,2007-12-31,233,'854,Burkina Faso,402,'01253.01,"Onions and shallots, green",5531,Producer Price (SLC/tonne),2007,2007,7021,Annual value,SLC,100616.700000,A
BFA,2003-01-01,2003-12-31,233,'854,Burkina Faso,402,'01253.01,"Onions and shallots, green",5532,Producer Price (USD/tonne),2003,2003,7021,Annual value,USD,450.800000,X
BFA,2004-01-01,2004-12-31,233,'854,Burkina Faso,402,'01253.01,"Onions and shallots, green",5532,Producer Price (USD/tonne),2004,2004,7021,Annual value,USD,393.500000,I
BFA,2005-01-01,2005-12-31,233,'854,Burkina Faso,402,'01253.01,"Onions and shallots, green",5532,Producer Price (USD/tonne),2005,2005,7021,Annual value,USD,291.500000,I
BFA,2006-01-01,2006-12-31,233,'854,Burkina Faso,402,'01253.01,"Onions and shallots, green",5532,Producer Price (USD/tonne),2006,2006,7021,Annual value,USD,190.600000,A
BFA,2007-01-01,2007-12-31,233,'854,Burkina Faso,402,'01253.01,"Onions and shallots, green",5532,Producer Price (USD/tonne),2007,2007,7021,Annual value,USD,209.900000,A
BFA,1991-01-01,1991-12-31,233,'854,Burkina Faso,402,'01253.01,"Onions and shallots, green",5539,Producer Price Index (2014-2016 = 100),1991,1991,7021,Annual value,,53.350000,E
BFA,1992-01-01,1992-12-31,233,'854,Burkina Faso,402,'01253.01,"Onions and shallots, green",5539,Producer Price Index (2014-2016 = 100),1992,1992,7021,Annual value,,53.350000,E
BFA,1993-01-01,1993-12-31,233,'854,Burkina Faso,402,'01253.01,"Onions and shallots, green",5539,Producer Price Index (2014-2016 = 100),1993,1993,7021,Annual value,,53.350000,E
BFA,1994-01-01,1994-12-31,233,'854,Burkina Faso,402,'01253.01,"Onions and shallots, green",5539,Producer Price Index (2014-2016 = 100),1994,1994,7021,Annual value,,53.350000,E
BFA,1995-01-01,1995-12-31,233,'854,Burkina Faso,402,'01253.01,"Onions and shallots, green",5539,Producer Price Index (2014-2016 = 100),1995,1995,7021,Annual value,,53.350000,E
BFA,1996-01-01,1996-12-31,233,'854,Burkina Faso,402,'01253.01,"Onions and shallots, green",5539,Producer Price Index (2014-2016 = 100),1996,1996,7021,Annual value,,53.350000,E
BFA,1997-01-01,1997-12-31,233,'854,Burkina Faso,402,'01253.01,"Onions and shallots, green",5539,Producer Price Index (2014-2016 = 100),1997,1997,7021,Annual value,,53.350000,E
BFA,1998-01-01,1998-12-31,233,'854,Burkina Faso,402,'01253.01,"Onions and shallots, green",5539,Producer Price Index (2014-2016 = 100),1998,1998,7021,Annual value,,53.350000,E
BFA,1999-01-01,1999-12-31,233,'854,Burkina Faso,402,'01253.01,"Onions and shallots, green",5539,Producer Price Index (2014-2016 = 100),1999,1999,7021,Annual value,,62.250000,E
BFA,2000-01-01,2000-12-31,233,'854,Burkina Faso,402,'01253.01,"Onions and shallots, green",5539,Producer Price Index (2014-2016 = 100),2000,2000,7021,Annual value,,62.250000,E
BFA,2001-01-01,2001-12-31,233,'854,Burkina Faso,402,'01253.01,"Onions and shallots, green",5539,Producer Price Index (2014-2016 = 100),2001,2001,7021,Annual value,,62.250000,E
BFA,2002-01-01,2002-12-31,233,'854,Burkina Faso,402,'01253.01,"Onions and shallots, green",5539,Producer Price Index (2014-2016 = 100),2002,2002,7021,Annual value,,118.490000,E
BFA,2003-01-01,2003-12-31,233,'854,Burkina Faso,402,'01253.01,"Onions and shallots, green",5539,Producer Price Index (2014-2016 = 100),2003,2003,7021,Annual value,,174.730000,E
BFA,2004-01-01,2004-12-31,233,'854,Burkina Faso,402,'01253.01,"Onions and shallots, green",5539,Producer Price Index (2014-2016 = 100),2004,2004,7021,Annual value,,138.640000,E
BFA,2005-01-01,2005-12-31,233,'854,Burkina Faso,402,'01253.01,"Onions and shallots, green",5539,Producer Price Index (2014-2016 = 100),2005,2005,7021,Annual value,,102.540000,E
BFA,2006-01-01,2006-12-31,233,'854,Burkina Faso,402,'01253.01,"Onions and shallots, green",5539,Producer Price Index (2014-2016 = 100),2006,2006,7021,Annual value,,66.450000,E
BFA,2007-01-01,2007-12-31,233,'854,Burkina Faso,402,'01253.01,"Onions and shallots, green",5539,Producer Price Index (2014-2016 = 100),2007,2007,7021,Annual value,,67.100000,E
BFA,2008-01-01,2008-12-31,233,'854,Burkina Faso,402,'01253.01,"Onions and shallots, green",5539,Producer Price Index (2014-2016 = 100),2008,2008,7021,Annual value,,72.190000,E
BFA,2009-01-01,2009-12-31,233,'854,Burkina Faso,402,'01253.01,"Onions and shallots, green",5539,Producer Price Index (2014-2016 = 100),2009,2009,7021,Annual value,,75.910000,E
BFA,2010-01-01,2010-12-31,233,'854,Burkina Faso,402,'01253.01,"Onions and shallots, green",5539,Producer Price Index (2014-2016 = 100),2010,2010,7021,Annual value,,79.320000,E
BFA,2011-01-01,2011-12-31,233,'854,Burkina Faso,402,'01253.01,"Onions and shallots, green",5539,Producer Price Index (2014-2016 = 100),2011,2011,7021,Annual value,,82.240000,E
BFA,2012-01-01,2012-12-31,233,'854,Burkina Faso,402,'01253.01,"Onions and shallots, green",5539,Producer Price Index (2014-2016 = 100),2012,2012,7021,Annual value,,84.550000,E
BFA,2013-01-01,2013-12-31,233,'854,Burkina Faso,402,'01253.01,"Onions and shallots, green",5539,Producer Price Index (2014-2016 = 100),2013,2013,7021,Annual value,,94.290000,E
BFA,2014-01-01,2014-12-31,233,'854,Burkina Faso,402,'01253.01,"Onions and shallots, green",5539,Producer Price Index (2014-2016 = 100),2014,2014,7021,Annual value,,96.330000,E
BFA,2015-01-01,2015-12-31,233,'854,Burkina Faso,402,'01253.01,"Onions and shallots, green",5539,Producer Price Index (2014-2016 = 100),2015,2015,7021,Annual value,,101.840000,E
BFA,2016-01-01,2016-12-31,233,'854,Burkina Faso,402,'01253.01,"Onions and shallots, green",5539,Producer Price Index (2014-2016 = 100),2016,2016,7021,Annual value,,101.830000,E
BFA,2017-01-01,2017-12-31,233,'854,Burkina Faso,402,'01253.01,"Onions and shallots, green",5539,Producer Price Index (2014-2016 = 100),2017,2017,7021,Annual value,,101.240000,E
BFA,2018-01-01,2018-12-31,233,'854,Burkina Faso,402,'01253.01,"Onions and shallots, green",5539,Producer Price Index (2014-2016 = 100),2018,2018,7021,Annual value,,100.190000,E
BFA,2019-01-01,2019-12-31,233,'854,Burkina Faso,402,'01253.01,"Onions and shallots, green",5539,Producer Price Index (2014-2016 = 100),2019,2019,7021,Annual value,,98.880000,E
BFA,2020-01-01,2020-12-31,233,'854,Burkina Faso,402,'01253.01,"Onions and shallots, green",5539,Producer Price Index (2014-2016 = 100),2020,2020,7021,Annual value,,96.830000,E
BFA,2021-01-01,2021-12-31,233,'854,Burkina Faso,402,'01253.01,"Onions and shallots, green",5539,Producer Price Index (2014-2016 = 100),2021,2021,7021,Annual value,,91.830000,E
BFA,2022-01-01,2022-12-31,233,'854,Burkina Faso,402,'01253.01,"Onions and shallots, green",5539,Producer Price Index (2014-2016 = 100),2022,2022,7021,Annual value,,90.160000,E
BFA,2023-01-01,2023-12-31,233,'854,Burkina Faso,402,'01253.01,"Onions and shallots, green",5539,Producer Price Index (2014-2016 = 100),2023,2023,7021,Annual value,,91.530000,E
BFA,2024-01-01,2024-12-31,233,'854,Burkina Faso,402,'01253.01,"Onions and shallots, green",5539,Producer Price Index (2014-2016 = 100),2024,2024,7021,Annual value,,105.570000,E
BFA,2025-01-01,2025-12-31,233,'854,Burkina Faso,402,'01253.01,"Onions and shallots, green",5539,Producer Price Index (2014-2016 = 100),2025,2025,7021,Annual value,,119.600000,E
BFA,1991-01-01,1991-12-31,233,'854,Burkina Faso,490,'01323,Oranges,5530,Producer Price (LCU/tonne),1991,1991,7021,Annual value,LCU,21703.100000,A
BFA,1992-01-01,1992-12-31,233,'854,Burkina Faso,490,'01323,Oranges,5530,Producer Price (LCU/tonne),1992,1992,7021,Annual value,LCU,14622.600000,A
BFA,1993-01-01,1993-12-31,233,'854,Burkina Faso,490,'01323,Oranges,5530,Producer Price (LCU/tonne),1993,1993,7021,Annual value,LCU,14544.800000,A
BFA,1994-01-01,1994-12-31,233,'854,Burkina Faso,490,'01323,Oranges,5530,Producer Price (LCU/tonne),1994,1994,7021,Annual value,LCU,12815.800000,A
BFA,1995-01-01,1995-12-31,233,'854,Burkina Faso,490,'01323,Oranges,5530,Producer Price (LCU/tonne),1995,1995,7021,Annual value,LCU,15251.200000,A
BFA,1996-01-01,1996-12-31,233,'854,Burkina Faso,490,'01323,Oranges,5530,Producer Price (LCU/tonne),1996,1996,7021,Annual value,LCU,16133.900000,A
BFA,1997-01-01,1997-12-31,233,'854,Burkina Faso,490,'01323,Oranges,5530,Producer Price (LCU/tonne),1997,1997,7021,Annual value,LCU,14734.100000,A
BFA,1998-01-01,1998-12-31,233,'854,Burkina Faso,490,'01323,Oranges,5530,Producer Price (LCU/tonne),1998,1998,7021,Annual value,LCU,15699.600000,A
BFA,1999-01-01,1999-12-31,233,'854,Burkina Faso,490,'01323,Oranges,5530,Producer Price (LCU/tonne),1999,1999,7021,Annual value,LCU,13917.400000,A
BFA,2000-01-01,2000-12-31,233,'854,Burkina Faso,490,'01323,Oranges,5530,Producer Price (LCU/tonne),2000,2000,7021,Annual value,LCU,11235.900000,A
BFA,2001-01-01,2001-12-31,233,'854,Burkina Faso,490,'01323,Oranges,5530,Producer Price (LCU/tonne),2001,2001,7021,Annual value,LCU,12626.700000,A
BFA,2002-01-01,2002-12-31,233,'854,Burkina Faso,490,'01323,Oranges,5530,Producer Price (LCU/tonne),2002,2002,7021,Annual value,LCU,14111.700000,A
BFA,2003-01-01,2003-12-31,233,'854,Burkina Faso,490,'01323,Oranges,5530,Producer Price (LCU/tonne),2003,2003,7021,Annual value,LCU,16577.300000,A
BFA,2006-01-01,2006-12-31,233,'854,Burkina Faso,490,'01323,Oranges,5530,Producer Price (LCU/tonne),2006,2006,7021,Annual value,LCU,20393.700000,A
BFA,2017-01-01,2017-01-31,233,'854,Burkina Faso,490,'01323,Oranges,5530,Producer Price (LCU/tonne),2017,2017,7001,January,LCU,563.000000,A
BFA,2017-02-01,2017-02-28,233,'854,Burkina Faso,490,'01323,Oranges,5530,Producer Price (LCU/tonne),2017,2017,7002,February,LCU,621.000000,A
BFA,2017-03-01,2017-03-31,233,'854,Burkina Faso,490,'01323,Oranges,5530,Producer Price (LCU/tonne),2017,2017,7003,March,LCU,708.000000,A
BFA,2017-04-01,2017-04-30,233,'854,Burkina Faso,490,'01323,Oranges,5530,Producer Price (LCU/tonne),2017,2017,7004,April,LCU,735.000000,A
BFA,2017-11-01,2017-11-30,233,'854,Burkina Faso,490,'01323,Oranges,5530,Producer Price (LCU/tonne),2017,2017,7011,November,LCU,725.000000,A
BFA,2017-12-01,2017-12-31,233,'854,Burkina Faso,490,'01323,Oranges,5530,Producer Price (LCU/tonne),2017,2017,7012,December,LCU,711.000000,A
BFA,1991-01-01,1991-12-31,233,'854,Burkina Faso,490,'01323,Oranges,5531,Producer Price (SLC/tonne),1991,1991,7021,Annual value,SLC,21703.100000,A
BFA,1992-01-01,1992-12-31,233,'854,Burkina Faso,490,'01323,Oranges,5531,Producer Price (SLC/tonne),1992,1992,7021,Annual value,SLC,14622.600000,A
BFA,1993-01-01,1993-12-31,233,'854,Burkina Faso,490,'01323,Oranges,5531,Producer Price (SLC/tonne),1993,1993,7021,Annual value,SLC,14544.800000,A
BFA,1994-01-01,1994-12-31,233,'854,Burkina Faso,490,'01323,Oranges,5531,Producer Price (SLC/tonne),1994,1994,7021,Annual value,SLC,12815.800000,A
BFA,1995-01-01,1995-12-31,233,'854,Burkina Faso,490,'01323,Oranges,5531,Producer Price (SLC/tonne),1995,1995,7021,Annual value,SLC,15251.200000,A
BFA,1996-01-01,1996-12-31,233,'854,Burkina Faso,490,'01323,Oranges,5531,Producer Price (SLC/tonne),1996,1996,7021,Annual value,SLC,16133.900000,A
BFA,1997-01-01,1997-12-31,233,'854,Burkina Faso,490,'01323,Oranges,5531,Producer Price (SLC/tonne),1997,1997,7021,Annual value,SLC,14734.100000,A
BFA,1998-01-01,1998-12-31,233,'854,Burkina Faso,490,'01323,Oranges,5531,Producer Price (SLC/tonne),1998,1998,7021,Annual value,SLC,15699.600000,A
BFA,1999-01-01,1999-12-31,233,'854,Burkina Faso,490,'01323,Oranges,5531,Producer Price (SLC/tonne),1999,1999,7021,Annual value,SLC,13917.400000,A
BFA,2000-01-01,2000-12-31,233,'854,Burkina Faso,490,'01323,Oranges,5531,Producer Price (SLC/tonne),2000,2000,7021,Annual value,SLC,11235.900000,A
BFA,2001-01-01,2001-12-31,233,'854,Burkina Faso,490,'01323,Oranges,5531,Producer Price (SLC/tonne),2001,2001,7021,Annual value,SLC,12626.700000,A
BFA,2002-01-01,2002-12-31,233,'854,Burkina Faso,490,'01323,Oranges,5531,Producer Price (SLC/tonne),2002,2002,7021,Annual value,SLC,14111.700000,A
BFA,2003-01-01,2003-12-31,233,'854,Burkina Faso,490,'01323,Oranges,5531,Producer Price (SLC/tonne),2003,2003,7021,Annual value,SLC,16577.300000,A
BFA,2006-01-01,2006-12-31,233,'854,Burkina Faso,490,'01323,Oranges,5531,Producer Price (SLC/tonne),2006,2006,7021,Annual value,SLC,20393.700000,A
BFA,1991-01-01,1991-12-31,233,'854,Burkina Faso,490,'01323,Oranges,5532,Producer Price (USD/tonne),1991,1991,7021,Annual value,USD,76.900000,A
BFA,1992-01-01,1992-12-31,233,'854,Burkina Faso,490,'01323,Oranges,5532,Producer Price (USD/tonne),1992,1992,7021,Annual value,USD,55.200000,A
BFA,1993-01-01,1993-12-31,233,'854,Burkina Faso,490,'01323,Oranges,5532,Producer Price (USD/tonne),1993,1993,7021,Annual value,USD,51.400000,A
BFA,1994-01-01,1994-12-31,233,'854,Burkina Faso,490,'01323,Oranges,5532,Producer Price (USD/tonne),1994,1994,7021,Annual value,USD,23.100000,A
BFA,1995-01-01,1995-12-31,233,'854,Burkina Faso,490,'01323,Oranges,5532,Producer Price (USD/tonne),1995,1995,7021,Annual value,USD,30.600000,A
BFA,1996-01-01,1996-12-31,233,'854,Burkina Faso,490,'01323,Oranges,5532,Producer Price (USD/tonne),1996,1996,7021,Annual value,USD,31.500000,A
BFA,1997-01-01,1997-12-31,233,'854,Burkina Faso,490,'01323,Oranges,5532,Producer Price (USD/tonne),1997,1997,7021,Annual value,USD,25.200000,A
BFA,1998-01-01,1998-12-31,233,'854,Burkina Faso,490,'01323,Oranges,5532,Producer Price (USD/tonne),1998,1998,7021,Annual value,USD,26.600000,A
BFA,1999-01-01,1999-12-31,233,'854,Burkina Faso,490,'01323,Oranges,5532,Producer Price (USD/tonne),1999,1999,7021,Annual value,USD,22.600000,A
BFA,2000-01-01,2000-12-31,233,'854,Burkina Faso,490,'01323,Oranges,5532,Producer Price (USD/tonne),2000,2000,7021,Annual value,USD,15.800000,A
BFA,2001-01-01,2001-12-31,233,'854,Burkina Faso,490,'01323,Oranges,5532,Producer Price (USD/tonne),2001,2001,7021,Annual value,USD,17.200000,A
BFA,2002-01-01,2002-12-31,233,'854,Burkina Faso,490,'01323,Oranges,5532,Producer Price (USD/tonne),2002,2002,7021,Annual value,USD,20.200000,A
BFA,2003-01-01,2003-12-31,233,'854,Burkina Faso,490,'01323,Oranges,5532,Producer Price (USD/tonne),2003,2003,7021,Annual value,USD,28.500000,A
BFA,2006-01-01,2006-12-31,233,'854,Burkina Faso,490,'01323,Oranges,5532,Producer Price (USD/tonne),2006,2006,7021,Annual value,USD,39.000000,A
BFA,1991-01-01,1991-12-31,233,'854,Burkina Faso,490,'01323,Oranges,5539,Producer Price Index (2014-2016 = 100),1991,1991,7021,Annual value,,73.680000,E
BFA,1992-01-01,1992-12-31,233,'854,Burkina Faso,490,'01323,Oranges,5539,Producer Price Index (2014-2016 = 100),1992,1992,7021,Annual value,,49.650000,E
BFA,1993-01-01,1993-12-31,233,'854,Burkina Faso,490,'01323,Oranges,5539,Producer Price Index (2014-2016 = 100),1993,1993,7021,Annual value,,49.380000,E
BFA,1994-01-01,1994-12-31,233,'854,Burkina Faso,490,'01323,Oranges,5539,Producer Price Index (2014-2016 = 100),1994,1994,7021,Annual value,,43.510000,E
BFA,1995-01-01,1995-12-31,233,'854,Burkina Faso,490,'01323,Oranges,5539,Producer Price Index (2014-2016 = 100),1995,1995,7021,Annual value,,51.780000,E
BFA,1996-01-01,1996-12-31,233,'854,Burkina Faso,490,'01323,Oranges,5539,Producer Price Index (2014-2016 = 100),1996,1996,7021,Annual value,,54.780000,E
BFA,1997-01-01,1997-12-31,233,'854,Burkina Faso,490,'01323,Oranges,5539,Producer Price Index (2014-2016 = 100),1997,1997,7021,Annual value,,50.020000,E
BFA,1998-01-01,1998-12-31,233,'854,Burkina Faso,490,'01323,Oranges,5539,Producer Price Index (2014-2016 = 100),1998,1998,7021,Annual value,,53.300000,E
BFA,1999-01-01,1999-12-31,233,'854,Burkina Faso,490,'01323,Oranges,5539,Producer Price Index (2014-2016 = 100),1999,1999,7021,Annual value,,47.250000,E
BFA,2000-01-01,2000-12-31,233,'854,Burkina Faso,490,'01323,Oranges,5539,Producer Price Index (2014-2016 = 100),2000,2000,7021,Annual value,,38.150000,E
BFA,2001-01-01,2001-12-31,233,'854,Burkina Faso,490,'01323,Oranges,5539,Producer Price Index (2014-2016 = 100),2001,2001,7021,Annual value,,42.870000,E
BFA,2002-01-01,2002-12-31,233,'854,Burkina Faso,490,'01323,Oranges,5539,Producer Price Index (2014-2016 = 100),2002,2002,7021,Annual value,,47.910000,E
BFA,2003-01-01,2003-12-31,233,'854,Burkina Faso,490,'01323,Oranges,5539,Producer Price Index (2014-2016 = 100),2003,2003,7021,Annual value,,56.280000,E
BFA,2004-01-01,2004-12-31,233,'854,Burkina Faso,490,'01323,Oranges,5539,Producer Price Index (2014-2016 = 100),2004,2004,7021,Annual value,,61.630000,E
BFA,2005-01-01,2005-12-31,233,'854,Burkina Faso,490,'01323,Oranges,5539,Producer Price Index (2014-2016 = 100),2005,2005,7021,Annual value,,70.280000,E
BFA,2006-01-01,2006-12-31,233,'854,Burkina Faso,490,'01323,Oranges,5539,Producer Price Index (2014-2016 = 100),2006,2006,7021,Annual value,,69.240000,E
BFA,2007-01-01,2007-12-31,233,'854,Burkina Faso,490,'01323,Oranges,5539,Producer Price Index (2014-2016 = 100),2007,2007,7021,Annual value,,75.930000,E
BFA,2008-01-01,2008-12-31,233,'854,Burkina Faso,490,'01323,Oranges,5539,Producer Price Index (2014-2016 = 100),2008,2008,7021,Annual value,,79.250000,E
BFA,2009-01-01,2009-12-31,233,'854,Burkina Faso,490,'01323,Oranges,5539,Producer Price Index (2014-2016 = 100),2009,2009,7021,Annual value,,83.430000,E
BFA,2010-01-01,2010-12-31,233,'854,Burkina Faso,490,'01323,Oranges,5539,Producer Price Index (2014-2016 = 100),2010,2010,7021,Annual value,,87.520000,E
BFA,2011-01-01,2011-12-31,233,'854,Burkina Faso,490,'01323,Oranges,5539,Producer Price Index (2014-2016 = 100),2011,2011,7021,Annual value,,91.490000,E
BFA,2012-01-01,2012-12-31,233,'854,Burkina Faso,490,'01323,Oranges,5539,Producer Price Index (2014-2016 = 100),2012,2012,7021,Annual value,,95.350000,E
BFA,2013-01-01,2013-12-31,233,'854,Burkina Faso,490,'01323,Oranges,5539,Producer Price Index (2014-2016 = 100),2013,2013,7021,Annual value,,94.300000,E
BFA,2014-01-01,2014-12-31,233,'854,Burkina Faso,490,'01323,Oranges,5539,Producer Price Index (2014-2016 = 100),2014,2014,7021,Annual value,,97.070000,E
BFA,2015-01-01,2015-12-31,233,'854,Burkina Faso,490,'01323,Oranges,5539,Producer Price Index (2014-2016 = 100),2015,2015,7021,Annual value,,100.290000,E
BFA,2016-01-01,2016-12-31,233,'854,Burkina Faso,490,'01323,Oranges,5539,Producer Price Index (2014-2016 = 100),2016,2016,7021,Annual value,,102.640000,E
BFA,2017-01-01,2017-12-31,233,'854,Burkina Faso,490,'01323,Oranges,5539,Producer Price Index (2014-2016 = 100),2017,2017,7021,Annual value,,104.960000,E
BFA,2018-01-01,2018-12-31,233,'854,Burkina Faso,490,'01323,Oranges,5539,Producer Price Index (2014-2016 = 100),2018,2018,7021,Annual value,,107.270000,E
BFA,2019-01-01,2019-12-31,233,'854,Burkina Faso,490,'01323,Oranges,5539,Producer Price Index (2014-2016 = 100),2019,2019,7021,Annual value,,109.600000,E
BFA,2020-01-01,2020-12-31,233,'854,Burkina Faso,490,'01323,Oranges,5539,Producer Price Index (2014-2016 = 100),2020,2020,7021,Annual value,,112.410000,E
BFA,2021-01-01,2021-12-31,233,'854,Burkina Faso,490,'01323,Oranges,5539,Producer Price Index (2014-2016 = 100),2021,2021,7021,Annual value,,113.630000,E
BFA,2022-01-01,2022-12-31,233,'854,Burkina Faso,490,'01323,Oranges,5539,Producer Price Index (2014-2016 = 100),2022,2022,7021,Annual value,,119.940000,E
BFA,2023-01-01,2023-12-31,233,'854,Burkina Faso,490,'01323,Oranges,5539,Producer Price Index (2014-2016 = 100),2023,2023,7021,Annual value,,115.600000,E
BFA,2024-01-01,2024-12-31,233,'854,Burkina Faso,490,'01323,Oranges,5539,Producer Price Index (2014-2016 = 100),2024,2024,7021,Annual value,,125.430000,E
BFA,2025-01-01,2025-12-31,233,'854,Burkina Faso,490,'01323,Oranges,5539,Producer Price Index (2014-2016 = 100),2025,2025,7021,Annual value,,124.000000,E
BFA,1991-01-01,1991-12-31,233,'854,Burkina Faso,414,'01241.90,"Other beans, green",5530,Producer Price (LCU/tonne),1991,1991,7021,Annual value,LCU,300000.000000,A
BFA,1992-01-01,1992-12-31,233,'854,Burkina Faso,414,'01241.90,"Other beans, green",5530,Producer Price (LCU/tonne),1992,1992,7021,Annual value,LCU,300000.000000,A
BFA,1993-01-01,1993-12-31,233,'854,Burkina Faso,414,'01241.90,"Other beans, green",5530,Producer Price (LCU/tonne),1993,1993,7021,Annual value,LCU,300000.000000,A
BFA,1994-01-01,1994-12-31,233,'854,Burkina Faso,414,'01241.90,"Other beans, green",5530,Producer Price (LCU/tonne),1994,1994,7021,Annual value,LCU,300000.000000,A
BFA,1995-01-01,1995-12-31,233,'854,Burkina Faso,414,'01241.90,"Other beans, green",5530,Producer Price (LCU/tonne),1995,1995,7021,Annual value,LCU,300000.000000,A
BFA,1996-01-01,1996-12-31,233,'854,Burkina Faso,414,'01241.90,"Other beans, green",5530,Producer Price (LCU/tonne),1996,1996,7021,Annual value,LCU,300000.000000,A
BFA,1997-01-01,1997-12-31,233,'854,Burkina Faso,414,'01241.90,"Other beans, green",5530,Producer Price (LCU/tonne),1997,1997,7021,Annual value,LCU,300000.000000,A
BFA,1998-01-01,1998-12-31,233,'854,Burkina Faso,414,'01241.90,"Other beans, green",5530,Producer Price (LCU/tonne),1998,1998,7021,Annual value,LCU,238600.000000,A
BFA,1999-01-01,1999-12-31,233,'854,Burkina Faso,414,'01241.90,"Other beans, green",5530,Producer Price (LCU/tonne),1999,1999,7021,Annual value,LCU,219320.000000,A
BFA,2000-01-01,2000-12-31,233,'854,Burkina Faso,414,'01241.90,"Other beans, green",5530,Producer Price (LCU/tonne),2000,2000,7021,Annual value,LCU,350000.000000,A
BFA,2001-01-01,2001-12-31,233,'854,Burkina Faso,414,'01241.90,"Other beans, green",5530,Producer Price (LCU/tonne),2001,2001,7021,Annual value,LCU,254722.800000,A
BFA,2002-01-01,2002-12-31,233,'854,Burkina Faso,414,'01241.90,"Other beans, green",5530,Producer Price (LCU/tonne),2002,2002,7021,Annual value,LCU,258245.700000,A
BFA,2003-01-01,2003-12-31,233,'854,Burkina Faso,414,'01241.90,"Other beans, green",5530,Producer Price (LCU/tonne),2003,2003,7021,Annual value,LCU,276403.100000,A
BFA,2005-01-01,2005-12-31,233,'854,Burkina Faso,414,'01241.90,"Other beans, green",5530,Producer Price (LCU/tonne),2005,2005,7021,Annual value,LCU,145727.600000,A
BFA,2006-01-01,2006-12-31,233,'854,Burkina Faso,414,'01241.90,"Other beans, green",5530,Producer Price (LCU/tonne),2006,2006,7021,Annual value,LCU,132427.500000,A
BFA,2017-01-01,2017-01-31,233,'854,Burkina Faso,414,'01241.90,"Other beans, green",5530,Producer Price (LCU/tonne),2017,2017,7001,January,LCU,4394.000000,A
BFA,2017-02-01,2017-02-28,233,'854,Burkina Faso,414,'01241.90,"Other beans, green",5530,Producer Price (LCU/tonne),2017,2017,7002,February,LCU,4657.000000,A
BFA,2017-03-01,2017-03-31,233,'854,Burkina Faso,414,'01241.90,"Other beans, green",5530,Producer Price (LCU/tonne),2017,2017,7003,March,LCU,5186.000000,A
BFA,2017-04-01,2017-04-30,233,'854,Burkina Faso,414,'01241.90,"Other beans, green",5530,Producer Price (LCU/tonne),2017,2017,7004,April,LCU,4485.000000,A
BFA,2017-05-01,2017-05-31,233,'854,Burkina Faso,414,'01241.90,"Other beans, green",5530,Producer Price (LCU/tonne),2017,2017,7005,May,LCU,2563.000000,A
BFA,2017-06-01,2017-06-30,233,'854,Burkina Faso,414,'01241.90,"Other beans, green",5530,Producer Price (LCU/tonne),2017,2017,7006,June,LCU,2474.000000,A
BFA,2017-07-01,2017-07-31,233,'854,Burkina Faso,414,'01241.90,"Other beans, green",5530,Producer Price (LCU/tonne),2017,2017,7007,July,LCU,2675.000000,A
BFA,2017-08-01,2017-08-31,233,'854,Burkina Faso,414,'01241.90,"Other beans, green",5530,Producer Price (LCU/tonne),2017,2017,7008,August,LCU,2674.000000,A
BFA,2017-09-01,2017-09-30,233,'854,Burkina Faso,414,'01241.90,"Other beans, green",5530,Producer Price (LCU/tonne),2017,2017,7009,September,LCU,2642.000000,A
BFA,2017-10-01,2017-10-31,233,'854,Burkina Faso,414,'01241.90,"Other beans, green",5530,Producer Price (LCU/tonne),2017,2017,7010,October,LCU,2796.000000,A
BFA,2017-11-01,2017-11-30,233,'854,Burkina Faso,414,'01241.90,"Other beans, green",5530,Producer Price (LCU/tonne),2017,2017,7011,November,LCU,3294.000000,A
BFA,2017-12-01,2017-12-31,233,'854,Burkina Faso,414,'01241.90,"Other beans, green",5530,Producer Price (LCU/tonne),2017,2017,7012,December,LCU,3118.000000,A
BFA,1991-01-01,1991-12-31,233,'854,Burkina Faso,414,'01241.90,"Other beans, green",5531,Producer Price (SLC/tonne),1991,1991,7021,Annual value,SLC,300000.000000,A
BFA,1992-01-01,1992-12-31,233,'854,Burkina Faso,414,'01241.90,"Other beans, green",5531,Producer Price (SLC/tonne),1992,1992,7021,Annual value,SLC,300000.000000,A
BFA,1993-01-01,1993-12-31,233,'854,Burkina Faso,414,'01241.90,"Other beans, green",5531,Producer Price (SLC/tonne),1993,1993,7021,Annual value,SLC,300000.000000,A
BFA,1994-01-01,1994-12-31,233,'854,Burkina Faso,414,'01241.90,"Other beans, green",5531,Producer Price (SLC/tonne),1994,1994,7021,Annual value,SLC,300000.000000,A
BFA,1995-01-01,1995-12-31,233,'854,Burkina Faso,414,'01241.90,"Other beans, green",5531,Producer Price (SLC/tonne),1995,1995,7021,Annual value,SLC,300000.000000,A
BFA,1996-01-01,1996-12-31,233,'854,Burkina Faso,414,'01241.90,"Other beans, green",5531,Producer Price (SLC/tonne),1996,1996,7021,Annual value,SLC,300000.000000,A
BFA,1997-01-01,1997-12-31,233,'854,Burkina Faso,414,'01241.90,"Other beans, green",5531,Producer Price (SLC/tonne),1997,1997,7021,Annual value,SLC,300000.000000,A
BFA,1998-01-01,1998-12-31,233,'854,Burkina Faso,414,'01241.90,"Other beans, green",5531,Producer Price (SLC/tonne),1998,1998,7021,Annual value,SLC,238600.000000,A
BFA,1999-01-01,1999-12-31,233,'854,Burkina Faso,414,'01241.90,"Other beans, green",5531,Producer Price (SLC/tonne),1999,1999,7021,Annual value,SLC,219320.000000,A
BFA,2000-01-01,2000-12-31,233,'854,Burkina Faso,414,'01241.90,"Other beans, green",5531,Producer Price (SLC/tonne),2000,2000,7021,Annual value,SLC,350000.000000,A
BFA,2001-01-01,2001-12-31,233,'854,Burkina Faso,414,'01241.90,"Other beans, green",5531,Producer Price (SLC/tonne),2001,2001,7021,Annual value,SLC,254722.800000,A
BFA,2002-01-01,2002-12-31,233,'854,Burkina Faso,414,'01241.90,"Other beans, green",5531,Producer Price (SLC/tonne),2002,2002,7021,Annual value,SLC,258245.700000,A
BFA,2003-01-01,2003-12-31,233,'854,Burkina Faso,414,'01241.90,"Other beans, green",5531,Producer Price (SLC/tonne),2003,2003,7021,Annual value,SLC,276403.100000,A
BFA,2005-01-01,2005-12-31,233,'854,Burkina Faso,414,'01241.90,"Other beans, green",5531,Producer Price (SLC/tonne),2005,2005,7021,Annual value,SLC,145727.600000,A
BFA,2006-01-01,2006-12-31,233,'854,Burkina Faso,414,'01241.90,"Other beans, green",5531,Producer Price (SLC/tonne),2006,2006,7021,Annual value,SLC,132427.500000,A
BFA,1991-01-01,1991-12-31,233,'854,Burkina Faso,414,'01241.90,"Other beans, green",5532,Producer Price (USD/tonne),1991,1991,7021,Annual value,USD,1063.400000,A
BFA,1992-01-01,1992-12-31,233,'854,Burkina Faso,414,'01241.90,"Other beans, green",5532,Producer Price (USD/tonne),1992,1992,7021,Annual value,USD,1133.400000,A
BFA,1993-01-01,1993-12-31,233,'854,Burkina Faso,414,'01241.90,"Other beans, green",5532,Producer Price (USD/tonne),1993,1993,7021,Annual value,USD,1059.500000,A
BFA,1994-01-01,1994-12-31,233,'854,Burkina Faso,414,'01241.90,"Other beans, green",5532,Producer Price (USD/tonne),1994,1994,7021,Annual value,USD,540.300000,A
BFA,1995-01-01,1995-12-31,233,'854,Burkina Faso,414,'01241.90,"Other beans, green",5532,Producer Price (USD/tonne),1995,1995,7021,Annual value,USD,601.000000,A
BFA,1996-01-01,1996-12-31,233,'854,Burkina Faso,414,'01241.90,"Other beans, green",5532,Producer Price (USD/tonne),1996,1996,7021,Annual value,USD,586.500000,A
BFA,1997-01-01,1997-12-31,233,'854,Burkina Faso,414,'01241.90,"Other beans, green",5532,Producer Price (USD/tonne),1997,1997,7021,Annual value,USD,514.000000,A
BFA,1998-01-01,1998-12-31,233,'854,Burkina Faso,414,'01241.90,"Other beans, green",5532,Producer Price (USD/tonne),1998,1998,7021,Annual value,USD,404.400000,A
BFA,1999-01-01,1999-12-31,233,'854,Burkina Faso,414,'01241.90,"Other beans, green",5532,Producer Price (USD/tonne),1999,1999,7021,Annual value,USD,356.200000,A
BFA,2000-01-01,2000-12-31,233,'854,Burkina Faso,414,'01241.90,"Other beans, green",5532,Producer Price (USD/tonne),2000,2000,7021,Annual value,USD,491.600000,A
BFA,2001-01-01,2001-12-31,233,'854,Burkina Faso,414,'01241.90,"Other beans, green",5532,Producer Price (USD/tonne),2001,2001,7021,Annual value,USD,347.500000,A
BFA,2002-01-01,2002-12-31,233,'854,Burkina Faso,414,'01241.90,"Other beans, green",5532,Producer Price (USD/tonne),2002,2002,7021,Annual value,USD,370.500000,A
BFA,2003-01-01,2003-12-31,233,'854,Burkina Faso,414,'01241.90,"Other beans, green",5532,Producer Price (USD/tonne),2003,2003,7021,Annual value,USD,475.600000,A
BFA,2005-01-01,2005-12-31,233,'854,Burkina Faso,414,'01241.90,"Other beans, green",5532,Producer Price (USD/tonne),2005,2005,7021,Annual value,USD,276.300000,A
BFA,2006-01-01,2006-12-31,233,'854,Burkina Faso,414,'01241.90,"Other beans, green",5532,Producer Price (USD/tonne),2006,2006,7021,Annual value,USD,253.300000,A
BFA,1991-01-01,1991-12-31,233,'854,Burkina Faso,414,'01241.90,"Other beans, green",5539,Producer Price Index (2014-2016 = 100),1991,1991,7021,Annual value,,160.460000,E
BFA,1992-01-01,1992-12-31,233,'854,Burkina Faso,414,'01241.90,"Other beans, green",5539,Producer Price Index (2014-2016 = 100),1992,1992,7021,Annual value,,160.460000,E
BFA,1993-01-01,1993-12-31,233,'854,Burkina Faso,414,'01241.90,"Other beans, green",5539,Producer Price Index (2014-2016 = 100),1993,1993,7021,Annual value,,160.460000,E
BFA,1994-01-01,1994-12-31,233,'854,Burkina Faso,414,'01241.90,"Other beans, green",5539,Producer Price Index (2014-2016 = 100),1994,1994,7021,Annual value,,160.460000,E
BFA,1995-01-01,1995-12-31,233,'854,Burkina Faso,414,'01241.90,"Other beans, green",5539,Producer Price Index (2014-2016 = 100),1995,1995,7021,Annual value,,160.460000,E
BFA,1996-01-01,1996-12-31,233,'854,Burkina Faso,414,'01241.90,"Other beans, green",5539,Producer Price Index (2014-2016 = 100),1996,1996,7021,Annual value,,160.460000,E
BFA,1997-01-01,1997-12-31,233,'854,Burkina Faso,414,'01241.90,"Other beans, green",5539,Producer Price Index (2014-2016 = 100),1997,1997,7021,Annual value,,160.460000,E
BFA,1998-01-01,1998-12-31,233,'854,Burkina Faso,414,'01241.90,"Other beans, green",5539,Producer Price Index (2014-2016 = 100),1998,1998,7021,Annual value,,127.620000,E
BFA,1999-01-01,1999-12-31,233,'854,Burkina Faso,414,'01241.90,"Other beans, green",5539,Producer Price Index (2014-2016 = 100),1999,1999,7021,Annual value,,117.300000,E
BFA,2000-01-01,2000-12-31,233,'854,Burkina Faso,414,'01241.90,"Other beans, green",5539,Producer Price Index (2014-2016 = 100),2000,2000,7021,Annual value,,187.200000,E
BFA,2001-01-01,2001-12-31,233,'854,Burkina Faso,414,'01241.90,"Other beans, green",5539,Producer Price Index (2014-2016 = 100),2001,2001,7021,Annual value,,136.240000,E
BFA,2002-01-01,2002-12-31,233,'854,Burkina Faso,414,'01241.90,"Other beans, green",5539,Producer Price Index (2014-2016 = 100),2002,2002,7021,Annual value,,138.120000,E
BFA,2003-01-01,2003-12-31,233,'854,Burkina Faso,414,'01241.90,"Other beans, green",5539,Producer Price Index (2014-2016 = 100),2003,2003,7021,Annual value,,147.840000,E
BFA,2004-01-01,2004-12-31,233,'854,Burkina Faso,414,'01241.90,"Other beans, green",5539,Producer Price Index (2014-2016 = 100),2004,2004,7021,Annual value,,112.890000,E
BFA,2005-01-01,2005-12-31,233,'854,Burkina Faso,414,'01241.90,"Other beans, green",5539,Producer Price Index (2014-2016 = 100),2005,2005,7021,Annual value,,77.940000,E
BFA,2006-01-01,2006-12-31,233,'854,Burkina Faso,414,'01241.90,"Other beans, green",5539,Producer Price Index (2014-2016 = 100),2006,2006,7021,Annual value,,70.830000,E
BFA,2007-01-01,2007-12-31,233,'854,Burkina Faso,414,'01241.90,"Other beans, green",5539,Producer Price Index (2014-2016 = 100),2007,2007,7021,Annual value,,77.670000,E
BFA,2008-01-01,2008-12-31,233,'854,Burkina Faso,414,'01241.90,"Other beans, green",5539,Producer Price Index (2014-2016 = 100),2008,2008,7021,Annual value,,87.030000,E
BFA,2009-01-01,2009-12-31,233,'854,Burkina Faso,414,'01241.90,"Other beans, green",5539,Producer Price Index (2014-2016 = 100),2009,2009,7021,Annual value,,89.690000,E
BFA,2010-01-01,2010-12-31,233,'854,Burkina Faso,414,'01241.90,"Other beans, green",5539,Producer Price Index (2014-2016 = 100),2010,2010,7021,Annual value,,91.900000,E
BFA,2011-01-01,2011-12-31,233,'854,Burkina Faso,414,'01241.90,"Other beans, green",5539,Producer Price Index (2014-2016 = 100),2011,2011,7021,Annual value,,93.910000,E
BFA,2012-01-01,2012-12-31,233,'854,Burkina Faso,414,'01241.90,"Other beans, green",5539,Producer Price Index (2014-2016 = 100),2012,2012,7021,Annual value,,95.700000,E
BFA,2013-01-01,2013-12-31,233,'854,Burkina Faso,414,'01241.90,"Other beans, green",5539,Producer Price Index (2014-2016 = 100),2013,2013,7021,Annual value,,94.860000,E
BFA,2014-01-01,2014-12-31,233,'854,Burkina Faso,414,'01241.90,"Other beans, green",5539,Producer Price Index (2014-2016 = 100),2014,2014,7021,Annual value,,95.650000,E
BFA,2015-01-01,2015-12-31,233,'854,Burkina Faso,414,'01241.90,"Other beans, green",5539,Producer Price Index (2014-2016 = 100),2015,2015,7021,Annual value,,102.650000,E
BFA,2016-01-01,2016-12-31,233,'854,Burkina Faso,414,'01241.90,"Other beans, green",5539,Producer Price Index (2014-2016 = 100),2016,2016,7021,Annual value,,101.700000,E
BFA,2017-01-01,2017-12-31,233,'854,Burkina Faso,414,'01241.90,"Other beans, green",5539,Producer Price Index (2014-2016 = 100),2017,2017,7021,Annual value,,100.520000,E
BFA,2018-01-01,2018-12-31,233,'854,Burkina Faso,414,'01241.90,"Other beans, green",5539,Producer Price Index (2014-2016 = 100),2018,2018,7021,Annual value,,99.110000,E
BFA,2019-01-01,2019-12-31,233,'854,Burkina Faso,414,'01241.90,"Other beans, green",5539,Producer Price Index (2014-2016 = 100),2019,2019,7021,Annual value,,97.490000,E
BFA,2020-01-01,2020-12-31,233,'854,Burkina Faso,414,'01241.90,"Other beans, green",5539,Producer Price Index (2014-2016 = 100),2020,2020,7021,Annual value,,97.530000,E
BFA,2021-01-01,2021-12-31,233,'854,Burkina Faso,414,'01241.90,"Other beans, green",5539,Producer Price Index (2014-2016 = 100),2021,2021,7021,Annual value,,92.540000,E
BFA,2022-01-01,2022-12-31,233,'854,Burkina Faso,414,'01241.90,"Other beans, green",5539,Producer Price Index (2014-2016 = 100),2022,2022,7021,Annual value,,89.500000,E
BFA,2023-01-01,2023-12-31,233,'854,Burkina Faso,414,'01241.90,"Other beans, green",5539,Producer Price Index (2014-2016 = 100),2023,2023,7021,Annual value,,89.220000,E
BFA,2024-01-01,2024-12-31,233,'854,Burkina Faso,414,'01241.90,"Other beans, green",5539,Producer Price Index (2014-2016 = 100),2024,2024,7021,Annual value,,95.340000,E
BFA,2025-01-01,2025-12-31,233,'854,Burkina Faso,414,'01241.90,"Other beans, green",5539,Producer Price Index (2014-2016 = 100),2025,2025,7021,Annual value,,101.460000,E
BFA,1991-01-01,1991-12-31,233,'854,Burkina Faso,619,'01359.90,"Other fruits, n.e.c.",5539,Producer Price Index (2014-2016 = 100),1991,1991,7021,Annual value,,61.090000,E
BFA,1992-01-01,1992-12-31,233,'854,Burkina Faso,619,'01359.90,"Other fruits, n.e.c.",5539,Producer Price Index (2014-2016 = 100),1992,1992,7021,Annual value,,63.130000,E
BFA,1993-01-01,1993-12-31,233,'854,Burkina Faso,619,'01359.90,"Other fruits, n.e.c.",5539,Producer Price Index (2014-2016 = 100),1993,1993,7021,Annual value,,51.450000,E
BFA,1994-01-01,1994-12-31,233,'854,Burkina Faso,619,'01359.90,"Other fruits, n.e.c.",5539,Producer Price Index (2014-2016 = 100),1994,1994,7021,Annual value,,68.770000,E
BFA,1995-01-01,1995-12-31,233,'854,Burkina Faso,619,'01359.90,"Other fruits, n.e.c.",5539,Producer Price Index (2014-2016 = 100),1995,1995,7021,Annual value,,68.770000,E
BFA,1996-01-01,1996-12-31,233,'854,Burkina Faso,619,'01359.90,"Other fruits, n.e.c.",5539,Producer Price Index (2014-2016 = 100),1996,1996,7021,Annual value,,96.400000,E
BFA,1997-01-01,1997-12-31,233,'854,Burkina Faso,619,'01359.90,"Other fruits, n.e.c.",5539,Producer Price Index (2014-2016 = 100),1997,1997,7021,Annual value,,98.000000,E
BFA,1998-01-01,1998-12-31,233,'854,Burkina Faso,619,'01359.90,"Other fruits, n.e.c.",5539,Producer Price Index (2014-2016 = 100),1998,1998,7021,Annual value,,118.980000,E
BFA,1999-01-01,1999-12-31,233,'854,Burkina Faso,619,'01359.90,"Other fruits, n.e.c.",5539,Producer Price Index (2014-2016 = 100),1999,1999,7021,Annual value,,92.770000,E
BFA,2000-01-01,2000-12-31,233,'854,Burkina Faso,619,'01359.90,"Other fruits, n.e.c.",5539,Producer Price Index (2014-2016 = 100),2000,2000,7021,Annual value,,71.030000,E
BFA,2001-01-01,2001-12-31,233,'854,Burkina Faso,619,'01359.90,"Other fruits, n.e.c.",5539,Producer Price Index (2014-2016 = 100),2001,2001,7021,Annual value,,110.330000,E
BFA,2002-01-01,2002-12-31,233,'854,Burkina Faso,619,'01359.90,"Other fruits, n.e.c.",5539,Producer Price Index (2014-2016 = 100),2002,2002,7021,Annual value,,125.480000,E
BFA,2003-01-01,2003-12-31,233,'854,Burkina Faso,619,'01359.90,"Other fruits, n.e.c.",5539,Producer Price Index (2014-2016 = 100),2003,2003,7021,Annual value,,86.500000,E
BFA,2004-01-01,2004-12-31,233,'854,Burkina Faso,619,'01359.90,"Other fruits, n.e.c.",5539,Producer Price Index (2014-2016 = 100),2004,2004,7021,Annual value,,92.370000,E
BFA,2005-01-01,2005-12-31,233,'854,Burkina Faso,619,'01359.90,"Other fruits, n.e.c.",5539,Producer Price Index (2014-2016 = 100),2005,2005,7021,Annual value,,89.710000,E
BFA,2006-01-01,2006-12-31,233,'854,Burkina Faso,619,'01359.90,"Other fruits, n.e.c.",5539,Producer Price Index (2014-2016 = 100),2006,2006,7021,Annual value,,77.260000,E
BFA,2007-01-01,2007-12-31,233,'854,Burkina Faso,619,'01359.90,"Other fruits, n.e.c.",5539,Producer Price Index (2014-2016 = 100),2007,2007,7021,Annual value,,84.720000,E
BFA,2008-01-01,2008-12-31,233,'854,Burkina Faso,619,'01359.90,"Other fruits, n.e.c.",5539,Producer Price Index (2014-2016 = 100),2008,2008,7021,Annual value,,92.260000,E
BFA,2009-01-01,2009-12-31,233,'854,Burkina Faso,619,'01359.90,"Other fruits, n.e.c.",5539,Producer Price Index (2014-2016 = 100),2009,2009,7021,Annual value,,93.980000,E
BFA,2010-01-01,2010-12-31,233,'854,Burkina Faso,619,'01359.90,"Other fruits, n.e.c.",5539,Producer Price Index (2014-2016 = 100),2010,2010,7021,Annual value,,95.670000,E
BFA,2011-01-01,2011-12-31,233,'854,Burkina Faso,619,'01359.90,"Other fruits, n.e.c.",5539,Producer Price Index (2014-2016 = 100),2011,2011,7021,Annual value,,97.280000,E
BFA,2012-01-01,2012-12-31,233,'854,Burkina Faso,619,'01359.90,"Other fruits, n.e.c.",5539,Producer Price Index (2014-2016 = 100),2012,2012,7021,Annual value,,98.780000,E
BFA,2013-01-01,2013-12-31,233,'854,Burkina Faso,619,'01359.90,"Other fruits, n.e.c.",5539,Producer Price Index (2014-2016 = 100),2013,2013,7021,Annual value,,99.310000,E
BFA,2014-01-01,2014-12-31,233,'854,Burkina Faso,619,'01359.90,"Other fruits, n.e.c.",5539,Producer Price Index (2014-2016 = 100),2014,2014,7021,Annual value,,100.260000,E
BFA,2015-01-01,2015-12-31,233,'854,Burkina Faso,619,'01359.90,"Other fruits, n.e.c.",5539,Producer Price Index (2014-2016 = 100),2015,2015,7021,Annual value,,99.530000,E
BFA,2016-01-01,2016-12-31,233,'854,Burkina Faso,619,'01359.90,"Other fruits, n.e.c.",5539,Producer Price Index (2014-2016 = 100),2016,2016,7021,Annual value,,100.200000,E
BFA,2017-01-01,2017-12-31,233,'854,Burkina Faso,619,'01359.90,"Other fruits, n.e.c.",5539,Producer Price Index (2014-2016 = 100),2017,2017,7021,Annual value,,100.690000,E
BFA,2018-01-01,2018-12-31,233,'854,Burkina Faso,619,'01359.90,"Other fruits, n.e.c.",5539,Producer Price Index (2014-2016 = 100),2018,2018,7021,Annual value,,100.990000,E
BFA,2019-01-01,2019-12-31,233,'854,Burkina Faso,619,'01359.90,"Other fruits, n.e.c.",5539,Producer Price Index (2014-2016 = 100),2019,2019,7021,Annual value,,101.140000,E
BFA,2020-01-01,2020-12-31,233,'854,Burkina Faso,619,'01359.90,"Other fruits, n.e.c.",5539,Producer Price Index (2014-2016 = 100),2020,2020,7021,Annual value,,103.340000,E
BFA,2021-01-01,2021-12-31,233,'854,Burkina Faso,619,'01359.90,"Other fruits, n.e.c.",5539,Producer Price Index (2014-2016 = 100),2021,2021,7021,Annual value,,98.770000,E
BFA,2022-01-01,2022-12-31,233,'854,Burkina Faso,619,'01359.90,"Other fruits, n.e.c.",5539,Producer Price Index (2014-2016 = 100),2022,2022,7021,Annual value,,127.260000,E
BFA,2023-01-01,2023-12-31,233,'854,Burkina Faso,619,'01359.90,"Other fruits, n.e.c.",5539,Producer Price Index (2014-2016 = 100),2023,2023,7021,Annual value,,100.430000,E
BFA,2024-01-01,2024-12-31,233,'854,Burkina Faso,619,'01359.90,"Other fruits, n.e.c.",5539,Producer Price Index (2014-2016 = 100),2024,2024,7021,Annual value,,114.360000,E
BFA,2025-01-01,2025-12-31,233,'854,Burkina Faso,619,'01359.90,"Other fruits, n.e.c.",5539,Producer Price Index (2014-2016 = 100),2025,2025,7021,Annual value,,113.070000,E
BFA,1991-01-01,1991-12-31,233,'854,Burkina Faso,211,'01709.90,Other pulses n.e.c.,5539,Producer Price Index (2014-2016 = 100),1991,1991,7021,Annual value,,45.790000,E
BFA,1992-01-01,1992-12-31,233,'854,Burkina Faso,211,'01709.90,Other pulses n.e.c.,5539,Producer Price Index (2014-2016 = 100),1992,1992,7021,Annual value,,47.310000,E
BFA,1993-01-01,1993-12-31,233,'854,Burkina Faso,211,'01709.90,Other pulses n.e.c.,5539,Producer Price Index (2014-2016 = 100),1993,1993,7021,Annual value,,38.570000,E
BFA,1994-01-01,1994-12-31,233,'854,Burkina Faso,211,'01709.90,Other pulses n.e.c.,5539,Producer Price Index (2014-2016 = 100),1994,1994,7021,Annual value,,51.550000,E
BFA,1995-01-01,1995-12-31,233,'854,Burkina Faso,211,'01709.90,Other pulses n.e.c.,5539,Producer Price Index (2014-2016 = 100),1995,1995,7021,Annual value,,51.550000,E
BFA,1996-01-01,1996-12-31,233,'854,Burkina Faso,211,'01709.90,Other pulses n.e.c.,5539,Producer Price Index (2014-2016 = 100),1996,1996,7021,Annual value,,72.250000,E
BFA,1997-01-01,1997-12-31,233,'854,Burkina Faso,211,'01709.90,Other pulses n.e.c.,5539,Producer Price Index (2014-2016 = 100),1997,1997,7021,Annual value,,73.450000,E
BFA,1998-01-01,1998-12-31,233,'854,Burkina Faso,211,'01709.90,Other pulses n.e.c.,5539,Producer Price Index (2014-2016 = 100),1998,1998,7021,Annual value,,89.180000,E
BFA,1999-01-01,1999-12-31,233,'854,Burkina Faso,211,'01709.90,Other pulses n.e.c.,5539,Producer Price Index (2014-2016 = 100),1999,1999,7021,Annual value,,69.530000,E
BFA,2000-01-01,2000-12-31,233,'854,Burkina Faso,211,'01709.90,Other pulses n.e.c.,5539,Producer Price Index (2014-2016 = 100),2000,2000,7021,Annual value,,53.240000,E
BFA,2001-01-01,2001-12-31,233,'854,Burkina Faso,211,'01709.90,Other pulses n.e.c.,5539,Producer Price Index (2014-2016 = 100),2001,2001,7021,Annual value,,82.690000,E
BFA,2002-01-01,2002-12-31,233,'854,Burkina Faso,211,'01709.90,Other pulses n.e.c.,5539,Producer Price Index (2014-2016 = 100),2002,2002,7021,Annual value,,94.050000,E
BFA,2003-01-01,2003-12-31,233,'854,Burkina Faso,211,'01709.90,Other pulses n.e.c.,5539,Producer Price Index (2014-2016 = 100),2003,2003,7021,Annual value,,64.830000,E
BFA,2004-01-01,2004-12-31,233,'854,Burkina Faso,211,'01709.90,Other pulses n.e.c.,5539,Producer Price Index (2014-2016 = 100),2004,2004,7021,Annual value,,72.460000,E
BFA,2005-01-01,2005-12-31,233,'854,Burkina Faso,211,'01709.90,Other pulses n.e.c.,5539,Producer Price Index (2014-2016 = 100),2005,2005,7021,Annual value,,83.230000,E
BFA,2006-01-01,2006-12-31,233,'854,Burkina Faso,211,'01709.90,Other pulses n.e.c.,5539,Producer Price Index (2014-2016 = 100),2006,2006,7021,Annual value,,71.670000,E
BFA,2007-01-01,2007-12-31,233,'854,Burkina Faso,211,'01709.90,Other pulses n.e.c.,5539,Producer Price Index (2014-2016 = 100),2007,2007,7021,Annual value,,78.600000,E
BFA,2008-01-01,2008-12-31,233,'854,Burkina Faso,211,'01709.90,Other pulses n.e.c.,5539,Producer Price Index (2014-2016 = 100),2008,2008,7021,Annual value,,83.590000,E
BFA,2009-01-01,2009-12-31,233,'854,Burkina Faso,211,'01709.90,Other pulses n.e.c.,5539,Producer Price Index (2014-2016 = 100),2009,2009,7021,Annual value,,87.260000,E
BFA,2010-01-01,2010-12-31,233,'854,Burkina Faso,211,'01709.90,Other pulses n.e.c.,5539,Producer Price Index (2014-2016 = 100),2010,2010,7021,Annual value,,90.700000,E
BFA,2011-01-01,2011-12-31,233,'854,Burkina Faso,211,'01709.90,Other pulses n.e.c.,5539,Producer Price Index (2014-2016 = 100),2011,2011,7021,Annual value,,93.860000,E
BFA,2012-01-01,2012-12-31,233,'854,Burkina Faso,211,'01709.90,Other pulses n.e.c.,5539,Producer Price Index (2014-2016 = 100),2012,2012,7021,Annual value,,96.720000,E
BFA,2013-01-01,2013-12-31,233,'854,Burkina Faso,211,'01709.90,Other pulses n.e.c.,5539,Producer Price Index (2014-2016 = 100),2013,2013,7021,Annual value,,98.440000,E
BFA,2014-01-01,2014-12-31,233,'854,Burkina Faso,211,'01709.90,Other pulses n.e.c.,5539,Producer Price Index (2014-2016 = 100),2014,2014,7021,Annual value,,100.330000,E
BFA,2015-01-01,2015-12-31,233,'854,Burkina Faso,211,'01709.90,Other pulses n.e.c.,5539,Producer Price Index (2014-2016 = 100),2015,2015,7021,Annual value,,99.140000,E
BFA,2016-01-01,2016-12-31,233,'854,Burkina Faso,211,'01709.90,Other pulses n.e.c.,5539,Producer Price Index (2014-2016 = 100),2016,2016,7021,Annual value,,100.530000,E
BFA,2017-01-01,2017-12-31,233,'854,Burkina Faso,211,'01709.90,Other pulses n.e.c.,5539,Producer Price Index (2014-2016 = 100),2017,2017,7021,Annual value,,101.550000,E
BFA,2018-01-01,2018-12-31,233,'854,Burkina Faso,211,'01709.90,Other pulses n.e.c.,5539,Producer Price Index (2014-2016 = 100),2018,2018,7021,Annual value,,102.220000,E
BFA,2019-01-01,2019-12-31,233,'854,Burkina Faso,211,'01709.90,Other pulses n.e.c.,5539,Producer Price Index (2014-2016 = 100),2019,2019,7021,Annual value,,102.570000,E
BFA,2020-01-01,2020-12-31,233,'854,Burkina Faso,211,'01709.90,Other pulses n.e.c.,5539,Producer Price Index (2014-2016 = 100),2020,2020,7021,Annual value,,98.800000,E
BFA,2021-01-01,2021-12-31,233,'854,Burkina Faso,211,'01709.90,Other pulses n.e.c.,5539,Producer Price Index (2014-2016 = 100),2021,2021,7021,Annual value,,95.120000,E
BFA,2022-01-01,2022-12-31,233,'854,Burkina Faso,211,'01709.90,Other pulses n.e.c.,5539,Producer Price Index (2014-2016 = 100),2022,2022,7021,Annual value,,124.990000,E
BFA,2023-01-01,2023-12-31,233,'854,Burkina Faso,211,'01709.90,Other pulses n.e.c.,5539,Producer Price Index (2014-2016 = 100),2023,2023,7021,Annual value,,102.870000,E
BFA,2024-01-01,2024-12-31,233,'854,Burkina Faso,211,'01709.90,Other pulses n.e.c.,5539,Producer Price Index (2014-2016 = 100),2024,2024,7021,Annual value,,117.570000,E
BFA,2025-01-01,2025-12-31,233,'854,Burkina Faso,211,'01709.90,Other pulses n.e.c.,5539,Producer Price Index (2014-2016 = 100),2025,2025,7021,Annual value,,119.840000,E
BFA,1991-01-01,1991-12-31,233,'854,Burkina Faso,723,'01699,"Other stimulant, spice and aromatic crops, n.e.c.",5539,Producer Price Index (2014-2016 = 100),1991,1991,7021,Annual value,,49.140000,E
BFA,1992-01-01,1992-12-31,233,'854,Burkina Faso,723,'01699,"Other stimulant, spice and aromatic crops, n.e.c.",5539,Producer Price Index (2014-2016 = 100),1992,1992,7021,Annual value,,50.780000,E
BFA,1993-01-01,1993-12-31,233,'854,Burkina Faso,723,'01699,"Other stimulant, spice and aromatic crops, n.e.c.",5539,Producer Price Index (2014-2016 = 100),1993,1993,7021,Annual value,,41.390000,E
BFA,1994-01-01,1994-12-31,233,'854,Burkina Faso,723,'01699,"Other stimulant, spice and aromatic crops, n.e.c.",5539,Producer Price Index (2014-2016 = 100),1994,1994,7021,Annual value,,55.320000,E
BFA,1995-01-01,1995-12-31,233,'854,Burkina Faso,723,'01699,"Other stimulant, spice and aromatic crops, n.e.c.",5539,Producer Price Index (2014-2016 = 100),1995,1995,7021,Annual value,,55.320000,E
BFA,1996-01-01,1996-12-31,233,'854,Burkina Faso,723,'01699,"Other stimulant, spice and aromatic crops, n.e.c.",5539,Producer Price Index (2014-2016 = 100),1996,1996,7021,Annual value,,77.540000,E
BFA,1997-01-01,1997-12-31,233,'854,Burkina Faso,723,'01699,"Other stimulant, spice and aromatic crops, n.e.c.",5539,Producer Price Index (2014-2016 = 100),1997,1997,7021,Annual value,,78.830000,E
BFA,1998-01-01,1998-12-31,233,'854,Burkina Faso,723,'01699,"Other stimulant, spice and aromatic crops, n.e.c.",5539,Producer Price Index (2014-2016 = 100),1998,1998,7021,Annual value,,95.710000,E
BFA,1999-01-01,1999-12-31,233,'854,Burkina Faso,723,'01699,"Other stimulant, spice and aromatic crops, n.e.c.",5539,Producer Price Index (2014-2016 = 100),1999,1999,7021,Annual value,,74.630000,E
BFA,2000-01-01,2000-12-31,233,'854,Burkina Faso,723,'01699,"Other stimulant, spice and aromatic crops, n.e.c.",5539,Producer Price Index (2014-2016 = 100),2000,2000,7021,Annual value,,57.140000,E
BFA,2001-01-01,2001-12-31,233,'854,Burkina Faso,723,'01699,"Other stimulant, spice and aromatic crops, n.e.c.",5539,Producer Price Index (2014-2016 = 100),2001,2001,7021,Annual value,,88.750000,E
BFA,2002-01-01,2002-12-31,233,'854,Burkina Faso,723,'01699,"Other stimulant, spice and aromatic crops, n.e.c.",5539,Producer Price Index (2014-2016 = 100),2002,2002,7021,Annual value,,100.940000,E
BFA,2003-01-01,2003-12-31,233,'854,Burkina Faso,723,'01699,"Other stimulant, spice and aromatic crops, n.e.c.",5539,Producer Price Index (2014-2016 = 100),2003,2003,7021,Annual value,,69.580000,E
BFA,2004-01-01,2004-12-31,233,'854,Burkina Faso,723,'01699,"Other stimulant, spice and aromatic crops, n.e.c.",5539,Producer Price Index (2014-2016 = 100),2004,2004,7021,Annual value,,76.500000,E
BFA,2005-01-01,2005-12-31,233,'854,Burkina Faso,723,'01699,"Other stimulant, spice and aromatic crops, n.e.c.",5539,Producer Price Index (2014-2016 = 100),2005,2005,7021,Annual value,,87.870000,E
BFA,2006-01-01,2006-12-31,233,'854,Burkina Faso,723,'01699,"Other stimulant, spice and aromatic crops, n.e.c.",5539,Producer Price Index (2014-2016 = 100),2006,2006,7021,Annual value,,75.670000,E
BFA,2007-01-01,2007-12-31,233,'854,Burkina Faso,723,'01699,"Other stimulant, spice and aromatic crops, n.e.c.",5539,Producer Price Index (2014-2016 = 100),2007,2007,7021,Annual value,,82.980000,E
BFA,2008-01-01,2008-12-31,233,'854,Burkina Faso,723,'01699,"Other stimulant, spice and aromatic crops, n.e.c.",5539,Producer Price Index (2014-2016 = 100),2008,2008,7021,Annual value,,88.330000,E
BFA,2009-01-01,2009-12-31,233,'854,Burkina Faso,723,'01699,"Other stimulant, spice and aromatic crops, n.e.c.",5539,Producer Price Index (2014-2016 = 100),2009,2009,7021,Annual value,,91.760000,E
BFA,2010-01-01,2010-12-31,233,'854,Burkina Faso,723,'01699,"Other stimulant, spice and aromatic crops, n.e.c.",5539,Producer Price Index (2014-2016 = 100),2010,2010,7021,Annual value,,94.840000,E
BFA,2011-01-01,2011-12-31,233,'854,Burkina Faso,723,'01699,"Other stimulant, spice and aromatic crops, n.e.c.",5539,Producer Price Index (2014-2016 = 100),2011,2011,7021,Annual value,,97.560000,E
BFA,2012-01-01,2012-12-31,233,'854,Burkina Faso,723,'01699,"Other stimulant, spice and aromatic crops, n.e.c.",5539,Producer Price Index (2014-2016 = 100),2012,2012,7021,Annual value,,99.950000,E
BFA,2013-01-01,2013-12-31,233,'854,Burkina Faso,723,'01699,"Other stimulant, spice and aromatic crops, n.e.c.",5539,Producer Price Index (2014-2016 = 100),2013,2013,7021,Annual value,,101.060000,E
BFA,2014-01-01,2014-12-31,233,'854,Burkina Faso,723,'01699,"Other stimulant, spice and aromatic crops, n.e.c.",5539,Producer Price Index (2014-2016 = 100),2014,2014,7021,Annual value,,102.670000,E
BFA,2015-01-01,2015-12-31,233,'854,Burkina Faso,723,'01699,"Other stimulant, spice and aromatic crops, n.e.c.",5539,Producer Price Index (2014-2016 = 100),2015,2015,7021,Annual value,,97.540000,E
BFA,2016-01-01,2016-12-31,233,'854,Burkina Faso,723,'01699,"Other stimulant, spice and aromatic crops, n.e.c.",5539,Producer Price Index (2014-2016 = 100),2016,2016,7021,Annual value,,99.790000,E
BFA,2017-01-01,2017-12-31,233,'854,Burkina Faso,723,'01699,"Other stimulant, spice and aromatic crops, n.e.c.",5539,Producer Price Index (2014-2016 = 100),2017,2017,7021,Annual value,,101.960000,E
BFA,2018-01-01,2018-12-31,233,'854,Burkina Faso,723,'01699,"Other stimulant, spice and aromatic crops, n.e.c.",5539,Producer Price Index (2014-2016 = 100),2018,2018,7021,Annual value,,104.120000,E
BFA,2019-01-01,2019-12-31,233,'854,Burkina Faso,723,'01699,"Other stimulant, spice and aromatic crops, n.e.c.",5539,Producer Price Index (2014-2016 = 100),2019,2019,7021,Annual value,,106.360000,E
BFA,2020-01-01,2020-12-31,233,'854,Burkina Faso,723,'01699,"Other stimulant, spice and aromatic crops, n.e.c.",5539,Producer Price Index (2014-2016 = 100),2020,2020,7021,Annual value,,103.990000,E
BFA,2021-01-01,2021-12-31,233,'854,Burkina Faso,723,'01699,"Other stimulant, spice and aromatic crops, n.e.c.",5539,Producer Price Index (2014-2016 = 100),2021,2021,7021,Annual value,,107.140000,E
BFA,2022-01-01,2022-12-31,233,'854,Burkina Faso,723,'01699,"Other stimulant, spice and aromatic crops, n.e.c.",5539,Producer Price Index (2014-2016 = 100),2022,2022,7021,Annual value,,131.340000,E
BFA,2023-01-01,2023-12-31,233,'854,Burkina Faso,723,'01699,"Other stimulant, spice and aromatic crops, n.e.c.",5539,Producer Price Index (2014-2016 = 100),2023,2023,7021,Annual value,,106.270000,E
BFA,2024-01-01,2024-12-31,233,'854,Burkina Faso,723,'01699,"Other stimulant, spice and aromatic crops, n.e.c.",5539,Producer Price Index (2014-2016 = 100),2024,2024,7021,Annual value,,122.500000,E
BFA,2025-01-01,2025-12-31,233,'854,Burkina Faso,723,'01699,"Other stimulant, spice and aromatic crops, n.e.c.",5539,Producer Price Index (2014-2016 = 100),2025,2025,7021,Annual value,,119.720000,E
BFA,1991-01-01,1991-12-31,233,'854,Burkina Faso,603,'01319,"Other tropical fruits, n.e.c.",5539,Producer Price Index (2014-2016 = 100),1991,1991,7021,Annual value,,61.760000,E
BFA,1992-01-01,1992-12-31,233,'854,Burkina Faso,603,'01319,"Other tropical fruits, n.e.c.",5539,Producer Price Index (2014-2016 = 100),1992,1992,7021,Annual value,,63.820000,E
BFA,1993-01-01,1993-12-31,233,'854,Burkina Faso,603,'01319,"Other tropical fruits, n.e.c.",5539,Producer Price Index (2014-2016 = 100),1993,1993,7021,Annual value,,52.020000,E
BFA,1994-01-01,1994-12-31,233,'854,Burkina Faso,603,'01319,"Other tropical fruits, n.e.c.",5539,Producer Price Index (2014-2016 = 100),1994,1994,7021,Annual value,,69.520000,E
BFA,1995-01-01,1995-12-31,233,'854,Burkina Faso,603,'01319,"Other tropical fruits, n.e.c.",5539,Producer Price Index (2014-2016 = 100),1995,1995,7021,Annual value,,69.520000,E
BFA,1996-01-01,1996-12-31,233,'854,Burkina Faso,603,'01319,"Other tropical fruits, n.e.c.",5539,Producer Price Index (2014-2016 = 100),1996,1996,7021,Annual value,,97.450000,E
BFA,1997-01-01,1997-12-31,233,'854,Burkina Faso,603,'01319,"Other tropical fruits, n.e.c.",5539,Producer Price Index (2014-2016 = 100),1997,1997,7021,Annual value,,99.070000,E
BFA,1998-01-01,1998-12-31,233,'854,Burkina Faso,603,'01319,"Other tropical fruits, n.e.c.",5539,Producer Price Index (2014-2016 = 100),1998,1998,7021,Annual value,,120.270000,E
BFA,1999-01-01,1999-12-31,233,'854,Burkina Faso,603,'01319,"Other tropical fruits, n.e.c.",5539,Producer Price Index (2014-2016 = 100),1999,1999,7021,Annual value,,93.780000,E
BFA,2000-01-01,2000-12-31,233,'854,Burkina Faso,603,'01319,"Other tropical fruits, n.e.c.",5539,Producer Price Index (2014-2016 = 100),2000,2000,7021,Annual value,,71.800000,E
BFA,2001-01-01,2001-12-31,233,'854,Burkina Faso,603,'01319,"Other tropical fruits, n.e.c.",5539,Producer Price Index (2014-2016 = 100),2001,2001,7021,Annual value,,111.530000,E
BFA,2002-01-01,2002-12-31,233,'854,Burkina Faso,603,'01319,"Other tropical fruits, n.e.c.",5539,Producer Price Index (2014-2016 = 100),2002,2002,7021,Annual value,,126.850000,E
BFA,2003-01-01,2003-12-31,233,'854,Burkina Faso,603,'01319,"Other tropical fruits, n.e.c.",5539,Producer Price Index (2014-2016 = 100),2003,2003,7021,Annual value,,87.440000,E
BFA,2004-01-01,2004-12-31,233,'854,Burkina Faso,603,'01319,"Other tropical fruits, n.e.c.",5539,Producer Price Index (2014-2016 = 100),2004,2004,7021,Annual value,,93.380000,E
BFA,2005-01-01,2005-12-31,233,'854,Burkina Faso,603,'01319,"Other tropical fruits, n.e.c.",5539,Producer Price Index (2014-2016 = 100),2005,2005,7021,Annual value,,90.690000,E
BFA,2006-01-01,2006-12-31,233,'854,Burkina Faso,603,'01319,"Other tropical fruits, n.e.c.",5539,Producer Price Index (2014-2016 = 100),2006,2006,7021,Annual value,,78.100000,E
BFA,2007-01-01,2007-12-31,233,'854,Burkina Faso,603,'01319,"Other tropical fruits, n.e.c.",5539,Producer Price Index (2014-2016 = 100),2007,2007,7021,Annual value,,85.640000,E
BFA,2008-01-01,2008-12-31,233,'854,Burkina Faso,603,'01319,"Other tropical fruits, n.e.c.",5539,Producer Price Index (2014-2016 = 100),2008,2008,7021,Annual value,,93.360000,E
BFA,2009-01-01,2009-12-31,233,'854,Burkina Faso,603,'01319,"Other tropical fruits, n.e.c.",5539,Producer Price Index (2014-2016 = 100),2009,2009,7021,Annual value,,94.720000,E
BFA,2010-01-01,2010-12-31,233,'854,Burkina Faso,603,'01319,"Other tropical fruits, n.e.c.",5539,Producer Price Index (2014-2016 = 100),2010,2010,7021,Annual value,,96.090000,E
BFA,2011-01-01,2011-12-31,233,'854,Burkina Faso,603,'01319,"Other tropical fruits, n.e.c.",5539,Producer Price Index (2014-2016 = 100),2011,2011,7021,Annual value,,97.430000,E
BFA,2012-01-01,2012-12-31,233,'854,Burkina Faso,603,'01319,"Other tropical fruits, n.e.c.",5539,Producer Price Index (2014-2016 = 100),2012,2012,7021,Annual value,,98.710000,E
BFA,2013-01-01,2013-12-31,233,'854,Burkina Faso,603,'01319,"Other tropical fruits, n.e.c.",5539,Producer Price Index (2014-2016 = 100),2013,2013,7021,Annual value,,99.180000,E
BFA,2014-01-01,2014-12-31,233,'854,Burkina Faso,603,'01319,"Other tropical fruits, n.e.c.",5539,Producer Price Index (2014-2016 = 100),2014,2014,7021,Annual value,,100.090000,E
BFA,2015-01-01,2015-12-31,233,'854,Burkina Faso,603,'01319,"Other tropical fruits, n.e.c.",5539,Producer Price Index (2014-2016 = 100),2015,2015,7021,Annual value,,99.560000,E
BFA,2016-01-01,2016-12-31,233,'854,Burkina Faso,603,'01319,"Other tropical fruits, n.e.c.",5539,Producer Price Index (2014-2016 = 100),2016,2016,7021,Annual value,,100.350000,E
BFA,2017-01-01,2017-12-31,233,'854,Burkina Faso,603,'01319,"Other tropical fruits, n.e.c.",5539,Producer Price Index (2014-2016 = 100),2017,2017,7021,Annual value,,101.050000,E
BFA,2018-01-01,2018-12-31,233,'854,Burkina Faso,603,'01319,"Other tropical fruits, n.e.c.",5539,Producer Price Index (2014-2016 = 100),2018,2018,7021,Annual value,,101.680000,E
BFA,2019-01-01,2019-12-31,233,'854,Burkina Faso,603,'01319,"Other tropical fruits, n.e.c.",5539,Producer Price Index (2014-2016 = 100),2019,2019,7021,Annual value,,102.260000,E
BFA,2020-01-01,2020-12-31,233,'854,Burkina Faso,603,'01319,"Other tropical fruits, n.e.c.",5539,Producer Price Index (2014-2016 = 100),2020,2020,7021,Annual value,,104.470000,E
BFA,2021-01-01,2021-12-31,233,'854,Burkina Faso,603,'01319,"Other tropical fruits, n.e.c.",5539,Producer Price Index (2014-2016 = 100),2021,2021,7021,Annual value,,99.840000,E
BFA,2022-01-01,2022-12-31,233,'854,Burkina Faso,603,'01319,"Other tropical fruits, n.e.c.",5539,Producer Price Index (2014-2016 = 100),2022,2022,7021,Annual value,,128.650000,E
BFA,2023-01-01,2023-12-31,233,'854,Burkina Faso,603,'01319,"Other tropical fruits, n.e.c.",5539,Producer Price Index (2014-2016 = 100),2023,2023,7021,Annual value,,100.920000,E
BFA,2024-01-01,2024-12-31,233,'854,Burkina Faso,603,'01319,"Other tropical fruits, n.e.c.",5539,Producer Price Index (2014-2016 = 100),2024,2024,7021,Annual value,,115.150000,E
BFA,2025-01-01,2025-12-31,233,'854,Burkina Faso,603,'01319,"Other tropical fruits, n.e.c.",5539,Producer Price Index (2014-2016 = 100),2025,2025,7021,Annual value,,113.450000,E
BFA,1991-01-01,1991-12-31,233,'854,Burkina Faso,463,'01290.90,"Other vegetables, fresh n.e.c.",5539,Producer Price Index (2014-2016 = 100),1991,1991,7021,Annual value,,56.770000,E
BFA,1992-01-01,1992-12-31,233,'854,Burkina Faso,463,'01290.90,"Other vegetables, fresh n.e.c.",5539,Producer Price Index (2014-2016 = 100),1992,1992,7021,Annual value,,56.770000,E
BFA,1993-01-01,1993-12-31,233,'854,Burkina Faso,463,'01290.90,"Other vegetables, fresh n.e.c.",5539,Producer Price Index (2014-2016 = 100),1993,1993,7021,Annual value,,56.770000,E
BFA,1994-01-01,1994-12-31,233,'854,Burkina Faso,463,'01290.90,"Other vegetables, fresh n.e.c.",5539,Producer Price Index (2014-2016 = 100),1994,1994,7021,Annual value,,56.770000,E
BFA,1995-01-01,1995-12-31,233,'854,Burkina Faso,463,'01290.90,"Other vegetables, fresh n.e.c.",5539,Producer Price Index (2014-2016 = 100),1995,1995,7021,Annual value,,56.770000,E
BFA,1996-01-01,1996-12-31,233,'854,Burkina Faso,463,'01290.90,"Other vegetables, fresh n.e.c.",5539,Producer Price Index (2014-2016 = 100),1996,1996,7021,Annual value,,56.770000,E
BFA,1997-01-01,1997-12-31,233,'854,Burkina Faso,463,'01290.90,"Other vegetables, fresh n.e.c.",5539,Producer Price Index (2014-2016 = 100),1997,1997,7021,Annual value,,56.770000,E
BFA,1998-01-01,1998-12-31,233,'854,Burkina Faso,463,'01290.90,"Other vegetables, fresh n.e.c.",5539,Producer Price Index (2014-2016 = 100),1998,1998,7021,Annual value,,56.770000,E
BFA,1999-01-01,1999-12-31,233,'854,Burkina Faso,463,'01290.90,"Other vegetables, fresh n.e.c.",5539,Producer Price Index (2014-2016 = 100),1999,1999,7021,Annual value,,66.230000,E
BFA,2000-01-01,2000-12-31,233,'854,Burkina Faso,463,'01290.90,"Other vegetables, fresh n.e.c.",5539,Producer Price Index (2014-2016 = 100),2000,2000,7021,Annual value,,66.230000,E
BFA,2001-01-01,2001-12-31,233,'854,Burkina Faso,463,'01290.90,"Other vegetables, fresh n.e.c.",5539,Producer Price Index (2014-2016 = 100),2001,2001,7021,Annual value,,66.230000,E
BFA,2002-01-01,2002-12-31,233,'854,Burkina Faso,463,'01290.90,"Other vegetables, fresh n.e.c.",5539,Producer Price Index (2014-2016 = 100),2002,2002,7021,Annual value,,61.280000,E
BFA,2003-01-01,2003-12-31,233,'854,Burkina Faso,463,'01290.90,"Other vegetables, fresh n.e.c.",5539,Producer Price Index (2014-2016 = 100),2003,2003,7021,Annual value,,65.680000,E
BFA,2004-01-01,2004-12-31,233,'854,Burkina Faso,463,'01290.90,"Other vegetables, fresh n.e.c.",5539,Producer Price Index (2014-2016 = 100),2004,2004,7021,Annual value,,73.410000,E
BFA,2005-01-01,2005-12-31,233,'854,Burkina Faso,463,'01290.90,"Other vegetables, fresh n.e.c.",5539,Producer Price Index (2014-2016 = 100),2005,2005,7021,Annual value,,84.320000,E
BFA,2006-01-01,2006-12-31,233,'854,Burkina Faso,463,'01290.90,"Other vegetables, fresh n.e.c.",5539,Producer Price Index (2014-2016 = 100),2006,2006,7021,Annual value,,72.610000,E
BFA,2007-01-01,2007-12-31,233,'854,Burkina Faso,463,'01290.90,"Other vegetables, fresh n.e.c.",5539,Producer Price Index (2014-2016 = 100),2007,2007,7021,Annual value,,79.620000,E
BFA,2008-01-01,2008-12-31,233,'854,Burkina Faso,463,'01290.90,"Other vegetables, fresh n.e.c.",5539,Producer Price Index (2014-2016 = 100),2008,2008,7021,Annual value,,81.550000,E
BFA,2009-01-01,2009-12-31,233,'854,Burkina Faso,463,'01290.90,"Other vegetables, fresh n.e.c.",5539,Producer Price Index (2014-2016 = 100),2009,2009,7021,Annual value,,84.160000,E
BFA,2010-01-01,2010-12-31,233,'854,Burkina Faso,463,'01290.90,"Other vegetables, fresh n.e.c.",5539,Producer Price Index (2014-2016 = 100),2010,2010,7021,Annual value,,86.790000,E
BFA,2011-01-01,2011-12-31,233,'854,Burkina Faso,463,'01290.90,"Other vegetables, fresh n.e.c.",5539,Producer Price Index (2014-2016 = 100),2011,2011,7021,Annual value,,89.410000,E
BFA,2012-01-01,2012-12-31,233,'854,Burkina Faso,463,'01290.90,"Other vegetables, fresh n.e.c.",5539,Producer Price Index (2014-2016 = 100),2012,2012,7021,Annual value,,92.010000,E
BFA,2013-01-01,2013-12-31,233,'854,Burkina Faso,463,'01290.90,"Other vegetables, fresh n.e.c.",5539,Producer Price Index (2014-2016 = 100),2013,2013,7021,Annual value,,94.640000,E
BFA,2014-01-01,2014-12-31,233,'854,Burkina Faso,463,'01290.90,"Other vegetables, fresh n.e.c.",5539,Producer Price Index (2014-2016 = 100),2014,2014,7021,Annual value,,97.090000,E
BFA,2015-01-01,2015-12-31,233,'854,Burkina Faso,463,'01290.90,"Other vegetables, fresh n.e.c.",5539,Producer Price Index (2014-2016 = 100),2015,2015,7021,Annual value,,100.380000,E
BFA,2016-01-01,2016-12-31,233,'854,Burkina Faso,463,'01290.90,"Other vegetables, fresh n.e.c.",5539,Producer Price Index (2014-2016 = 100),2016,2016,7021,Annual value,,102.530000,E
BFA,2017-01-01,2017-12-31,233,'854,Burkina Faso,463,'01290.90,"Other vegetables, fresh n.e.c.",5539,Producer Price Index (2014-2016 = 100),2017,2017,7021,Annual value,,104.670000,E
BFA,2018-01-01,2018-12-31,233,'854,Burkina Faso,463,'01290.90,"Other vegetables, fresh n.e.c.",5539,Producer Price Index (2014-2016 = 100),2018,2018,7021,Annual value,,106.780000,E
BFA,2019-01-01,2019-12-31,233,'854,Burkina Faso,463,'01290.90,"Other vegetables, fresh n.e.c.",5539,Producer Price Index (2014-2016 = 100),2019,2019,7021,Annual value,,108.900000,E
BFA,2020-01-01,2020-12-31,233,'854,Burkina Faso,463,'01290.90,"Other vegetables, fresh n.e.c.",5539,Producer Price Index (2014-2016 = 100),2020,2020,7021,Annual value,,111.880000,E
BFA,2021-01-01,2021-12-31,233,'854,Burkina Faso,463,'01290.90,"Other vegetables, fresh n.e.c.",5539,Producer Price Index (2014-2016 = 100),2021,2021,7021,Annual value,,111.520000,E
BFA,2022-01-01,2022-12-31,233,'854,Burkina Faso,463,'01290.90,"Other vegetables, fresh n.e.c.",5539,Producer Price Index (2014-2016 = 100),2022,2022,7021,Annual value,,117.050000,E
BFA,2023-01-01,2023-12-31,233,'854,Burkina Faso,463,'01290.90,"Other vegetables, fresh n.e.c.",5539,Producer Price Index (2014-2016 = 100),2023,2023,7021,Annual value,,116.780000,E
BFA,2024-01-01,2024-12-31,233,'854,Burkina Faso,463,'01290.90,"Other vegetables, fresh n.e.c.",5539,Producer Price Index (2014-2016 = 100),2024,2024,7021,Annual value,,123.370000,E
BFA,2025-01-01,2025-12-31,233,'854,Burkina Faso,463,'01290.90,"Other vegetables, fresh n.e.c.",5539,Producer Price Index (2014-2016 = 100),2025,2025,7021,Annual value,,126.500000,E
BFA,2017-05-01,2017-05-31,233,'854,Burkina Faso,534,'01345,Peaches and nectarines,5530,Producer Price (LCU/tonne),2017,2017,7005,May,LCU,1848.000000,A
BFA,2017-06-01,2017-06-30,233,'854,Burkina Faso,534,'01345,Peaches and nectarines,5530,Producer Price (LCU/tonne),2017,2017,7006,June,LCU,1972.000000,A
BFA,2017-07-01,2017-07-31,233,'854,Burkina Faso,534,'01345,Peaches and nectarines,5530,Producer Price (LCU/tonne),2017,2017,7007,July,LCU,1681.000000,A
BFA,2017-08-01,2017-08-31,233,'854,Burkina Faso,534,'01345,Peaches and nectarines,5530,Producer Price (LCU/tonne),2017,2017,7008,August,LCU,1557.000000,A
BFA,2017-09-01,2017-09-30,233,'854,Burkina Faso,534,'01345,Peaches and nectarines,5530,Producer Price (LCU/tonne),2017,2017,7009,September,LCU,1508.000000,A
BFA,2017-07-01,2017-07-31,233,'854,Burkina Faso,521,'01342.01,Pears,5530,Producer Price (LCU/tonne),2017,2017,7007,July,LCU,1947.000000,A
BFA,2017-08-01,2017-08-31,233,'854,Burkina Faso,521,'01342.01,Pears,5530,Producer Price (LCU/tonne),2017,2017,7008,August,LCU,1905.000000,A
BFA,2017-09-01,2017-09-30,233,'854,Burkina Faso,521,'01342.01,Pears,5530,Producer Price (LCU/tonne),2017,2017,7009,September,LCU,1883.000000,A
BFA,2017-10-01,2017-10-31,233,'854,Burkina Faso,521,'01342.01,Pears,5530,Producer Price (LCU/tonne),2017,2017,7010,October,LCU,1822.000000,A
BFA,2017-11-01,2017-11-30,233,'854,Burkina Faso,521,'01342.01,Pears,5530,Producer Price (LCU/tonne),2017,2017,7011,November,LCU,1793.000000,A
BFA,2017-01-01,2017-01-31,233,'854,Burkina Faso,187,'01705,"Peas, dry",5530,Producer Price (LCU/tonne),2017,2017,7001,January,LCU,2375.000000,A
BFA,2017-02-01,2017-02-28,233,'854,Burkina Faso,187,'01705,"Peas, dry",5530,Producer Price (LCU/tonne),2017,2017,7002,February,LCU,2375.000000,A
BFA,2017-03-01,2017-03-31,233,'854,Burkina Faso,187,'01705,"Peas, dry",5530,Producer Price (LCU/tonne),2017,2017,7003,March,LCU,2375.000000,A
BFA,2017-04-01,2017-04-30,233,'854,Burkina Faso,187,'01705,"Peas, dry",5530,Producer Price (LCU/tonne),2017,2017,7004,April,LCU,2367.000000,A
BFA,2017-05-01,2017-05-31,233,'854,Burkina Faso,187,'01705,"Peas, dry",5530,Producer Price (LCU/tonne),2017,2017,7005,May,LCU,2367.000000,A
BFA,2017-06-01,2017-06-30,233,'854,Burkina Faso,187,'01705,"Peas, dry",5530,Producer Price (LCU/tonne),2017,2017,7006,June,LCU,2367.000000,A
BFA,2017-07-01,2017-07-31,233,'854,Burkina Faso,187,'01705,"Peas, dry",5530,Producer Price (LCU/tonne),2017,2017,7007,July,LCU,2367.000000,A
BFA,2017-08-01,2017-08-31,233,'854,Burkina Faso,187,'01705,"Peas, dry",5530,Producer Price (LCU/tonne),2017,2017,7008,August,LCU,2367.000000,A
BFA,2017-09-01,2017-09-30,233,'854,Burkina Faso,187,'01705,"Peas, dry",5530,Producer Price (LCU/tonne),2017,2017,7009,September,LCU,2367.000000,A
BFA,2017-10-01,2017-10-31,233,'854,Burkina Faso,187,'01705,"Peas, dry",5530,Producer Price (LCU/tonne),2017,2017,7010,October,LCU,2367.000000,A
BFA,2017-11-01,2017-11-30,233,'854,Burkina Faso,187,'01705,"Peas, dry",5530,Producer Price (LCU/tonne),2017,2017,7011,November,LCU,2367.000000,A
BFA,2017-12-01,2017-12-31,233,'854,Burkina Faso,187,'01705,"Peas, dry",5530,Producer Price (LCU/tonne),2017,2017,7012,December,LCU,2367.000000,A
BFA,2017-02-01,2017-02-28,233,'854,Burkina Faso,417,'01242,"Peas, green",5530,Producer Price (LCU/tonne),2017,2017,7002,February,LCU,1317.000000,A
BFA,2017-03-01,2017-03-31,233,'854,Burkina Faso,417,'01242,"Peas, green",5530,Producer Price (LCU/tonne),2017,2017,7003,March,LCU,1529.000000,A
BFA,2017-04-01,2017-04-30,233,'854,Burkina Faso,417,'01242,"Peas, green",5530,Producer Price (LCU/tonne),2017,2017,7004,April,LCU,881.000000,A
BFA,2017-05-01,2017-05-31,233,'854,Burkina Faso,417,'01242,"Peas, green",5530,Producer Price (LCU/tonne),2017,2017,7005,May,LCU,1202.000000,A
BFA,2017-06-01,2017-06-30,233,'854,Burkina Faso,417,'01242,"Peas, green",5530,Producer Price (LCU/tonne),2017,2017,7006,June,LCU,1265.000000,A
BFA,2017-07-01,2017-07-31,233,'854,Burkina Faso,417,'01242,"Peas, green",5530,Producer Price (LCU/tonne),2017,2017,7007,July,LCU,1143.000000,A
BFA,2017-08-01,2017-08-31,233,'854,Burkina Faso,417,'01242,"Peas, green",5530,Producer Price (LCU/tonne),2017,2017,7008,August,LCU,1122.000000,A
BFA,2017-09-01,2017-09-30,233,'854,Burkina Faso,417,'01242,"Peas, green",5530,Producer Price (LCU/tonne),2017,2017,7009,September,LCU,1068.000000,A
BFA,2017-10-01,2017-10-31,233,'854,Burkina Faso,417,'01242,"Peas, green",5530,Producer Price (LCU/tonne),2017,2017,7010,October,LCU,1876.000000,A
BFA,2017-01-01,2017-01-31,233,'854,Burkina Faso,223,'01375,"Pistachios, in shell",5530,Producer Price (LCU/tonne),2017,2017,7001,January,LCU,15178.000000,A
BFA,2017-02-01,2017-02-28,233,'854,Burkina Faso,223,'01375,"Pistachios, in shell",5530,Producer Price (LCU/tonne),2017,2017,7002,February,LCU,16153.000000,A
BFA,2017-03-01,2017-03-31,233,'854,Burkina Faso,223,'01375,"Pistachios, in shell",5530,Producer Price (LCU/tonne),2017,2017,7003,March,LCU,16287.000000,A
BFA,2017-04-01,2017-04-30,233,'854,Burkina Faso,223,'01375,"Pistachios, in shell",5530,Producer Price (LCU/tonne),2017,2017,7004,April,LCU,17788.000000,A
BFA,2017-05-01,2017-05-31,233,'854,Burkina Faso,223,'01375,"Pistachios, in shell",5530,Producer Price (LCU/tonne),2017,2017,7005,May,LCU,17794.000000,A
BFA,2017-06-01,2017-06-30,233,'854,Burkina Faso,223,'01375,"Pistachios, in shell",5530,Producer Price (LCU/tonne),2017,2017,7006,June,LCU,17849.000000,A
BFA,2017-07-01,2017-07-31,233,'854,Burkina Faso,223,'01375,"Pistachios, in shell",5530,Producer Price (LCU/tonne),2017,2017,7007,July,LCU,18035.000000,A
BFA,2017-08-01,2017-08-31,233,'854,Burkina Faso,223,'01375,"Pistachios, in shell",5530,Producer Price (LCU/tonne),2017,2017,7008,August,LCU,20618.000000,A
BFA,2017-09-01,2017-09-30,233,'854,Burkina Faso,223,'01375,"Pistachios, in shell",5530,Producer Price (LCU/tonne),2017,2017,7009,September,LCU,21777.000000,A
BFA,2017-10-01,2017-10-31,233,'854,Burkina Faso,223,'01375,"Pistachios, in shell",5530,Producer Price (LCU/tonne),2017,2017,7010,October,LCU,23407.000000,A
BFA,2017-11-01,2017-11-30,233,'854,Burkina Faso,223,'01375,"Pistachios, in shell",5530,Producer Price (LCU/tonne),2017,2017,7011,November,LCU,24547.000000,A
BFA,2017-12-01,2017-12-31,233,'854,Burkina Faso,223,'01375,"Pistachios, in shell",5530,Producer Price (LCU/tonne),2017,2017,7012,December,LCU,25875.000000,A
BFA,2017-04-01,2017-04-30,233,'854,Burkina Faso,536,'01346,Plums and sloes,5530,Producer Price (LCU/tonne),2017,2017,7004,April,LCU,1786.000000,A
BFA,2017-05-01,2017-05-31,233,'854,Burkina Faso,536,'01346,Plums and sloes,5530,Producer Price (LCU/tonne),2017,2017,7005,May,LCU,2672.000000,A
BFA,2017-06-01,2017-06-30,233,'854,Burkina Faso,536,'01346,Plums and sloes,5530,Producer Price (LCU/tonne),2017,2017,7006,June,LCU,2373.000000,A
BFA,2017-07-01,2017-07-31,233,'854,Burkina Faso,536,'01346,Plums and sloes,5530,Producer Price (LCU/tonne),2017,2017,7007,July,LCU,2224.000000,A
BFA,2017-08-01,2017-08-31,233,'854,Burkina Faso,536,'01346,Plums and sloes,5530,Producer Price (LCU/tonne),2017,2017,7008,August,LCU,2181.000000,A
BFA,2017-09-01,2017-09-30,233,'854,Burkina Faso,536,'01346,Plums and sloes,5530,Producer Price (LCU/tonne),2017,2017,7009,September,LCU,2012.000000,A
BFA,1991-01-01,1991-12-31,233,'854,Burkina Faso,507,'01321,Pomelos and grapefruits,5530,Producer Price (LCU/tonne),1991,1991,7021,Annual value,LCU,21703.100000,A
BFA,1992-01-01,1992-12-31,233,'854,Burkina Faso,507,'01321,Pomelos and grapefruits,5530,Producer Price (LCU/tonne),1992,1992,7021,Annual value,LCU,14622.600000,A
BFA,1993-01-01,1993-12-31,233,'854,Burkina Faso,507,'01321,Pomelos and grapefruits,5530,Producer Price (LCU/tonne),1993,1993,7021,Annual value,LCU,14544.800000,A
BFA,1994-01-01,1994-12-31,233,'854,Burkina Faso,507,'01321,Pomelos and grapefruits,5530,Producer Price (LCU/tonne),1994,1994,7021,Annual value,LCU,12815.800000,A
BFA,1995-01-01,1995-12-31,233,'854,Burkina Faso,507,'01321,Pomelos and grapefruits,5530,Producer Price (LCU/tonne),1995,1995,7021,Annual value,LCU,15251.200000,A
BFA,1996-01-01,1996-12-31,233,'854,Burkina Faso,507,'01321,Pomelos and grapefruits,5530,Producer Price (LCU/tonne),1996,1996,7021,Annual value,LCU,16133.900000,A
BFA,1997-01-01,1997-12-31,233,'854,Burkina Faso,507,'01321,Pomelos and grapefruits,5530,Producer Price (LCU/tonne),1997,1997,7021,Annual value,LCU,14734.100000,A
BFA,1998-01-01,1998-12-31,233,'854,Burkina Faso,507,'01321,Pomelos and grapefruits,5530,Producer Price (LCU/tonne),1998,1998,7021,Annual value,LCU,15699.600000,A
BFA,1999-01-01,1999-12-31,233,'854,Burkina Faso,507,'01321,Pomelos and grapefruits,5530,Producer Price (LCU/tonne),1999,1999,7021,Annual value,LCU,13917.400000,A
BFA,2000-01-01,2000-12-31,233,'854,Burkina Faso,507,'01321,Pomelos and grapefruits,5530,Producer Price (LCU/tonne),2000,2000,7021,Annual value,LCU,11235.900000,A
BFA,2001-01-01,2001-12-31,233,'854,Burkina Faso,507,'01321,Pomelos and grapefruits,5530,Producer Price (LCU/tonne),2001,2001,7021,Annual value,LCU,12626.700000,A
BFA,2002-01-01,2002-12-31,233,'854,Burkina Faso,507,'01321,Pomelos and grapefruits,5530,Producer Price (LCU/tonne),2002,2002,7021,Annual value,LCU,14111.700000,A
BFA,2003-01-01,2003-12-31,233,'854,Burkina Faso,507,'01321,Pomelos and grapefruits,5530,Producer Price (LCU/tonne),2003,2003,7021,Annual value,LCU,16577.300000,A
BFA,2017-01-01,2017-01-31,233,'854,Burkina Faso,507,'01321,Pomelos and grapefruits,5530,Producer Price (LCU/tonne),2017,2017,7001,January,LCU,843.000000,A
BFA,2017-02-01,2017-02-28,233,'854,Burkina Faso,507,'01321,Pomelos and grapefruits,5530,Producer Price (LCU/tonne),2017,2017,7002,February,LCU,899.000000,A
BFA,2017-10-01,2017-10-31,233,'854,Burkina Faso,507,'01321,Pomelos and grapefruits,5530,Producer Price (LCU/tonne),2017,2017,7010,October,LCU,685.000000,A
BFA,2017-11-01,2017-11-30,233,'854,Burkina Faso,507,'01321,Pomelos and grapefruits,5530,Producer Price (LCU/tonne),2017,2017,7011,November,LCU,692.000000,A
BFA,2017-12-01,2017-12-31,233,'854,Burkina Faso,507,'01321,Pomelos and grapefruits,5530,Producer Price (LCU/tonne),2017,2017,7012,December,LCU,697.000000,A
BFA,1991-01-01,1991-12-31,233,'854,Burkina Faso,507,'01321,Pomelos and grapefruits,5531,Producer Price (SLC/tonne),1991,1991,7021,Annual value,SLC,21703.100000,A
BFA,1992-01-01,1992-12-31,233,'854,Burkina Faso,507,'01321,Pomelos and grapefruits,5531,Producer Price (SLC/tonne),1992,1992,7021,Annual value,SLC,14622.600000,A
BFA,1993-01-01,1993-12-31,233,'854,Burkina Faso,507,'01321,Pomelos and grapefruits,5531,Producer Price (SLC/tonne),1993,1993,7021,Annual value,SLC,14544.800000,A
BFA,1994-01-01,1994-12-31,233,'854,Burkina Faso,507,'01321,Pomelos and grapefruits,5531,Producer Price (SLC/tonne),1994,1994,7021,Annual value,SLC,12815.800000,A
BFA,1995-01-01,1995-12-31,233,'854,Burkina Faso,507,'01321,Pomelos and grapefruits,5531,Producer Price (SLC/tonne),1995,1995,7021,Annual value,SLC,15251.200000,A
BFA,1996-01-01,1996-12-31,233,'854,Burkina Faso,507,'01321,Pomelos and grapefruits,5531,Producer Price (SLC/tonne),1996,1996,7021,Annual value,SLC,16133.900000,A
BFA,1997-01-01,1997-12-31,233,'854,Burkina Faso,507,'01321,Pomelos and grapefruits,5531,Producer Price (SLC/tonne),1997,1997,7021,Annual value,SLC,14734.100000,A
BFA,1998-01-01,1998-12-31,233,'854,Burkina Faso,507,'01321,Pomelos and grapefruits,5531,Producer Price (SLC/tonne),1998,1998,7021,Annual value,SLC,15699.600000,A
BFA,1999-01-01,1999-12-31,233,'854,Burkina Faso,507,'01321,Pomelos and grapefruits,5531,Producer Price (SLC/tonne),1999,1999,7021,Annual value,SLC,13917.400000,A
BFA,2000-01-01,2000-12-31,233,'854,Burkina Faso,507,'01321,Pomelos and grapefruits,5531,Producer Price (SLC/tonne),2000,2000,7021,Annual value,SLC,11235.900000,A
BFA,2001-01-01,2001-12-31,233,'854,Burkina Faso,507,'01321,Pomelos and grapefruits,5531,Producer Price (SLC/tonne),2001,2001,7021,Annual value,SLC,12626.700000,A
BFA,2002-01-01,2002-12-31,233,'854,Burkina Faso,507,'01321,Pomelos and grapefruits,5531,Producer Price (SLC/tonne),2002,2002,7021,Annual value,SLC,14111.700000,A
BFA,2003-01-01,2003-12-31,233,'854,Burkina Faso,507,'01321,Pomelos and grapefruits,5531,Producer Price (SLC/tonne),2003,2003,7021,Annual value,SLC,16577.300000,A
BFA,1991-01-01,1991-12-31,233,'854,Burkina Faso,507,'01321,Pomelos and grapefruits,5532,Producer Price (USD/tonne),1991,1991,7021,Annual value,USD,76.900000,A
BFA,1992-01-01,1992-12-31,233,'854,Burkina Faso,507,'01321,Pomelos and grapefruits,5532,Producer Price (USD/tonne),1992,1992,7021,Annual value,USD,55.200000,A
BFA,1993-01-01,1993-12-31,233,'854,Burkina Faso,507,'01321,Pomelos and grapefruits,5532,Producer Price (USD/tonne),1993,1993,7021,Annual value,USD,51.400000,A
BFA,1994-01-01,1994-12-31,233,'854,Burkina Faso,507,'01321,Pomelos and grapefruits,5532,Producer Price (USD/tonne),1994,1994,7021,Annual value,USD,23.100000,A
BFA,1995-01-01,1995-12-31,233,'854,Burkina Faso,507,'01321,Pomelos and grapefruits,5532,Producer Price (USD/tonne),1995,1995,7021,Annual value,USD,30.600000,A
BFA,1996-01-01,1996-12-31,233,'854,Burkina Faso,507,'01321,Pomelos and grapefruits,5532,Producer Price (USD/tonne),1996,1996,7021,Annual value,USD,31.500000,A
BFA,1997-01-01,1997-12-31,233,'854,Burkina Faso,507,'01321,Pomelos and grapefruits,5532,Producer Price (USD/tonne),1997,1997,7021,Annual value,USD,25.200000,A
BFA,1998-01-01,1998-12-31,233,'854,Burkina Faso,507,'01321,Pomelos and grapefruits,5532,Producer Price (USD/tonne),1998,1998,7021,Annual value,USD,26.600000,A
BFA,1999-01-01,1999-12-31,233,'854,Burkina Faso,507,'01321,Pomelos and grapefruits,5532,Producer Price (USD/tonne),1999,1999,7021,Annual value,USD,22.600000,A
BFA,2000-01-01,2000-12-31,233,'854,Burkina Faso,507,'01321,Pomelos and grapefruits,5532,Producer Price (USD/tonne),2000,2000,7021,Annual value,USD,15.800000,A
BFA,2001-01-01,2001-12-31,233,'854,Burkina Faso,507,'01321,Pomelos and grapefruits,5532,Producer Price (USD/tonne),2001,2001,7021,Annual value,USD,17.200000,A
BFA,2002-01-01,2002-12-31,233,'854,Burkina Faso,507,'01321,Pomelos and grapefruits,5532,Producer Price (USD/tonne),2002,2002,7021,Annual value,USD,20.200000,A
BFA,2003-01-01,2003-12-31,233,'854,Burkina Faso,507,'01321,Pomelos and grapefruits,5532,Producer Price (USD/tonne),2003,2003,7021,Annual value,USD,28.500000,A
BFA,1991-01-01,1991-12-31,233,'854,Burkina Faso,507,'01321,Pomelos and grapefruits,5539,Producer Price Index (2014-2016 = 100),1991,1991,7021,Annual value,,79.860000,E
BFA,1992-01-01,1992-12-31,233,'854,Burkina Faso,507,'01321,Pomelos and grapefruits,5539,Producer Price Index (2014-2016 = 100),1992,1992,7021,Annual value,,53.810000,E
BFA,1993-01-01,1993-12-31,233,'854,Burkina Faso,507,'01321,Pomelos and grapefruits,5539,Producer Price Index (2014-2016 = 100),1993,1993,7021,Annual value,,53.520000,E
BFA,1994-01-01,1994-12-31,233,'854,Burkina Faso,507,'01321,Pomelos and grapefruits,5539,Producer Price Index (2014-2016 = 100),1994,1994,7021,Annual value,,47.160000,E
BFA,1995-01-01,1995-12-31,233,'854,Burkina Faso,507,'01321,Pomelos and grapefruits,5539,Producer Price Index (2014-2016 = 100),1995,1995,7021,Annual value,,56.120000,E
BFA,1996-01-01,1996-12-31,233,'854,Burkina Faso,507,'01321,Pomelos and grapefruits,5539,Producer Price Index (2014-2016 = 100),1996,1996,7021,Annual value,,59.370000,E
BFA,1997-01-01,1997-12-31,233,'854,Burkina Faso,507,'01321,Pomelos and grapefruits,5539,Producer Price Index (2014-2016 = 100),1997,1997,7021,Annual value,,54.220000,E
BFA,1998-01-01,1998-12-31,233,'854,Burkina Faso,507,'01321,Pomelos and grapefruits,5539,Producer Price Index (2014-2016 = 100),1998,1998,7021,Annual value,,57.770000,E
BFA,1999-01-01,1999-12-31,233,'854,Burkina Faso,507,'01321,Pomelos and grapefruits,5539,Producer Price Index (2014-2016 = 100),1999,1999,7021,Annual value,,51.210000,E
BFA,2000-01-01,2000-12-31,233,'854,Burkina Faso,507,'01321,Pomelos and grapefruits,5539,Producer Price Index (2014-2016 = 100),2000,2000,7021,Annual value,,41.340000,E
BFA,2001-01-01,2001-12-31,233,'854,Burkina Faso,507,'01321,Pomelos and grapefruits,5539,Producer Price Index (2014-2016 = 100),2001,2001,7021,Annual value,,46.460000,E
BFA,2002-01-01,2002-12-31,233,'854,Burkina Faso,507,'01321,Pomelos and grapefruits,5539,Producer Price Index (2014-2016 = 100),2002,2002,7021,Annual value,,51.930000,E
BFA,2003-01-01,2003-12-31,233,'854,Burkina Faso,507,'01321,Pomelos and grapefruits,5539,Producer Price Index (2014-2016 = 100),2003,2003,7021,Annual value,,61.000000,E
BFA,2004-01-01,2004-12-31,233,'854,Burkina Faso,507,'01321,Pomelos and grapefruits,5539,Producer Price Index (2014-2016 = 100),2004,2004,7021,Annual value,,66.800000,E
BFA,2005-01-01,2005-12-31,233,'854,Burkina Faso,507,'01321,Pomelos and grapefruits,5539,Producer Price Index (2014-2016 = 100),2005,2005,7021,Annual value,,76.170000,E
BFA,2006-01-01,2006-12-31,233,'854,Burkina Faso,507,'01321,Pomelos and grapefruits,5539,Producer Price Index (2014-2016 = 100),2006,2006,7021,Annual value,,75.040000,E
BFA,2007-01-01,2007-12-31,233,'854,Burkina Faso,507,'01321,Pomelos and grapefruits,5539,Producer Price Index (2014-2016 = 100),2007,2007,7021,Annual value,,73.930000,E
BFA,2008-01-01,2008-12-31,233,'854,Burkina Faso,507,'01321,Pomelos and grapefruits,5539,Producer Price Index (2014-2016 = 100),2008,2008,7021,Annual value,,75.150000,E
BFA,2009-01-01,2009-12-31,233,'854,Burkina Faso,507,'01321,Pomelos and grapefruits,5539,Producer Price Index (2014-2016 = 100),2009,2009,7021,Annual value,,76.750000,E
BFA,2010-01-01,2010-12-31,233,'854,Burkina Faso,507,'01321,Pomelos and grapefruits,5539,Producer Price Index (2014-2016 = 100),2010,2010,7021,Annual value,,78.520000,E
BFA,2011-01-01,2011-12-31,233,'854,Burkina Faso,507,'01321,Pomelos and grapefruits,5539,Producer Price Index (2014-2016 = 100),2011,2011,7021,Annual value,,80.400000,E
BFA,2012-01-01,2012-12-31,233,'854,Burkina Faso,507,'01321,Pomelos and grapefruits,5539,Producer Price Index (2014-2016 = 100),2012,2012,7021,Annual value,,82.360000,E
BFA,2013-01-01,2013-12-31,233,'854,Burkina Faso,507,'01321,Pomelos and grapefruits,5539,Producer Price Index (2014-2016 = 100),2013,2013,7021,Annual value,,91.910000,E
BFA,2014-01-01,2014-12-31,233,'854,Burkina Faso,507,'01321,Pomelos and grapefruits,5539,Producer Price Index (2014-2016 = 100),2014,2014,7021,Annual value,,95.020000,E
BFA,2015-01-01,2015-12-31,233,'854,Burkina Faso,507,'01321,Pomelos and grapefruits,5539,Producer Price Index (2014-2016 = 100),2015,2015,7021,Annual value,,101.260000,E
BFA,2016-01-01,2016-12-31,233,'854,Burkina Faso,507,'01321,Pomelos and grapefruits,5539,Producer Price Index (2014-2016 = 100),2016,2016,7021,Annual value,,103.720000,E
BFA,2017-01-01,2017-12-31,233,'854,Burkina Faso,507,'01321,Pomelos and grapefruits,5539,Producer Price Index (2014-2016 = 100),2017,2017,7021,Annual value,,106.060000,E
BFA,2018-01-01,2018-12-31,233,'854,Burkina Faso,507,'01321,Pomelos and grapefruits,5539,Producer Price Index (2014-2016 = 100),2018,2018,7021,Annual value,,108.260000,E
BFA,2019-01-01,2019-12-31,233,'854,Burkina Faso,507,'01321,Pomelos and grapefruits,5539,Producer Price Index (2014-2016 = 100),2019,2019,7021,Annual value,,110.290000,E
BFA,2020-01-01,2020-12-31,233,'854,Burkina Faso,507,'01321,Pomelos and grapefruits,5539,Producer Price Index (2014-2016 = 100),2020,2020,7021,Annual value,,112.760000,E
BFA,2021-01-01,2021-12-31,233,'854,Burkina Faso,507,'01321,Pomelos and grapefruits,5539,Producer Price Index (2014-2016 = 100),2021,2021,7021,Annual value,,112.630000,E
BFA,2022-01-01,2022-12-31,233,'854,Burkina Faso,507,'01321,Pomelos and grapefruits,5539,Producer Price Index (2014-2016 = 100),2022,2022,7021,Annual value,,116.970000,E
BFA,2023-01-01,2023-12-31,233,'854,Burkina Faso,507,'01321,Pomelos and grapefruits,5539,Producer Price Index (2014-2016 = 100),2023,2023,7021,Annual value,,112.310000,E
BFA,2024-01-01,2024-12-31,233,'854,Burkina Faso,507,'01321,Pomelos and grapefruits,5539,Producer Price Index (2014-2016 = 100),2024,2024,7021,Annual value,,127.820000,E
BFA,2025-01-01,2025-12-31,233,'854,Burkina Faso,507,'01321,Pomelos and grapefruits,5539,Producer Price Index (2014-2016 = 100),2025,2025,7021,Annual value,,123.350000,E
BFA,1991-01-01,1991-12-31,233,'854,Burkina Faso,116,'01510,Potatoes,5530,Producer Price (LCU/tonne),1991,1991,7021,Annual value,LCU,200000.000000,A
BFA,1992-01-01,1992-12-31,233,'854,Burkina Faso,116,'01510,Potatoes,5530,Producer Price (LCU/tonne),1992,1992,7021,Annual value,LCU,200000.000000,A
BFA,1993-01-01,1993-12-31,233,'854,Burkina Faso,116,'01510,Potatoes,5530,Producer Price (LCU/tonne),1993,1993,7021,Annual value,LCU,200000.000000,A
BFA,1994-01-01,1994-12-31,233,'854,Burkina Faso,116,'01510,Potatoes,5530,Producer Price (LCU/tonne),1994,1994,7021,Annual value,LCU,200000.000000,A
BFA,1995-01-01,1995-12-31,233,'854,Burkina Faso,116,'01510,Potatoes,5530,Producer Price (LCU/tonne),1995,1995,7021,Annual value,LCU,200000.000000,A
BFA,1996-01-01,1996-12-31,233,'854,Burkina Faso,116,'01510,Potatoes,5530,Producer Price (LCU/tonne),1996,1996,7021,Annual value,LCU,200000.000000,A
BFA,1997-01-01,1997-12-31,233,'854,Burkina Faso,116,'01510,Potatoes,5530,Producer Price (LCU/tonne),1997,1997,7021,Annual value,LCU,200000.000000,A
BFA,1998-01-01,1998-12-31,233,'854,Burkina Faso,116,'01510,Potatoes,5530,Producer Price (LCU/tonne),1998,1998,7021,Annual value,LCU,200000.000000,A
BFA,1999-01-01,1999-12-31,233,'854,Burkina Faso,116,'01510,Potatoes,5530,Producer Price (LCU/tonne),1999,1999,7021,Annual value,LCU,225000.000000,A
BFA,2000-01-01,2000-12-31,233,'854,Burkina Faso,116,'01510,Potatoes,5530,Producer Price (LCU/tonne),2000,2000,7021,Annual value,LCU,225000.000000,A
BFA,2001-01-01,2001-12-31,233,'854,Burkina Faso,116,'01510,Potatoes,5530,Producer Price (LCU/tonne),2001,2001,7021,Annual value,LCU,225000.000000,A
BFA,2002-01-01,2002-12-31,233,'854,Burkina Faso,116,'01510,Potatoes,5530,Producer Price (LCU/tonne),2002,2002,7021,Annual value,LCU,196357.100000,A
BFA,2003-01-01,2003-12-31,233,'854,Burkina Faso,116,'01510,Potatoes,5530,Producer Price (LCU/tonne),2003,2003,7021,Annual value,LCU,243857.500000,A
BFA,2005-01-01,2005-12-31,233,'854,Burkina Faso,116,'01510,Potatoes,5530,Producer Price (LCU/tonne),2005,2005,7021,Annual value,LCU,189682.300000,A
BFA,2006-01-01,2006-12-31,233,'854,Burkina Faso,116,'01510,Potatoes,5530,Producer Price (LCU/tonne),2006,2006,7021,Annual value,LCU,250501.300000,A
BFA,2017-01-01,2017-01-31,233,'854,Burkina Faso,116,'01510,Potatoes,5530,Producer Price (LCU/tonne),2017,2017,7001,January,LCU,629.000000,A
BFA,2017-02-01,2017-02-28,233,'854,Burkina Faso,116,'01510,Potatoes,5530,Producer Price (LCU/tonne),2017,2017,7002,February,LCU,630.000000,A
BFA,2017-03-01,2017-03-31,233,'854,Burkina Faso,116,'01510,Potatoes,5530,Producer Price (LCU/tonne),2017,2017,7003,March,LCU,617.000000,A
BFA,2017-04-01,2017-04-30,233,'854,Burkina Faso,116,'01510,Potatoes,5530,Producer Price (LCU/tonne),2017,2017,7004,April,LCU,722.000000,A
BFA,2017-05-01,2017-05-31,233,'854,Burkina Faso,116,'01510,Potatoes,5530,Producer Price (LCU/tonne),2017,2017,7005,May,LCU,749.000000,A
BFA,2017-06-01,2017-06-30,233,'854,Burkina Faso,116,'01510,Potatoes,5530,Producer Price (LCU/tonne),2017,2017,7006,June,LCU,738.000000,A
BFA,2017-07-01,2017-07-31,233,'854,Burkina Faso,116,'01510,Potatoes,5530,Producer Price (LCU/tonne),2017,2017,7007,July,LCU,691.000000,A
BFA,2017-08-01,2017-08-31,233,'854,Burkina Faso,116,'01510,Potatoes,5530,Producer Price (LCU/tonne),2017,2017,7008,August,LCU,692.000000,A
BFA,2017-09-01,2017-09-30,233,'854,Burkina Faso,116,'01510,Potatoes,5530,Producer Price (LCU/tonne),2017,2017,7009,September,LCU,733.000000,A
BFA,2017-10-01,2017-10-31,233,'854,Burkina Faso,116,'01510,Potatoes,5530,Producer Price (LCU/tonne),2017,2017,7010,October,LCU,720.000000,A
BFA,2017-11-01,2017-11-30,233,'854,Burkina Faso,116,'01510,Potatoes,5530,Producer Price (LCU/tonne),2017,2017,7011,November,LCU,820.000000,A
BFA,2017-12-01,2017-12-31,233,'854,Burkina Faso,116,'01510,Potatoes,5530,Producer Price (LCU/tonne),2017,2017,7012,December,LCU,805.000000,A
BFA,1991-01-01,1991-12-31,233,'854,Burkina Faso,116,'01510,Potatoes,5531,Producer Price (SLC/tonne),1991,1991,7021,Annual value,SLC,200000.000000,A
BFA,1992-01-01,1992-12-31,233,'854,Burkina Faso,116,'01510,Potatoes,5531,Producer Price (SLC/tonne),1992,1992,7021,Annual value,SLC,200000.000000,A
BFA,1993-01-01,1993-12-31,233,'854,Burkina Faso,116,'01510,Potatoes,5531,Producer Price (SLC/tonne),1993,1993,7021,Annual value,SLC,200000.000000,A
BFA,1994-01-01,1994-12-31,233,'854,Burkina Faso,116,'01510,Potatoes,5531,Producer Price (SLC/tonne),1994,1994,7021,Annual value,SLC,200000.000000,A
BFA,1995-01-01,1995-12-31,233,'854,Burkina Faso,116,'01510,Potatoes,5531,Producer Price (SLC/tonne),1995,1995,7021,Annual value,SLC,200000.000000,A
BFA,1996-01-01,1996-12-31,233,'854,Burkina Faso,116,'01510,Potatoes,5531,Producer Price (SLC/tonne),1996,1996,7021,Annual value,SLC,200000.000000,A
BFA,1997-01-01,1997-12-31,233,'854,Burkina Faso,116,'01510,Potatoes,5531,Producer Price (SLC/tonne),1997,1997,7021,Annual value,SLC,200000.000000,A
BFA,1998-01-01,1998-12-31,233,'854,Burkina Faso,116,'01510,Potatoes,5531,Producer Price (SLC/tonne),1998,1998,7021,Annual value,SLC,200000.000000,A
BFA,1999-01-01,1999-12-31,233,'854,Burkina Faso,116,'01510,Potatoes,5531,Producer Price (SLC/tonne),1999,1999,7021,Annual value,SLC,225000.000000,A
BFA,2000-01-01,2000-12-31,233,'854,Burkina Faso,116,'01510,Potatoes,5531,Producer Price (SLC/tonne),2000,2000,7021,Annual value,SLC,225000.000000,A
BFA,2001-01-01,2001-12-31,233,'854,Burkina Faso,116,'01510,Potatoes,5531,Producer Price (SLC/tonne),2001,2001,7021,Annual value,SLC,225000.000000,A
BFA,2002-01-01,2002-12-31,233,'854,Burkina Faso,116,'01510,Potatoes,5531,Producer Price (SLC/tonne),2002,2002,7021,Annual value,SLC,196357.100000,A
BFA,2003-01-01,2003-12-31,233,'854,Burkina Faso,116,'01510,Potatoes,5531,Producer Price (SLC/tonne),2003,2003,7021,Annual value,SLC,243857.500000,A
BFA,2005-01-01,2005-12-31,233,'854,Burkina Faso,116,'01510,Potatoes,5531,Producer Price (SLC/tonne),2005,2005,7021,Annual value,SLC,189682.300000,A
BFA,2006-01-01,2006-12-31,233,'854,Burkina Faso,116,'01510,Potatoes,5531,Producer Price (SLC/tonne),2006,2006,7021,Annual value,SLC,250501.300000,A
BFA,1991-01-01,1991-12-31,233,'854,Burkina Faso,116,'01510,Potatoes,5532,Producer Price (USD/tonne),1991,1991,7021,Annual value,USD,709.000000,A
BFA,1992-01-01,1992-12-31,233,'854,Burkina Faso,116,'01510,Potatoes,5532,Producer Price (USD/tonne),1992,1992,7021,Annual value,USD,755.600000,A
BFA,1993-01-01,1993-12-31,233,'854,Burkina Faso,116,'01510,Potatoes,5532,Producer Price (USD/tonne),1993,1993,7021,Annual value,USD,706.300000,A
BFA,1994-01-01,1994-12-31,233,'854,Burkina Faso,116,'01510,Potatoes,5532,Producer Price (USD/tonne),1994,1994,7021,Annual value,USD,360.200000,A
BFA,1995-01-01,1995-12-31,233,'854,Burkina Faso,116,'01510,Potatoes,5532,Producer Price (USD/tonne),1995,1995,7021,Annual value,USD,400.700000,A
BFA,1996-01-01,1996-12-31,233,'854,Burkina Faso,116,'01510,Potatoes,5532,Producer Price (USD/tonne),1996,1996,7021,Annual value,USD,391.000000,A
BFA,1997-01-01,1997-12-31,233,'854,Burkina Faso,116,'01510,Potatoes,5532,Producer Price (USD/tonne),1997,1997,7021,Annual value,USD,342.700000,A
BFA,1998-01-01,1998-12-31,233,'854,Burkina Faso,116,'01510,Potatoes,5532,Producer Price (USD/tonne),1998,1998,7021,Annual value,USD,339.000000,A
BFA,1999-01-01,1999-12-31,233,'854,Burkina Faso,116,'01510,Potatoes,5532,Producer Price (USD/tonne),1999,1999,7021,Annual value,USD,365.400000,A
BFA,2000-01-01,2000-12-31,233,'854,Burkina Faso,116,'01510,Potatoes,5532,Producer Price (USD/tonne),2000,2000,7021,Annual value,USD,316.000000,A
BFA,2001-01-01,2001-12-31,233,'854,Burkina Faso,116,'01510,Potatoes,5532,Producer Price (USD/tonne),2001,2001,7021,Annual value,USD,306.900000,A
BFA,2002-01-01,2002-12-31,233,'854,Burkina Faso,116,'01510,Potatoes,5532,Producer Price (USD/tonne),2002,2002,7021,Annual value,USD,281.700000,A
BFA,2003-01-01,2003-12-31,233,'854,Burkina Faso,116,'01510,Potatoes,5532,Producer Price (USD/tonne),2003,2003,7021,Annual value,USD,419.600000,A
BFA,2005-01-01,2005-12-31,233,'854,Burkina Faso,116,'01510,Potatoes,5532,Producer Price (USD/tonne),2005,2005,7021,Annual value,USD,359.600000,A
BFA,2006-01-01,2006-12-31,233,'854,Burkina Faso,116,'01510,Potatoes,5532,Producer Price (USD/tonne),2006,2006,7021,Annual value,USD,479.100000,A
BFA,1991-01-01,1991-12-31,233,'854,Burkina Faso,116,'01510,Potatoes,5539,Producer Price Index (2014-2016 = 100),1991,1991,7021,Annual value,,61.140000,E
BFA,1992-01-01,1992-12-31,233,'854,Burkina Faso,116,'01510,Potatoes,5539,Producer Price Index (2014-2016 = 100),1992,1992,7021,Annual value,,61.140000,E
BFA,1993-01-01,1993-12-31,233,'854,Burkina Faso,116,'01510,Potatoes,5539,Producer Price Index (2014-2016 = 100),1993,1993,7021,Annual value,,61.140000,E
BFA,1994-01-01,1994-12-31,233,'854,Burkina Faso,116,'01510,Potatoes,5539,Producer Price Index (2014-2016 = 100),1994,1994,7021,Annual value,,61.140000,E
BFA,1995-01-01,1995-12-31,233,'854,Burkina Faso,116,'01510,Potatoes,5539,Producer Price Index (2014-2016 = 100),1995,1995,7021,Annual value,,61.140000,E
BFA,1996-01-01,1996-12-31,233,'854,Burkina Faso,116,'01510,Potatoes,5539,Producer Price Index (2014-2016 = 100),1996,1996,7021,Annual value,,61.140000,E
BFA,1997-01-01,1997-12-31,233,'854,Burkina Faso,116,'01510,Potatoes,5539,Producer Price Index (2014-2016 = 100),1997,1997,7021,Annual value,,61.140000,E
BFA,1998-01-01,1998-12-31,233,'854,Burkina Faso,116,'01510,Potatoes,5539,Producer Price Index (2014-2016 = 100),1998,1998,7021,Annual value,,61.140000,E
BFA,1999-01-01,1999-12-31,233,'854,Burkina Faso,116,'01510,Potatoes,5539,Producer Price Index (2014-2016 = 100),1999,1999,7021,Annual value,,68.780000,E
BFA,2000-01-01,2000-12-31,233,'854,Burkina Faso,116,'01510,Potatoes,5539,Producer Price Index (2014-2016 = 100),2000,2000,7021,Annual value,,68.780000,E
BFA,2001-01-01,2001-12-31,233,'854,Burkina Faso,116,'01510,Potatoes,5539,Producer Price Index (2014-2016 = 100),2001,2001,7021,Annual value,,68.780000,E
BFA,2002-01-01,2002-12-31,233,'854,Burkina Faso,116,'01510,Potatoes,5539,Producer Price Index (2014-2016 = 100),2002,2002,7021,Annual value,,60.020000,E
BFA,2003-01-01,2003-12-31,233,'854,Burkina Faso,116,'01510,Potatoes,5539,Producer Price Index (2014-2016 = 100),2003,2003,7021,Annual value,,74.540000,E
BFA,2004-01-01,2004-12-31,233,'854,Burkina Faso,116,'01510,Potatoes,5539,Producer Price Index (2014-2016 = 100),2004,2004,7021,Annual value,,81.960000,E
BFA,2005-01-01,2005-12-31,233,'854,Burkina Faso,116,'01510,Potatoes,5539,Producer Price Index (2014-2016 = 100),2005,2005,7021,Annual value,,57.980000,E
BFA,2006-01-01,2006-12-31,233,'854,Burkina Faso,116,'01510,Potatoes,5539,Producer Price Index (2014-2016 = 100),2006,2006,7021,Annual value,,76.570000,E
BFA,2007-01-01,2007-12-31,233,'854,Burkina Faso,116,'01510,Potatoes,5539,Producer Price Index (2014-2016 = 100),2007,2007,7021,Annual value,,83.970000,E
BFA,2008-01-01,2008-12-31,233,'854,Burkina Faso,116,'01510,Potatoes,5539,Producer Price Index (2014-2016 = 100),2008,2008,7021,Annual value,,83.960000,E
BFA,2009-01-01,2009-12-31,233,'854,Burkina Faso,116,'01510,Potatoes,5539,Producer Price Index (2014-2016 = 100),2009,2009,7021,Annual value,,86.920000,E
BFA,2010-01-01,2010-12-31,233,'854,Burkina Faso,116,'01510,Potatoes,5539,Producer Price Index (2014-2016 = 100),2010,2010,7021,Annual value,,90.080000,E
BFA,2011-01-01,2011-12-31,233,'854,Burkina Faso,116,'01510,Potatoes,5539,Producer Price Index (2014-2016 = 100),2011,2011,7021,Annual value,,93.250000,E
BFA,2012-01-01,2012-12-31,233,'854,Burkina Faso,116,'01510,Potatoes,5539,Producer Price Index (2014-2016 = 100),2012,2012,7021,Annual value,,96.460000,E
BFA,2013-01-01,2013-12-31,233,'854,Burkina Faso,116,'01510,Potatoes,5539,Producer Price Index (2014-2016 = 100),2013,2013,7021,Annual value,,95.050000,E
BFA,2014-01-01,2014-12-31,233,'854,Burkina Faso,116,'01510,Potatoes,5539,Producer Price Index (2014-2016 = 100),2014,2014,7021,Annual value,,97.640000,E
BFA,2015-01-01,2015-12-31,233,'854,Burkina Faso,116,'01510,Potatoes,5539,Producer Price Index (2014-2016 = 100),2015,2015,7021,Annual value,,99.840000,E
BFA,2016-01-01,2016-12-31,233,'854,Burkina Faso,116,'01510,Potatoes,5539,Producer Price Index (2014-2016 = 100),2016,2016,7021,Annual value,,102.520000,E
BFA,2017-01-01,2017-12-31,233,'854,Burkina Faso,116,'01510,Potatoes,5539,Producer Price Index (2014-2016 = 100),2017,2017,7021,Annual value,,105.230000,E
BFA,2018-01-01,2018-12-31,233,'854,Burkina Faso,116,'01510,Potatoes,5539,Producer Price Index (2014-2016 = 100),2018,2018,7021,Annual value,,107.970000,E
BFA,2019-01-01,2019-12-31,233,'854,Burkina Faso,116,'01510,Potatoes,5539,Producer Price Index (2014-2016 = 100),2019,2019,7021,Annual value,,110.750000,E
BFA,2020-01-01,2020-12-31,233,'854,Burkina Faso,116,'01510,Potatoes,5539,Producer Price Index (2014-2016 = 100),2020,2020,7021,Annual value,,114.180000,E
BFA,2021-01-01,2021-12-31,233,'854,Burkina Faso,116,'01510,Potatoes,5539,Producer Price Index (2014-2016 = 100),2021,2021,7021,Annual value,,116.360000,E
BFA,2022-01-01,2022-12-31,233,'854,Burkina Faso,116,'01510,Potatoes,5539,Producer Price Index (2014-2016 = 100),2022,2022,7021,Annual value,,122.130000,E
BFA,2023-01-01,2023-12-31,233,'854,Burkina Faso,116,'01510,Potatoes,5539,Producer Price Index (2014-2016 = 100),2023,2023,7021,Annual value,,108.970000,E
BFA,2024-01-01,2024-12-31,233,'854,Burkina Faso,116,'01510,Potatoes,5539,Producer Price Index (2014-2016 = 100),2024,2024,7021,Annual value,,121.550000,E
BFA,2025-01-01,2025-12-31,233,'854,Burkina Faso,116,'01510,Potatoes,5539,Producer Price Index (2014-2016 = 100),2025,2025,7021,Annual value,,125.090000,E
BFA,2017-01-01,2017-01-31,233,'854,Burkina Faso,394,'01235,"Pumpkins, squash and gourds",5530,Producer Price (LCU/tonne),2017,2017,7001,January,LCU,1806.000000,A
BFA,2017-02-01,2017-02-28,233,'854,Burkina Faso,394,'01235,"Pumpkins, squash and gourds",5530,Producer Price (LCU/tonne),2017,2017,7002,February,LCU,1687.000000,A
BFA,2017-03-01,2017-03-31,233,'854,Burkina Faso,394,'01235,"Pumpkins, squash and gourds",5530,Producer Price (LCU/tonne),2017,2017,7003,March,LCU,1467.000000,A
BFA,2017-04-01,2017-04-30,233,'854,Burkina Faso,394,'01235,"Pumpkins, squash and gourds",5530,Producer Price (LCU/tonne),2017,2017,7004,April,LCU,836.000000,A
BFA,2017-05-01,2017-05-31,233,'854,Burkina Faso,394,'01235,"Pumpkins, squash and gourds",5530,Producer Price (LCU/tonne),2017,2017,7005,May,LCU,1295.000000,A
BFA,2017-06-01,2017-06-30,233,'854,Burkina Faso,394,'01235,"Pumpkins, squash and gourds",5530,Producer Price (LCU/tonne),2017,2017,7006,June,LCU,1348.000000,A
BFA,2017-07-01,2017-07-31,233,'854,Burkina Faso,394,'01235,"Pumpkins, squash and gourds",5530,Producer Price (LCU/tonne),2017,2017,7007,July,LCU,1398.000000,A
BFA,2017-08-01,2017-08-31,233,'854,Burkina Faso,394,'01235,"Pumpkins, squash and gourds",5530,Producer Price (LCU/tonne),2017,2017,7008,August,LCU,1433.000000,A
BFA,2017-09-01,2017-09-30,233,'854,Burkina Faso,394,'01235,"Pumpkins, squash and gourds",5530,Producer Price (LCU/tonne),2017,2017,7009,September,LCU,1439.000000,A
BFA,2017-10-01,2017-10-31,233,'854,Burkina Faso,394,'01235,"Pumpkins, squash and gourds",5530,Producer Price (LCU/tonne),2017,2017,7010,October,LCU,1717.000000,A
BFA,2017-11-01,2017-11-30,233,'854,Burkina Faso,394,'01235,"Pumpkins, squash and gourds",5530,Producer Price (LCU/tonne),2017,2017,7011,November,LCU,1867.000000,A
BFA,2017-12-01,2017-12-31,233,'854,Burkina Faso,394,'01235,"Pumpkins, squash and gourds",5530,Producer Price (LCU/tonne),2017,2017,7012,December,LCU,1416.000000,A
BFA,2017-01-01,2017-01-31,233,'854,Burkina Faso,523,'01342.02,Quinces,5530,Producer Price (LCU/tonne),2017,2017,7001,January,LCU,1863.000000,A
BFA,2017-02-01,2017-02-28,233,'854,Burkina Faso,523,'01342.02,Quinces,5530,Producer Price (LCU/tonne),2017,2017,7002,February,LCU,1872.000000,A
BFA,2017-03-01,2017-03-31,233,'854,Burkina Faso,523,'01342.02,Quinces,5530,Producer Price (LCU/tonne),2017,2017,7003,March,LCU,1910.000000,A
BFA,2017-09-01,2017-09-30,233,'854,Burkina Faso,523,'01342.02,Quinces,5530,Producer Price (LCU/tonne),2017,2017,7009,September,LCU,1541.000000,A
BFA,2017-10-01,2017-10-31,233,'854,Burkina Faso,523,'01342.02,Quinces,5530,Producer Price (LCU/tonne),2017,2017,7010,October,LCU,1518.000000,A
BFA,2017-11-01,2017-11-30,233,'854,Burkina Faso,523,'01342.02,Quinces,5530,Producer Price (LCU/tonne),2017,2017,7011,November,LCU,1525.000000,A
BFA,2017-12-01,2017-12-31,233,'854,Burkina Faso,523,'01342.02,Quinces,5530,Producer Price (LCU/tonne),2017,2017,7012,December,LCU,1429.000000,A
BFA,2017-01-01,2017-01-31,233,'854,Burkina Faso,270,'01443,Rape or colza seed,5530,Producer Price (LCU/tonne),2017,2017,7001,January,LCU,1351.000000,A
BFA,2017-02-01,2017-02-28,233,'854,Burkina Faso,270,'01443,Rape or colza seed,5530,Producer Price (LCU/tonne),2017,2017,7002,February,LCU,1352.000000,A
BFA,2017-03-01,2017-03-31,233,'854,Burkina Faso,270,'01443,Rape or colza seed,5530,Producer Price (LCU/tonne),2017,2017,7003,March,LCU,1359.000000,A
BFA,2017-04-01,2017-04-30,233,'854,Burkina Faso,270,'01443,Rape or colza seed,5530,Producer Price (LCU/tonne),2017,2017,7004,April,LCU,1359.000000,A
BFA,2017-05-01,2017-05-31,233,'854,Burkina Faso,270,'01443,Rape or colza seed,5530,Producer Price (LCU/tonne),2017,2017,7005,May,LCU,1359.000000,A
BFA,2017-06-01,2017-06-30,233,'854,Burkina Faso,270,'01443,Rape or colza seed,5530,Producer Price (LCU/tonne),2017,2017,7006,June,LCU,1358.000000,A
BFA,2017-07-01,2017-07-31,233,'854,Burkina Faso,270,'01443,Rape or colza seed,5530,Producer Price (LCU/tonne),2017,2017,7007,July,LCU,1542.000000,A
BFA,2017-08-01,2017-08-31,233,'854,Burkina Faso,270,'01443,Rape or colza seed,5530,Producer Price (LCU/tonne),2017,2017,7008,August,LCU,1582.000000,A
BFA,2017-09-01,2017-09-30,233,'854,Burkina Faso,270,'01443,Rape or colza seed,5530,Producer Price (LCU/tonne),2017,2017,7009,September,LCU,1626.000000,A
BFA,2017-10-01,2017-10-31,233,'854,Burkina Faso,270,'01443,Rape or colza seed,5530,Producer Price (LCU/tonne),2017,2017,7010,October,LCU,1657.000000,A
BFA,2017-11-01,2017-11-30,233,'854,Burkina Faso,270,'01443,Rape or colza seed,5530,Producer Price (LCU/tonne),2017,2017,7011,November,LCU,1662.000000,A
BFA,2017-12-01,2017-12-31,233,'854,Burkina Faso,270,'01443,Rape or colza seed,5530,Producer Price (LCU/tonne),2017,2017,7012,December,LCU,1659.000000,A
BFA,2017-01-01,2017-01-31,233,'854,Burkina Faso,951,'02212,Raw milk of buffalo,5530,Producer Price (LCU/tonne),2017,2017,7001,January,LCU,3789.000000,A
BFA,2017-02-01,2017-02-28,233,'854,Burkina Faso,951,'02212,Raw milk of buffalo,5530,Producer Price (LCU/tonne),2017,2017,7002,February,LCU,3800.000000,A
BFA,2017-03-01,2017-03-31,233,'854,Burkina Faso,951,'02212,Raw milk of buffalo,5530,Producer Price (LCU/tonne),2017,2017,7003,March,LCU,3845.000000,A
BFA,2017-04-01,2017-04-30,233,'854,Burkina Faso,951,'02212,Raw milk of buffalo,5530,Producer Price (LCU/tonne),2017,2017,7004,April,LCU,3850.000000,A
BFA,2017-05-01,2017-05-31,233,'854,Burkina Faso,951,'02212,Raw milk of buffalo,5530,Producer Price (LCU/tonne),2017,2017,7005,May,LCU,3918.000000,A
BFA,2017-06-01,2017-06-30,233,'854,Burkina Faso,951,'02212,Raw milk of buffalo,5530,Producer Price (LCU/tonne),2017,2017,7006,June,LCU,4005.000000,A
BFA,2017-07-01,2017-07-31,233,'854,Burkina Faso,951,'02212,Raw milk of buffalo,5530,Producer Price (LCU/tonne),2017,2017,7007,July,LCU,4007.000000,A
BFA,2017-08-01,2017-08-31,233,'854,Burkina Faso,951,'02212,Raw milk of buffalo,5530,Producer Price (LCU/tonne),2017,2017,7008,August,LCU,4014.000000,A
BFA,2017-09-01,2017-09-30,233,'854,Burkina Faso,951,'02212,Raw milk of buffalo,5530,Producer Price (LCU/tonne),2017,2017,7009,September,LCU,4070.000000,A
BFA,2017-10-01,2017-10-31,233,'854,Burkina Faso,951,'02212,Raw milk of buffalo,5530,Producer Price (LCU/tonne),2017,2017,7010,October,LCU,4086.000000,A
BFA,2017-11-01,2017-11-30,233,'854,Burkina Faso,951,'02212,Raw milk of buffalo,5530,Producer Price (LCU/tonne),2017,2017,7011,November,LCU,4084.000000,A
BFA,2017-12-01,2017-12-31,233,'854,Burkina Faso,951,'02212,Raw milk of buffalo,5530,Producer Price (LCU/tonne),2017,2017,7012,December,LCU,4169.000000,A
BFA,2017-01-01,2017-01-31,233,'854,Burkina Faso,882,'02211,Raw milk of cattle,5530,Producer Price (LCU/tonne),2017,2017,7001,January,LCU,1172.000000,A
BFA,2017-02-01,2017-02-28,233,'854,Burkina Faso,882,'02211,Raw milk of cattle,5530,Producer Price (LCU/tonne),2017,2017,7002,February,LCU,1196.000000,A
BFA,2017-03-01,2017-03-31,233,'854,Burkina Faso,882,'02211,Raw milk of cattle,5530,Producer Price (LCU/tonne),2017,2017,7003,March,LCU,1196.000000,A
BFA,2017-04-01,2017-04-30,233,'854,Burkina Faso,882,'02211,Raw milk of cattle,5530,Producer Price (LCU/tonne),2017,2017,7004,April,LCU,1203.000000,A
BFA,2017-05-01,2017-05-31,233,'854,Burkina Faso,882,'02211,Raw milk of cattle,5530,Producer Price (LCU/tonne),2017,2017,7005,May,LCU,1205.000000,A
BFA,2017-06-01,2017-06-30,233,'854,Burkina Faso,882,'02211,Raw milk of cattle,5530,Producer Price (LCU/tonne),2017,2017,7006,June,LCU,1210.000000,A
BFA,2017-07-01,2017-07-31,233,'854,Burkina Faso,882,'02211,Raw milk of cattle,5530,Producer Price (LCU/tonne),2017,2017,7007,July,LCU,1208.000000,A
BFA,2017-08-01,2017-08-31,233,'854,Burkina Faso,882,'02211,Raw milk of cattle,5530,Producer Price (LCU/tonne),2017,2017,7008,August,LCU,1221.000000,A
BFA,2017-09-01,2017-09-30,233,'854,Burkina Faso,882,'02211,Raw milk of cattle,5530,Producer Price (LCU/tonne),2017,2017,7009,September,LCU,1265.000000,A
BFA,2017-10-01,2017-10-31,233,'854,Burkina Faso,882,'02211,Raw milk of cattle,5530,Producer Price (LCU/tonne),2017,2017,7010,October,LCU,1286.000000,A
BFA,2017-11-01,2017-11-30,233,'854,Burkina Faso,882,'02211,Raw milk of cattle,5530,Producer Price (LCU/tonne),2017,2017,7011,November,LCU,1331.000000,A
BFA,2017-12-01,2017-12-31,233,'854,Burkina Faso,882,'02211,Raw milk of cattle,5530,Producer Price (LCU/tonne),2017,2017,7012,December,LCU,1332.000000,A
BFA,1991-01-01,1991-12-31,233,'854,Burkina Faso,882,'02211,Raw milk of cattle,5539,Producer Price Index (2014-2016 = 100),1991,1991,7021,Annual value,,46.480000,E
BFA,1992-01-01,1992-12-31,233,'854,Burkina Faso,882,'02211,Raw milk of cattle,5539,Producer Price Index (2014-2016 = 100),1992,1992,7021,Annual value,,48.030000,E
BFA,1993-01-01,1993-12-31,233,'854,Burkina Faso,882,'02211,Raw milk of cattle,5539,Producer Price Index (2014-2016 = 100),1993,1993,7021,Annual value,,39.150000,E
BFA,1994-01-01,1994-12-31,233,'854,Burkina Faso,882,'02211,Raw milk of cattle,5539,Producer Price Index (2014-2016 = 100),1994,1994,7021,Annual value,,52.320000,E
BFA,1995-01-01,1995-12-31,233,'854,Burkina Faso,882,'02211,Raw milk of cattle,5539,Producer Price Index (2014-2016 = 100),1995,1995,7021,Annual value,,52.320000,E
BFA,1996-01-01,1996-12-31,233,'854,Burkina Faso,882,'02211,Raw milk of cattle,5539,Producer Price Index (2014-2016 = 100),1996,1996,7021,Annual value,,73.340000,E
BFA,1997-01-01,1997-12-31,233,'854,Burkina Faso,882,'02211,Raw milk of cattle,5539,Producer Price Index (2014-2016 = 100),1997,1997,7021,Annual value,,74.560000,E
BFA,1998-01-01,1998-12-31,233,'854,Burkina Faso,882,'02211,Raw milk of cattle,5539,Producer Price Index (2014-2016 = 100),1998,1998,7021,Annual value,,90.520000,E
BFA,1999-01-01,1999-12-31,233,'854,Burkina Faso,882,'02211,Raw milk of cattle,5539,Producer Price Index (2014-2016 = 100),1999,1999,7021,Annual value,,70.580000,E
BFA,2000-01-01,2000-12-31,233,'854,Burkina Faso,882,'02211,Raw milk of cattle,5539,Producer Price Index (2014-2016 = 100),2000,2000,7021,Annual value,,54.040000,E
BFA,2001-01-01,2001-12-31,233,'854,Burkina Faso,882,'02211,Raw milk of cattle,5539,Producer Price Index (2014-2016 = 100),2001,2001,7021,Annual value,,83.940000,E
BFA,2002-01-01,2002-12-31,233,'854,Burkina Faso,882,'02211,Raw milk of cattle,5539,Producer Price Index (2014-2016 = 100),2002,2002,7021,Annual value,,95.470000,E
BFA,2003-01-01,2003-12-31,233,'854,Burkina Faso,882,'02211,Raw milk of cattle,5539,Producer Price Index (2014-2016 = 100),2003,2003,7021,Annual value,,65.810000,E
BFA,2004-01-01,2004-12-31,233,'854,Burkina Faso,882,'02211,Raw milk of cattle,5539,Producer Price Index (2014-2016 = 100),2004,2004,7021,Annual value,,73.560000,E
BFA,2005-01-01,2005-12-31,233,'854,Burkina Faso,882,'02211,Raw milk of cattle,5539,Producer Price Index (2014-2016 = 100),2005,2005,7021,Annual value,,84.490000,E
BFA,2006-01-01,2006-12-31,233,'854,Burkina Faso,882,'02211,Raw milk of cattle,5539,Producer Price Index (2014-2016 = 100),2006,2006,7021,Annual value,,72.750000,E
BFA,2007-01-01,2007-12-31,233,'854,Burkina Faso,882,'02211,Raw milk of cattle,5539,Producer Price Index (2014-2016 = 100),2007,2007,7021,Annual value,,79.780000,E
BFA,2008-01-01,2008-12-31,233,'854,Burkina Faso,882,'02211,Raw milk of cattle,5539,Producer Price Index (2014-2016 = 100),2008,2008,7021,Annual value,,84.980000,E
BFA,2009-01-01,2009-12-31,233,'854,Burkina Faso,882,'02211,Raw milk of cattle,5539,Producer Price Index (2014-2016 = 100),2009,2009,7021,Annual value,,88.010000,E
BFA,2010-01-01,2010-12-31,233,'854,Burkina Faso,882,'02211,Raw milk of cattle,5539,Producer Price Index (2014-2016 = 100),2010,2010,7021,Annual value,,90.960000,E
BFA,2011-01-01,2011-12-31,233,'854,Burkina Faso,882,'02211,Raw milk of cattle,5539,Producer Price Index (2014-2016 = 100),2011,2011,7021,Annual value,,93.780000,E
BFA,2012-01-01,2012-12-31,233,'854,Burkina Faso,882,'02211,Raw milk of cattle,5539,Producer Price Index (2014-2016 = 100),2012,2012,7021,Annual value,,96.450000,E
BFA,2013-01-01,2013-12-31,233,'854,Burkina Faso,882,'02211,Raw milk of cattle,5539,Producer Price Index (2014-2016 = 100),2013,2013,7021,Annual value,,98.080000,E
BFA,2014-01-01,2014-12-31,233,'854,Burkina Faso,882,'02211,Raw milk of cattle,5539,Producer Price Index (2014-2016 = 100),2014,2014,7021,Annual value,,100.100000,E
BFA,2015-01-01,2015-12-31,233,'854,Burkina Faso,882,'02211,Raw milk of cattle,5539,Producer Price Index (2014-2016 = 100),2015,2015,7021,Annual value,,99.010000,E
BFA,2016-01-01,2016-12-31,233,'854,Burkina Faso,882,'02211,Raw milk of cattle,5539,Producer Price Index (2014-2016 = 100),2016,2016,7021,Annual value,,100.890000,E
BFA,2017-01-01,2017-12-31,233,'854,Burkina Faso,882,'02211,Raw milk of cattle,5539,Producer Price Index (2014-2016 = 100),2017,2017,7021,Annual value,,102.610000,E
BFA,2018-01-01,2018-12-31,233,'854,Burkina Faso,882,'02211,Raw milk of cattle,5539,Producer Price Index (2014-2016 = 100),2018,2018,7021,Annual value,,104.170000,E
BFA,2019-01-01,2019-12-31,233,'854,Burkina Faso,882,'02211,Raw milk of cattle,5539,Producer Price Index (2014-2016 = 100),2019,2019,7021,Annual value,,105.630000,E
BFA,2020-01-01,2020-12-31,233,'854,Burkina Faso,882,'02211,Raw milk of cattle,5539,Producer Price Index (2014-2016 = 100),2020,2020,7021,Annual value,,100.300000,E
BFA,2021-01-01,2021-12-31,233,'854,Burkina Faso,882,'02211,Raw milk of cattle,5539,Producer Price Index (2014-2016 = 100),2021,2021,7021,Annual value,,96.550000,E
BFA,2022-01-01,2022-12-31,233,'854,Burkina Faso,882,'02211,Raw milk of cattle,5539,Producer Price Index (2014-2016 = 100),2022,2022,7021,Annual value,,126.880000,E
BFA,2023-01-01,2023-12-31,233,'854,Burkina Faso,882,'02211,Raw milk of cattle,5539,Producer Price Index (2014-2016 = 100),2023,2023,7021,Annual value,,103.710000,E
BFA,2024-01-01,2024-12-31,233,'854,Burkina Faso,882,'02211,Raw milk of cattle,5539,Producer Price Index (2014-2016 = 100),2024,2024,7021,Annual value,,118.680000,E
BFA,2025-01-01,2025-12-31,233,'854,Burkina Faso,882,'02211,Raw milk of cattle,5539,Producer Price Index (2014-2016 = 100),2025,2025,7021,Annual value,,120.540000,E
BFA,2017-01-01,2017-01-31,233,'854,Burkina Faso,1020,'02292,Raw milk of goats,5530,Producer Price (LCU/tonne),2017,2017,7001,January,LCU,2440.000000,A
BFA,2017-02-01,2017-02-28,233,'854,Burkina Faso,1020,'02292,Raw milk of goats,5530,Producer Price (LCU/tonne),2017,2017,7002,February,LCU,2435.000000,A
BFA,2017-03-01,2017-03-31,233,'854,Burkina Faso,1020,'02292,Raw milk of goats,5530,Producer Price (LCU/tonne),2017,2017,7003,March,LCU,2440.000000,A
BFA,2017-04-01,2017-04-30,233,'854,Burkina Faso,1020,'02292,Raw milk of goats,5530,Producer Price (LCU/tonne),2017,2017,7004,April,LCU,2440.000000,A
BFA,2017-05-01,2017-05-31,233,'854,Burkina Faso,1020,'02292,Raw milk of goats,5530,Producer Price (LCU/tonne),2017,2017,7005,May,LCU,2444.000000,A
BFA,2017-06-01,2017-06-30,233,'854,Burkina Faso,1020,'02292,Raw milk of goats,5530,Producer Price (LCU/tonne),2017,2017,7006,June,LCU,2493.000000,A
BFA,2017-07-01,2017-07-31,233,'854,Burkina Faso,1020,'02292,Raw milk of goats,5530,Producer Price (LCU/tonne),2017,2017,7007,July,LCU,2531.000000,A
BFA,2017-08-01,2017-08-31,233,'854,Burkina Faso,1020,'02292,Raw milk of goats,5530,Producer Price (LCU/tonne),2017,2017,7008,August,LCU,2537.000000,A
BFA,2017-09-01,2017-09-30,233,'854,Burkina Faso,1020,'02292,Raw milk of goats,5530,Producer Price (LCU/tonne),2017,2017,7009,September,LCU,2571.000000,A
BFA,2017-10-01,2017-10-31,233,'854,Burkina Faso,1020,'02292,Raw milk of goats,5530,Producer Price (LCU/tonne),2017,2017,7010,October,LCU,2591.000000,A
BFA,2017-11-01,2017-11-30,233,'854,Burkina Faso,1020,'02292,Raw milk of goats,5530,Producer Price (LCU/tonne),2017,2017,7011,November,LCU,2595.000000,A
BFA,2017-12-01,2017-12-31,233,'854,Burkina Faso,1020,'02292,Raw milk of goats,5530,Producer Price (LCU/tonne),2017,2017,7012,December,LCU,2595.000000,A
BFA,1991-01-01,1991-12-31,233,'854,Burkina Faso,1020,'02292,Raw milk of goats,5539,Producer Price Index (2014-2016 = 100),1991,1991,7021,Annual value,,43.840000,E
BFA,1992-01-01,1992-12-31,233,'854,Burkina Faso,1020,'02292,Raw milk of goats,5539,Producer Price Index (2014-2016 = 100),1992,1992,7021,Annual value,,45.300000,E
BFA,1993-01-01,1993-12-31,233,'854,Burkina Faso,1020,'02292,Raw milk of goats,5539,Producer Price Index (2014-2016 = 100),1993,1993,7021,Annual value,,36.920000,E
BFA,1994-01-01,1994-12-31,233,'854,Burkina Faso,1020,'02292,Raw milk of goats,5539,Producer Price Index (2014-2016 = 100),1994,1994,7021,Annual value,,49.350000,E
BFA,1995-01-01,1995-12-31,233,'854,Burkina Faso,1020,'02292,Raw milk of goats,5539,Producer Price Index (2014-2016 = 100),1995,1995,7021,Annual value,,49.350000,E
BFA,1996-01-01,1996-12-31,233,'854,Burkina Faso,1020,'02292,Raw milk of goats,5539,Producer Price Index (2014-2016 = 100),1996,1996,7021,Annual value,,69.170000,E
BFA,1997-01-01,1997-12-31,233,'854,Burkina Faso,1020,'02292,Raw milk of goats,5539,Producer Price Index (2014-2016 = 100),1997,1997,7021,Annual value,,70.320000,E
BFA,1998-01-01,1998-12-31,233,'854,Burkina Faso,1020,'02292,Raw milk of goats,5539,Producer Price Index (2014-2016 = 100),1998,1998,7021,Annual value,,85.370000,E
BFA,1999-01-01,1999-12-31,233,'854,Burkina Faso,1020,'02292,Raw milk of goats,5539,Producer Price Index (2014-2016 = 100),1999,1999,7021,Annual value,,66.570000,E
BFA,2000-01-01,2000-12-31,233,'854,Burkina Faso,1020,'02292,Raw milk of goats,5539,Producer Price Index (2014-2016 = 100),2000,2000,7021,Annual value,,50.970000,E
BFA,2001-01-01,2001-12-31,233,'854,Burkina Faso,1020,'02292,Raw milk of goats,5539,Producer Price Index (2014-2016 = 100),2001,2001,7021,Annual value,,79.170000,E
BFA,2002-01-01,2002-12-31,233,'854,Burkina Faso,1020,'02292,Raw milk of goats,5539,Producer Price Index (2014-2016 = 100),2002,2002,7021,Annual value,,90.040000,E
BFA,2003-01-01,2003-12-31,233,'854,Burkina Faso,1020,'02292,Raw milk of goats,5539,Producer Price Index (2014-2016 = 100),2003,2003,7021,Annual value,,62.070000,E
BFA,2004-01-01,2004-12-31,233,'854,Burkina Faso,1020,'02292,Raw milk of goats,5539,Producer Price Index (2014-2016 = 100),2004,2004,7021,Annual value,,69.380000,E
BFA,2005-01-01,2005-12-31,233,'854,Burkina Faso,1020,'02292,Raw milk of goats,5539,Producer Price Index (2014-2016 = 100),2005,2005,7021,Annual value,,79.680000,E
BFA,2006-01-01,2006-12-31,233,'854,Burkina Faso,1020,'02292,Raw milk of goats,5539,Producer Price Index (2014-2016 = 100),2006,2006,7021,Annual value,,68.620000,E
BFA,2007-01-01,2007-12-31,233,'854,Burkina Faso,1020,'02292,Raw milk of goats,5539,Producer Price Index (2014-2016 = 100),2007,2007,7021,Annual value,,75.250000,E
BFA,2008-01-01,2008-12-31,233,'854,Burkina Faso,1020,'02292,Raw milk of goats,5539,Producer Price Index (2014-2016 = 100),2008,2008,7021,Annual value,,81.120000,E
BFA,2009-01-01,2009-12-31,233,'854,Burkina Faso,1020,'02292,Raw milk of goats,5539,Producer Price Index (2014-2016 = 100),2009,2009,7021,Annual value,,85.760000,E
BFA,2010-01-01,2010-12-31,233,'854,Burkina Faso,1020,'02292,Raw milk of goats,5539,Producer Price Index (2014-2016 = 100),2010,2010,7021,Annual value,,89.980000,E
BFA,2011-01-01,2011-12-31,233,'854,Burkina Faso,1020,'02292,Raw milk of goats,5539,Producer Price Index (2014-2016 = 100),2011,2011,7021,Annual value,,93.730000,E
BFA,2012-01-01,2012-12-31,233,'854,Burkina Faso,1020,'02292,Raw milk of goats,5539,Producer Price Index (2014-2016 = 100),2012,2012,7021,Annual value,,96.960000,E
BFA,2013-01-01,2013-12-31,233,'854,Burkina Faso,1020,'02292,Raw milk of goats,5539,Producer Price Index (2014-2016 = 100),2013,2013,7021,Annual value,,98.850000,E
BFA,2014-01-01,2014-12-31,233,'854,Burkina Faso,1020,'02292,Raw milk of goats,5539,Producer Price Index (2014-2016 = 100),2014,2014,7021,Annual value,,100.680000,E
BFA,2015-01-01,2015-12-31,233,'854,Burkina Faso,1020,'02292,Raw milk of goats,5539,Producer Price Index (2014-2016 = 100),2015,2015,7021,Annual value,,99.240000,E
BFA,2016-01-01,2016-12-31,233,'854,Burkina Faso,1020,'02292,Raw milk of goats,5539,Producer Price Index (2014-2016 = 100),2016,2016,7021,Annual value,,100.080000,E
BFA,2017-01-01,2017-12-31,233,'854,Burkina Faso,1020,'02292,Raw milk of goats,5539,Producer Price Index (2014-2016 = 100),2017,2017,7021,Annual value,,100.300000,E
BFA,2018-01-01,2018-12-31,233,'854,Burkina Faso,1020,'02292,Raw milk of goats,5539,Producer Price Index (2014-2016 = 100),2018,2018,7021,Annual value,,99.910000,E
BFA,2019-01-01,2019-12-31,233,'854,Burkina Faso,1020,'02292,Raw milk of goats,5539,Producer Price Index (2014-2016 = 100),2019,2019,7021,Annual value,,98.930000,E
BFA,2020-01-01,2020-12-31,233,'854,Burkina Faso,1020,'02292,Raw milk of goats,5539,Producer Price Index (2014-2016 = 100),2020,2020,7021,Annual value,,94.590000,E
BFA,2021-01-01,2021-12-31,233,'854,Burkina Faso,1020,'02292,Raw milk of goats,5539,Producer Price Index (2014-2016 = 100),2021,2021,7021,Annual value,,91.060000,E
BFA,2022-01-01,2022-12-31,233,'854,Burkina Faso,1020,'02292,Raw milk of goats,5539,Producer Price Index (2014-2016 = 100),2022,2022,7021,Annual value,,119.660000,E
BFA,2023-01-01,2023-12-31,233,'854,Burkina Faso,1020,'02292,Raw milk of goats,5539,Producer Price Index (2014-2016 = 100),2023,2023,7021,Annual value,,101.240000,E
BFA,2024-01-01,2024-12-31,233,'854,Burkina Faso,1020,'02292,Raw milk of goats,5539,Producer Price Index (2014-2016 = 100),2024,2024,7021,Annual value,,114.610000,E
BFA,2025-01-01,2025-12-31,233,'854,Burkina Faso,1020,'02292,Raw milk of goats,5539,Producer Price Index (2014-2016 = 100),2025,2025,7021,Annual value,,118.570000,E
BFA,2017-01-01,2017-01-31,233,'854,Burkina Faso,982,'02291,Raw milk of sheep,5530,Producer Price (LCU/tonne),2017,2017,7001,January,LCU,2298.000000,A
BFA,2017-02-01,2017-02-28,233,'854,Burkina Faso,982,'02291,Raw milk of sheep,5530,Producer Price (LCU/tonne),2017,2017,7002,February,LCU,2283.000000,A
BFA,2017-03-01,2017-03-31,233,'854,Burkina Faso,982,'02291,Raw milk of sheep,5530,Producer Price (LCU/tonne),2017,2017,7003,March,LCU,2301.000000,A
BFA,2017-04-01,2017-04-30,233,'854,Burkina Faso,982,'02291,Raw milk of sheep,5530,Producer Price (LCU/tonne),2017,2017,7004,April,LCU,2304.000000,A
BFA,2017-05-01,2017-05-31,233,'854,Burkina Faso,982,'02291,Raw milk of sheep,5530,Producer Price (LCU/tonne),2017,2017,7005,May,LCU,2321.000000,A
BFA,2017-06-01,2017-06-30,233,'854,Burkina Faso,982,'02291,Raw milk of sheep,5530,Producer Price (LCU/tonne),2017,2017,7006,June,LCU,2412.000000,A
BFA,2017-07-01,2017-07-31,233,'854,Burkina Faso,982,'02291,Raw milk of sheep,5530,Producer Price (LCU/tonne),2017,2017,7007,July,LCU,2432.000000,A
BFA,2017-08-01,2017-08-31,233,'854,Burkina Faso,982,'02291,Raw milk of sheep,5530,Producer Price (LCU/tonne),2017,2017,7008,August,LCU,2442.000000,A
BFA,2017-09-01,2017-09-30,233,'854,Burkina Faso,982,'02291,Raw milk of sheep,5530,Producer Price (LCU/tonne),2017,2017,7009,September,LCU,2538.000000,A
BFA,2017-10-01,2017-10-31,233,'854,Burkina Faso,982,'02291,Raw milk of sheep,5530,Producer Price (LCU/tonne),2017,2017,7010,October,LCU,2535.000000,A
BFA,2017-11-01,2017-11-30,233,'854,Burkina Faso,982,'02291,Raw milk of sheep,5530,Producer Price (LCU/tonne),2017,2017,7011,November,LCU,2538.000000,A
BFA,2017-12-01,2017-12-31,233,'854,Burkina Faso,982,'02291,Raw milk of sheep,5530,Producer Price (LCU/tonne),2017,2017,7012,December,LCU,2533.000000,A
BFA,1997-01-01,1997-12-31,233,'854,Burkina Faso,27,'0113,Rice,5530,Producer Price (LCU/tonne),1997,1997,7021,Annual value,LCU,114786.300000,A
BFA,1998-01-01,1998-12-31,233,'854,Burkina Faso,27,'0113,Rice,5530,Producer Price (LCU/tonne),1998,1998,7021,Annual value,LCU,130950.900000,A
BFA,1999-01-01,1999-12-31,233,'854,Burkina Faso,27,'0113,Rice,5530,Producer Price (LCU/tonne),1999,1999,7021,Annual value,LCU,114786.300000,A
BFA,2000-01-01,2000-12-31,233,'854,Burkina Faso,27,'0113,Rice,5530,Producer Price (LCU/tonne),2000,2000,7021,Annual value,LCU,85000.000000,A
BFA,2001-01-01,2001-12-31,233,'854,Burkina Faso,27,'0113,Rice,5530,Producer Price (LCU/tonne),2001,2001,7021,Annual value,LCU,93500.000000,A
BFA,2002-01-01,2002-12-31,233,'854,Burkina Faso,27,'0113,Rice,5530,Producer Price (LCU/tonne),2002,2002,7021,Annual value,LCU,94752.000000,A
BFA,2003-01-01,2003-12-31,233,'854,Burkina Faso,27,'0113,Rice,5530,Producer Price (LCU/tonne),2003,2003,7021,Annual value,LCU,97356.800000,A
BFA,2004-01-01,2004-12-31,233,'854,Burkina Faso,27,'0113,Rice,5530,Producer Price (LCU/tonne),2004,2004,7021,Annual value,LCU,99303.900000,A
BFA,2005-01-01,2005-12-31,233,'854,Burkina Faso,27,'0113,Rice,5530,Producer Price (LCU/tonne),2005,2005,7021,Annual value,LCU,206500.000000,A
BFA,2006-01-01,2006-12-31,233,'854,Burkina Faso,27,'0113,Rice,5530,Producer Price (LCU/tonne),2006,2006,7021,Annual value,LCU,211662.500000,A
BFA,2007-01-01,2007-12-31,233,'854,Burkina Faso,27,'0113,Rice,5530,Producer Price (LCU/tonne),2007,2007,7021,Annual value,LCU,216418.900000,A
BFA,2017-01-01,2017-01-31,233,'854,Burkina Faso,27,'0113,Rice,5530,Producer Price (LCU/tonne),2017,2017,7001,January,LCU,1720.000000,A
BFA,2017-02-01,2017-02-28,233,'854,Burkina Faso,27,'0113,Rice,5530,Producer Price (LCU/tonne),2017,2017,7002,February,LCU,1811.000000,A
BFA,2017-03-01,2017-03-31,233,'854,Burkina Faso,27,'0113,Rice,5530,Producer Price (LCU/tonne),2017,2017,7003,March,LCU,1842.000000,A
BFA,2017-04-01,2017-04-30,233,'854,Burkina Faso,27,'0113,Rice,5530,Producer Price (LCU/tonne),2017,2017,7004,April,LCU,1847.000000,A
BFA,2017-05-01,2017-05-31,233,'854,Burkina Faso,27,'0113,Rice,5530,Producer Price (LCU/tonne),2017,2017,7005,May,LCU,1792.000000,A
BFA,2017-06-01,2017-06-30,233,'854,Burkina Faso,27,'0113,Rice,5530,Producer Price (LCU/tonne),2017,2017,7006,June,LCU,1879.000000,A
BFA,2017-07-01,2017-07-31,233,'854,Burkina Faso,27,'0113,Rice,5530,Producer Price (LCU/tonne),2017,2017,7007,July,LCU,1870.000000,A
BFA,2017-08-01,2017-08-31,233,'854,Burkina Faso,27,'0113,Rice,5530,Producer Price (LCU/tonne),2017,2017,7008,August,LCU,1871.000000,A
BFA,2017-09-01,2017-09-30,233,'854,Burkina Faso,27,'0113,Rice,5530,Producer Price (LCU/tonne),2017,2017,7009,September,LCU,1971.000000,A
BFA,2017-10-01,2017-10-31,233,'854,Burkina Faso,27,'0113,Rice,5530,Producer Price (LCU/tonne),2017,2017,7010,October,LCU,2091.000000,A
BFA,2017-11-01,2017-11-30,233,'854,Burkina Faso,27,'0113,Rice,5530,Producer Price (LCU/tonne),2017,2017,7011,November,LCU,2144.000000,A
BFA,2017-12-01,2017-12-31,233,'854,Burkina Faso,27,'0113,Rice,5530,Producer Price (LCU/tonne),2017,2017,7012,December,LCU,2212.000000,A
BFA,1997-01-01,1997-12-31,233,'854,Burkina Faso,27,'0113,Rice,5531,Producer Price (SLC/tonne),1997,1997,7021,Annual value,SLC,114786.300000,A
BFA,1998-01-01,1998-12-31,233,'854,Burkina Faso,27,'0113,Rice,5531,Producer Price (SLC/tonne),1998,1998,7021,Annual value,SLC,130950.900000,A
BFA,1999-01-01,1999-12-31,233,'854,Burkina Faso,27,'0113,Rice,5531,Producer Price (SLC/tonne),1999,1999,7021,Annual value,SLC,114786.300000,A
BFA,2000-01-01,2000-12-31,233,'854,Burkina Faso,27,'0113,Rice,5531,Producer Price (SLC/tonne),2000,2000,7021,Annual value,SLC,85000.000000,A
BFA,2001-01-01,2001-12-31,233,'854,Burkina Faso,27,'0113,Rice,5531,Producer Price (SLC/tonne),2001,2001,7021,Annual value,SLC,93500.000000,A
BFA,2002-01-01,2002-12-31,233,'854,Burkina Faso,27,'0113,Rice,5531,Producer Price (SLC/tonne),2002,2002,7021,Annual value,SLC,94752.000000,A
BFA,2003-01-01,2003-12-31,233,'854,Burkina Faso,27,'0113,Rice,5531,Producer Price (SLC/tonne),2003,2003,7021,Annual value,SLC,97356.800000,A
BFA,2004-01-01,2004-12-31,233,'854,Burkina Faso,27,'0113,Rice,5531,Producer Price (SLC/tonne),2004,2004,7021,Annual value,SLC,99303.900000,A
BFA,2005-01-01,2005-12-31,233,'854,Burkina Faso,27,'0113,Rice,5531,Producer Price (SLC/tonne),2005,2005,7021,Annual value,SLC,206500.000000,A
BFA,2006-01-01,2006-12-31,233,'854,Burkina Faso,27,'0113,Rice,5531,Producer Price (SLC/tonne),2006,2006,7021,Annual value,SLC,211662.500000,A
BFA,2007-01-01,2007-12-31,233,'854,Burkina Faso,27,'0113,Rice,5531,Producer Price (SLC/tonne),2007,2007,7021,Annual value,SLC,216418.900000,A
BFA,1997-01-01,1997-12-31,233,'854,Burkina Faso,27,'0113,Rice,5532,Producer Price (USD/tonne),1997,1997,7021,Annual value,USD,196.700000,A
BFA,1998-01-01,1998-12-31,233,'854,Burkina Faso,27,'0113,Rice,5532,Producer Price (USD/tonne),1998,1998,7021,Annual value,USD,222.000000,A
BFA,1999-01-01,1999-12-31,233,'854,Burkina Faso,27,'0113,Rice,5532,Producer Price (USD/tonne),1999,1999,7021,Annual value,USD,186.400000,A
BFA,2000-01-01,2000-12-31,233,'854,Burkina Faso,27,'0113,Rice,5532,Producer Price (USD/tonne),2000,2000,7021,Annual value,USD,119.400000,A
BFA,2001-01-01,2001-12-31,233,'854,Burkina Faso,27,'0113,Rice,5532,Producer Price (USD/tonne),2001,2001,7021,Annual value,USD,127.600000,A
BFA,2002-01-01,2002-12-31,233,'854,Burkina Faso,27,'0113,Rice,5532,Producer Price (USD/tonne),2002,2002,7021,Annual value,USD,135.900000,A
BFA,2003-01-01,2003-12-31,233,'854,Burkina Faso,27,'0113,Rice,5532,Producer Price (USD/tonne),2003,2003,7021,Annual value,USD,167.500000,A
BFA,2004-01-01,2004-12-31,233,'854,Burkina Faso,27,'0113,Rice,5532,Producer Price (USD/tonne),2004,2004,7021,Annual value,USD,188.000000,A
BFA,2005-01-01,2005-12-31,233,'854,Burkina Faso,27,'0113,Rice,5532,Producer Price (USD/tonne),2005,2005,7021,Annual value,USD,391.500000,A
BFA,2006-01-01,2006-12-31,233,'854,Burkina Faso,27,'0113,Rice,5532,Producer Price (USD/tonne),2006,2006,7021,Annual value,USD,404.800000,A
BFA,2007-01-01,2007-12-31,233,'854,Burkina Faso,27,'0113,Rice,5532,Producer Price (USD/tonne),2007,2007,7021,Annual value,USD,451.600000,A
BFA,1991-01-01,1991-12-31,233,'854,Burkina Faso,27,'0113,Rice,5539,Producer Price Index (2014-2016 = 100),1991,1991,7021,Annual value,,37.190000,E
BFA,1992-01-01,1992-12-31,233,'854,Burkina Faso,27,'0113,Rice,5539,Producer Price Index (2014-2016 = 100),1992,1992,7021,Annual value,,38.480000,E
BFA,1993-01-01,1993-12-31,233,'854,Burkina Faso,27,'0113,Rice,5539,Producer Price Index (2014-2016 = 100),1993,1993,7021,Annual value,,32.190000,E
BFA,1994-01-01,1994-12-31,233,'854,Burkina Faso,27,'0113,Rice,5539,Producer Price Index (2014-2016 = 100),1994,1994,7021,Annual value,,45.980000,E
BFA,1995-01-01,1995-12-31,233,'854,Burkina Faso,27,'0113,Rice,5539,Producer Price Index (2014-2016 = 100),1995,1995,7021,Annual value,,45.980000,E
BFA,1996-01-01,1996-12-31,233,'854,Burkina Faso,27,'0113,Rice,5539,Producer Price Index (2014-2016 = 100),1996,1996,7021,Annual value,,59.390000,E
BFA,1997-01-01,1997-12-31,233,'854,Burkina Faso,27,'0113,Rice,5539,Producer Price Index (2014-2016 = 100),1997,1997,7021,Annual value,,43.050000,E
BFA,1998-01-01,1998-12-31,233,'854,Burkina Faso,27,'0113,Rice,5539,Producer Price Index (2014-2016 = 100),1998,1998,7021,Annual value,,49.110000,E
BFA,1999-01-01,1999-12-31,233,'854,Burkina Faso,27,'0113,Rice,5539,Producer Price Index (2014-2016 = 100),1999,1999,7021,Annual value,,43.050000,E
BFA,2000-01-01,2000-12-31,233,'854,Burkina Faso,27,'0113,Rice,5539,Producer Price Index (2014-2016 = 100),2000,2000,7021,Annual value,,31.880000,E
BFA,2001-01-01,2001-12-31,233,'854,Burkina Faso,27,'0113,Rice,5539,Producer Price Index (2014-2016 = 100),2001,2001,7021,Annual value,,35.070000,E
BFA,2002-01-01,2002-12-31,233,'854,Burkina Faso,27,'0113,Rice,5539,Producer Price Index (2014-2016 = 100),2002,2002,7021,Annual value,,35.530000,E
BFA,2003-01-01,2003-12-31,233,'854,Burkina Faso,27,'0113,Rice,5539,Producer Price Index (2014-2016 = 100),2003,2003,7021,Annual value,,36.510000,E
BFA,2004-01-01,2004-12-31,233,'854,Burkina Faso,27,'0113,Rice,5539,Producer Price Index (2014-2016 = 100),2004,2004,7021,Annual value,,37.240000,E
BFA,2005-01-01,2005-12-31,233,'854,Burkina Faso,27,'0113,Rice,5539,Producer Price Index (2014-2016 = 100),2005,2005,7021,Annual value,,77.440000,E
BFA,2006-01-01,2006-12-31,233,'854,Burkina Faso,27,'0113,Rice,5539,Producer Price Index (2014-2016 = 100),2006,2006,7021,Annual value,,79.380000,E
BFA,2007-01-01,2007-12-31,233,'854,Burkina Faso,27,'0113,Rice,5539,Producer Price Index (2014-2016 = 100),2007,2007,7021,Annual value,,81.160000,E
BFA,2008-01-01,2008-12-31,233,'854,Burkina Faso,27,'0113,Rice,5539,Producer Price Index (2014-2016 = 100),2008,2008,7021,Annual value,,81.750000,E
BFA,2009-01-01,2009-12-31,233,'854,Burkina Faso,27,'0113,Rice,5539,Producer Price Index (2014-2016 = 100),2009,2009,7021,Annual value,,84.710000,E
BFA,2010-01-01,2010-12-31,233,'854,Burkina Faso,27,'0113,Rice,5539,Producer Price Index (2014-2016 = 100),2010,2010,7021,Annual value,,87.510000,E
BFA,2011-01-01,2011-12-31,233,'854,Burkina Faso,27,'0113,Rice,5539,Producer Price Index (2014-2016 = 100),2011,2011,7021,Annual value,,90.200000,E
BFA,2012-01-01,2012-12-31,233,'854,Burkina Faso,27,'0113,Rice,5539,Producer Price Index (2014-2016 = 100),2012,2012,7021,Annual value,,92.820000,E
BFA,2013-01-01,2013-12-31,233,'854,Burkina Faso,27,'0113,Rice,5539,Producer Price Index (2014-2016 = 100),2013,2013,7021,Annual value,,95.940000,E
BFA,2014-01-01,2014-12-31,233,'854,Burkina Faso,27,'0113,Rice,5539,Producer Price Index (2014-2016 = 100),2014,2014,7021,Annual value,,98.440000,E
BFA,2015-01-01,2015-12-31,233,'854,Burkina Faso,27,'0113,Rice,5539,Producer Price Index (2014-2016 = 100),2015,2015,7021,Annual value,,99.620000,E
BFA,2016-01-01,2016-12-31,233,'854,Burkina Faso,27,'0113,Rice,5539,Producer Price Index (2014-2016 = 100),2016,2016,7021,Annual value,,101.940000,E
BFA,2017-01-01,2017-12-31,233,'854,Burkina Faso,27,'0113,Rice,5539,Producer Price Index (2014-2016 = 100),2017,2017,7021,Annual value,,104.190000,E
BFA,2018-01-01,2018-12-31,233,'854,Burkina Faso,27,'0113,Rice,5539,Producer Price Index (2014-2016 = 100),2018,2018,7021,Annual value,,106.370000,E
BFA,2019-01-01,2019-12-31,233,'854,Burkina Faso,27,'0113,Rice,5539,Producer Price Index (2014-2016 = 100),2019,2019,7021,Annual value,,108.530000,E
BFA,2020-01-01,2020-12-31,233,'854,Burkina Faso,27,'0113,Rice,5539,Producer Price Index (2014-2016 = 100),2020,2020,7021,Annual value,,110.540000,E
BFA,2021-01-01,2021-12-31,233,'854,Burkina Faso,27,'0113,Rice,5539,Producer Price Index (2014-2016 = 100),2021,2021,7021,Annual value,,106.260000,E
BFA,2022-01-01,2022-12-31,233,'854,Burkina Faso,27,'0113,Rice,5539,Producer Price Index (2014-2016 = 100),2022,2022,7021,Annual value,,132.480000,E
BFA,2023-01-01,2023-12-31,233,'854,Burkina Faso,27,'0113,Rice,5539,Producer Price Index (2014-2016 = 100),2023,2023,7021,Annual value,,114.130000,E
BFA,2024-01-01,2024-12-31,233,'854,Burkina Faso,27,'0113,Rice,5539,Producer Price Index (2014-2016 = 100),2024,2024,7021,Annual value,,128.100000,E
BFA,2025-01-01,2025-12-31,233,'854,Burkina Faso,27,'0113,Rice,5539,Producer Price Index (2014-2016 = 100),2025,2025,7021,Annual value,,130.670000,E
BFA,2017-01-01,2017-01-31,233,'854,Burkina Faso,71,'0116,Rye,5530,Producer Price (LCU/tonne),2017,2017,7001,January,LCU,696.000000,A
BFA,2017-02-01,2017-02-28,233,'854,Burkina Faso,71,'0116,Rye,5530,Producer Price (LCU/tonne),2017,2017,7002,February,LCU,700.000000,A
BFA,2017-03-01,2017-03-31,233,'854,Burkina Faso,71,'0116,Rye,5530,Producer Price (LCU/tonne),2017,2017,7003,March,LCU,705.000000,A
BFA,2017-04-01,2017-04-30,233,'854,Burkina Faso,71,'0116,Rye,5530,Producer Price (LCU/tonne),2017,2017,7004,April,LCU,706.000000,A
BFA,2017-05-01,2017-05-31,233,'854,Burkina Faso,71,'0116,Rye,5530,Producer Price (LCU/tonne),2017,2017,7005,May,LCU,710.000000,A
BFA,2017-06-01,2017-06-30,233,'854,Burkina Faso,71,'0116,Rye,5530,Producer Price (LCU/tonne),2017,2017,7006,June,LCU,714.000000,A
BFA,2017-07-01,2017-07-31,233,'854,Burkina Faso,71,'0116,Rye,5530,Producer Price (LCU/tonne),2017,2017,7007,July,LCU,733.000000,A
BFA,2017-08-01,2017-08-31,233,'854,Burkina Faso,71,'0116,Rye,5530,Producer Price (LCU/tonne),2017,2017,7008,August,LCU,752.000000,A
BFA,2017-09-01,2017-09-30,233,'854,Burkina Faso,71,'0116,Rye,5530,Producer Price (LCU/tonne),2017,2017,7009,September,LCU,758.000000,A
BFA,2017-10-01,2017-10-31,233,'854,Burkina Faso,71,'0116,Rye,5530,Producer Price (LCU/tonne),2017,2017,7010,October,LCU,763.000000,A
BFA,2017-11-01,2017-11-30,233,'854,Burkina Faso,71,'0116,Rye,5530,Producer Price (LCU/tonne),2017,2017,7011,November,LCU,765.000000,A
BFA,2017-12-01,2017-12-31,233,'854,Burkina Faso,71,'0116,Rye,5530,Producer Price (LCU/tonne),2017,2017,7012,December,LCU,769.000000,A
BFA,2017-01-01,2017-01-31,233,'854,Burkina Faso,280,'01446,Safflower seed,5530,Producer Price (LCU/tonne),2017,2017,7001,January,LCU,966.000000,A
BFA,2017-02-01,2017-02-28,233,'854,Burkina Faso,280,'01446,Safflower seed,5530,Producer Price (LCU/tonne),2017,2017,7002,February,LCU,973.000000,A
BFA,2017-03-01,2017-03-31,233,'854,Burkina Faso,280,'01446,Safflower seed,5530,Producer Price (LCU/tonne),2017,2017,7003,March,LCU,972.000000,A
BFA,2017-04-01,2017-04-30,233,'854,Burkina Faso,280,'01446,Safflower seed,5530,Producer Price (LCU/tonne),2017,2017,7004,April,LCU,976.000000,A
BFA,2017-05-01,2017-05-31,233,'854,Burkina Faso,280,'01446,Safflower seed,5530,Producer Price (LCU/tonne),2017,2017,7005,May,LCU,978.000000,A
BFA,2017-06-01,2017-06-30,233,'854,Burkina Faso,280,'01446,Safflower seed,5530,Producer Price (LCU/tonne),2017,2017,7006,June,LCU,977.000000,A
BFA,2017-07-01,2017-07-31,233,'854,Burkina Faso,280,'01446,Safflower seed,5530,Producer Price (LCU/tonne),2017,2017,7007,July,LCU,977.000000,A
BFA,2017-08-01,2017-08-31,233,'854,Burkina Faso,280,'01446,Safflower seed,5530,Producer Price (LCU/tonne),2017,2017,7008,August,LCU,972.000000,A
BFA,2017-09-01,2017-09-30,233,'854,Burkina Faso,280,'01446,Safflower seed,5530,Producer Price (LCU/tonne),2017,2017,7009,September,LCU,973.000000,A
BFA,2017-10-01,2017-10-31,233,'854,Burkina Faso,280,'01446,Safflower seed,5530,Producer Price (LCU/tonne),2017,2017,7010,October,LCU,977.000000,A
BFA,2017-11-01,2017-11-30,233,'854,Burkina Faso,280,'01446,Safflower seed,5530,Producer Price (LCU/tonne),2017,2017,7011,November,LCU,979.000000,A
BFA,2017-12-01,2017-12-31,233,'854,Burkina Faso,280,'01446,Safflower seed,5530,Producer Price (LCU/tonne),2017,2017,7012,December,LCU,977.000000,A
BFA,1997-01-01,1997-12-31,233,'854,Burkina Faso,328,'01921.01,"Seed cotton, unginned",5530,Producer Price (LCU/tonne),1997,1997,7021,Annual value,LCU,159400.000000,A
BFA,1998-01-01,1998-12-31,233,'854,Burkina Faso,328,'01921.01,"Seed cotton, unginned",5530,Producer Price (LCU/tonne),1998,1998,7021,Annual value,LCU,158900.000000,A
BFA,1999-01-01,1999-12-31,233,'854,Burkina Faso,328,'01921.01,"Seed cotton, unginned",5530,Producer Price (LCU/tonne),1999,1999,7021,Annual value,LCU,159900.000000,A
BFA,2000-01-01,2000-12-31,233,'854,Burkina Faso,328,'01921.01,"Seed cotton, unginned",5530,Producer Price (LCU/tonne),2000,2000,7021,Annual value,LCU,170000.000000,A
BFA,2001-01-01,2001-12-31,233,'854,Burkina Faso,328,'01921.01,"Seed cotton, unginned",5530,Producer Price (LCU/tonne),2001,2001,7021,Annual value,LCU,176000.000000,A
BFA,2002-01-01,2002-12-31,233,'854,Burkina Faso,328,'01921.01,"Seed cotton, unginned",5530,Producer Price (LCU/tonne),2002,2002,7021,Annual value,LCU,174100.000000,A
BFA,2003-01-01,2003-12-31,233,'854,Burkina Faso,328,'01921.01,"Seed cotton, unginned",5530,Producer Price (LCU/tonne),2003,2003,7021,Annual value,LCU,173900.000000,A
BFA,2004-01-01,2004-12-31,233,'854,Burkina Faso,328,'01921.01,"Seed cotton, unginned",5530,Producer Price (LCU/tonne),2004,2004,7021,Annual value,LCU,184400.000000,A
BFA,2005-01-01,2005-12-31,233,'854,Burkina Faso,328,'01921.01,"Seed cotton, unginned",5530,Producer Price (LCU/tonne),2005,2005,7021,Annual value,LCU,175000.000000,A
BFA,2006-01-01,2006-12-31,233,'854,Burkina Faso,328,'01921.01,"Seed cotton, unginned",5530,Producer Price (LCU/tonne),2006,2006,7021,Annual value,LCU,171267.400000,A
BFA,1997-01-01,1997-12-31,233,'854,Burkina Faso,328,'01921.01,"Seed cotton, unginned",5531,Producer Price (SLC/tonne),1997,1997,7021,Annual value,SLC,159400.000000,A
BFA,1998-01-01,1998-12-31,233,'854,Burkina Faso,328,'01921.01,"Seed cotton, unginned",5531,Producer Price (SLC/tonne),1998,1998,7021,Annual value,SLC,158900.000000,A
BFA,1999-01-01,1999-12-31,233,'854,Burkina Faso,328,'01921.01,"Seed cotton, unginned",5531,Producer Price (SLC/tonne),1999,1999,7021,Annual value,SLC,159900.000000,A
BFA,2000-01-01,2000-12-31,233,'854,Burkina Faso,328,'01921.01,"Seed cotton, unginned",5531,Producer Price (SLC/tonne),2000,2000,7021,Annual value,SLC,170000.000000,A
BFA,2001-01-01,2001-12-31,233,'854,Burkina Faso,328,'01921.01,"Seed cotton, unginned",5531,Producer Price (SLC/tonne),2001,2001,7021,Annual value,SLC,176000.000000,A
BFA,2002-01-01,2002-12-31,233,'854,Burkina Faso,328,'01921.01,"Seed cotton, unginned",5531,Producer Price (SLC/tonne),2002,2002,7021,Annual value,SLC,174100.000000,A
BFA,2003-01-01,2003-12-31,233,'854,Burkina Faso,328,'01921.01,"Seed cotton, unginned",5531,Producer Price (SLC/tonne),2003,2003,7021,Annual value,SLC,173900.000000,A
BFA,2004-01-01,2004-12-31,233,'854,Burkina Faso,328,'01921.01,"Seed cotton, unginned",5531,Producer Price (SLC/tonne),2004,2004,7021,Annual value,SLC,184400.000000,A
BFA,2005-01-01,2005-12-31,233,'854,Burkina Faso,328,'01921.01,"Seed cotton, unginned",5531,Producer Price (SLC/tonne),2005,2005,7021,Annual value,SLC,175000.000000,A
BFA,2006-01-01,2006-12-31,233,'854,Burkina Faso,328,'01921.01,"Seed cotton, unginned",5531,Producer Price (SLC/tonne),2006,2006,7021,Annual value,SLC,171267.400000,A
BFA,1997-01-01,1997-12-31,233,'854,Burkina Faso,328,'01921.01,"Seed cotton, unginned",5532,Producer Price (USD/tonne),1997,1997,7021,Annual value,USD,273.100000,A
BFA,1998-01-01,1998-12-31,233,'854,Burkina Faso,328,'01921.01,"Seed cotton, unginned",5532,Producer Price (USD/tonne),1998,1998,7021,Annual value,USD,269.300000,A
BFA,1999-01-01,1999-12-31,233,'854,Burkina Faso,328,'01921.01,"Seed cotton, unginned",5532,Producer Price (USD/tonne),1999,1999,7021,Annual value,USD,259.700000,A
BFA,2000-01-01,2000-12-31,233,'854,Burkina Faso,328,'01921.01,"Seed cotton, unginned",5532,Producer Price (USD/tonne),2000,2000,7021,Annual value,USD,238.800000,A
BFA,2001-01-01,2001-12-31,233,'854,Burkina Faso,328,'01921.01,"Seed cotton, unginned",5532,Producer Price (USD/tonne),2001,2001,7021,Annual value,USD,240.100000,A
BFA,2002-01-01,2002-12-31,233,'854,Burkina Faso,328,'01921.01,"Seed cotton, unginned",5532,Producer Price (USD/tonne),2002,2002,7021,Annual value,USD,249.800000,A
BFA,2003-01-01,2003-12-31,233,'854,Burkina Faso,328,'01921.01,"Seed cotton, unginned",5532,Producer Price (USD/tonne),2003,2003,7021,Annual value,USD,299.200000,A
BFA,2004-01-01,2004-12-31,233,'854,Burkina Faso,328,'01921.01,"Seed cotton, unginned",5532,Producer Price (USD/tonne),2004,2004,7021,Annual value,USD,349.100000,A
BFA,2005-01-01,2005-12-31,233,'854,Burkina Faso,328,'01921.01,"Seed cotton, unginned",5532,Producer Price (USD/tonne),2005,2005,7021,Annual value,USD,331.800000,A
BFA,2006-01-01,2006-12-31,233,'854,Burkina Faso,328,'01921.01,"Seed cotton, unginned",5532,Producer Price (USD/tonne),2006,2006,7021,Annual value,USD,327.500000,A
BFA,1991-01-01,1991-12-31,233,'854,Burkina Faso,328,'01921.01,"Seed cotton, unginned",5539,Producer Price Index (2014-2016 = 100),1991,1991,7021,Annual value,,39.800000,E
BFA,1992-01-01,1992-12-31,233,'854,Burkina Faso,328,'01921.01,"Seed cotton, unginned",5539,Producer Price Index (2014-2016 = 100),1992,1992,7021,Annual value,,39.800000,E
BFA,1993-01-01,1993-12-31,233,'854,Burkina Faso,328,'01921.01,"Seed cotton, unginned",5539,Producer Price Index (2014-2016 = 100),1993,1993,7021,Annual value,,39.800000,E
BFA,1994-01-01,1994-12-31,233,'854,Burkina Faso,328,'01921.01,"Seed cotton, unginned",5539,Producer Price Index (2014-2016 = 100),1994,1994,7021,Annual value,,39.800000,E
BFA,1995-01-01,1995-12-31,233,'854,Burkina Faso,328,'01921.01,"Seed cotton, unginned",5539,Producer Price Index (2014-2016 = 100),1995,1995,7021,Annual value,,39.800000,E
BFA,1996-01-01,1996-12-31,233,'854,Burkina Faso,328,'01921.01,"Seed cotton, unginned",5539,Producer Price Index (2014-2016 = 100),1996,1996,7021,Annual value,,39.800000,E
BFA,1997-01-01,1997-12-31,233,'854,Burkina Faso,328,'01921.01,"Seed cotton, unginned",5539,Producer Price Index (2014-2016 = 100),1997,1997,7021,Annual value,,66.790000,E
BFA,1998-01-01,1998-12-31,233,'854,Burkina Faso,328,'01921.01,"Seed cotton, unginned",5539,Producer Price Index (2014-2016 = 100),1998,1998,7021,Annual value,,66.580000,E
BFA,1999-01-01,1999-12-31,233,'854,Burkina Faso,328,'01921.01,"Seed cotton, unginned",5539,Producer Price Index (2014-2016 = 100),1999,1999,7021,Annual value,,67.000000,E
BFA,2000-01-01,2000-12-31,233,'854,Burkina Faso,328,'01921.01,"Seed cotton, unginned",5539,Producer Price Index (2014-2016 = 100),2000,2000,7021,Annual value,,71.230000,E
BFA,2001-01-01,2001-12-31,233,'854,Burkina Faso,328,'01921.01,"Seed cotton, unginned",5539,Producer Price Index (2014-2016 = 100),2001,2001,7021,Annual value,,73.740000,E
BFA,2002-01-01,2002-12-31,233,'854,Burkina Faso,328,'01921.01,"Seed cotton, unginned",5539,Producer Price Index (2014-2016 = 100),2002,2002,7021,Annual value,,72.950000,E
BFA,2003-01-01,2003-12-31,233,'854,Burkina Faso,328,'01921.01,"Seed cotton, unginned",5539,Producer Price Index (2014-2016 = 100),2003,2003,7021,Annual value,,72.860000,E
BFA,2004-01-01,2004-12-31,233,'854,Burkina Faso,328,'01921.01,"Seed cotton, unginned",5539,Producer Price Index (2014-2016 = 100),2004,2004,7021,Annual value,,77.260000,E
BFA,2005-01-01,2005-12-31,233,'854,Burkina Faso,328,'01921.01,"Seed cotton, unginned",5539,Producer Price Index (2014-2016 = 100),2005,2005,7021,Annual value,,73.320000,E
BFA,2006-01-01,2006-12-31,233,'854,Burkina Faso,328,'01921.01,"Seed cotton, unginned",5539,Producer Price Index (2014-2016 = 100),2006,2006,7021,Annual value,,71.760000,E
BFA,2007-01-01,2007-12-31,233,'854,Burkina Faso,328,'01921.01,"Seed cotton, unginned",5539,Producer Price Index (2014-2016 = 100),2007,2007,7021,Annual value,,78.690000,E
BFA,2008-01-01,2008-12-31,233,'854,Burkina Faso,328,'01921.01,"Seed cotton, unginned",5539,Producer Price Index (2014-2016 = 100),2008,2008,7021,Annual value,,82.060000,E
BFA,2009-01-01,2009-12-31,233,'854,Burkina Faso,328,'01921.01,"Seed cotton, unginned",5539,Producer Price Index (2014-2016 = 100),2009,2009,7021,Annual value,,85.580000,E
BFA,2010-01-01,2010-12-31,233,'854,Burkina Faso,328,'01921.01,"Seed cotton, unginned",5539,Producer Price Index (2014-2016 = 100),2010,2010,7021,Annual value,,88.910000,E
BFA,2011-01-01,2011-12-31,233,'854,Burkina Faso,328,'01921.01,"Seed cotton, unginned",5539,Producer Price Index (2014-2016 = 100),2011,2011,7021,Annual value,,92.050000,E
BFA,2012-01-01,2012-12-31,233,'854,Burkina Faso,328,'01921.01,"Seed cotton, unginned",5539,Producer Price Index (2014-2016 = 100),2012,2012,7021,Annual value,,95.000000,E
BFA,2013-01-01,2013-12-31,233,'854,Burkina Faso,328,'01921.01,"Seed cotton, unginned",5539,Producer Price Index (2014-2016 = 100),2013,2013,7021,Annual value,,93.220000,E
BFA,2014-01-01,2014-12-31,233,'854,Burkina Faso,328,'01921.01,"Seed cotton, unginned",5539,Producer Price Index (2014-2016 = 100),2014,2014,7021,Annual value,,94.980000,E
BFA,2015-01-01,2015-12-31,233,'854,Burkina Faso,328,'01921.01,"Seed cotton, unginned",5539,Producer Price Index (2014-2016 = 100),2015,2015,7021,Annual value,,102.340000,E
BFA,2016-01-01,2016-12-31,233,'854,Burkina Faso,328,'01921.01,"Seed cotton, unginned",5539,Producer Price Index (2014-2016 = 100),2016,2016,7021,Annual value,,102.680000,E
BFA,2017-01-01,2017-12-31,233,'854,Burkina Faso,328,'01921.01,"Seed cotton, unginned",5539,Producer Price Index (2014-2016 = 100),2017,2017,7021,Annual value,,102.900000,E
BFA,2018-01-01,2018-12-31,233,'854,Burkina Faso,328,'01921.01,"Seed cotton, unginned",5539,Producer Price Index (2014-2016 = 100),2018,2018,7021,Annual value,,103.020000,E
BFA,2019-01-01,2019-12-31,233,'854,Burkina Faso,328,'01921.01,"Seed cotton, unginned",5539,Producer Price Index (2014-2016 = 100),2019,2019,7021,Annual value,,103.060000,E
BFA,2020-01-01,2020-12-31,233,'854,Burkina Faso,328,'01921.01,"Seed cotton, unginned",5539,Producer Price Index (2014-2016 = 100),2020,2020,7021,Annual value,,104.200000,E
BFA,2021-01-01,2021-12-31,233,'854,Burkina Faso,328,'01921.01,"Seed cotton, unginned",5539,Producer Price Index (2014-2016 = 100),2021,2021,7021,Annual value,,101.940000,E
BFA,2022-01-01,2022-12-31,233,'854,Burkina Faso,328,'01921.01,"Seed cotton, unginned",5539,Producer Price Index (2014-2016 = 100),2022,2022,7021,Annual value,,99.140000,E
BFA,2023-01-01,2023-12-31,233,'854,Burkina Faso,328,'01921.01,"Seed cotton, unginned",5539,Producer Price Index (2014-2016 = 100),2023,2023,7021,Annual value,,101.520000,E
BFA,2024-01-01,2024-12-31,233,'854,Burkina Faso,328,'01921.01,"Seed cotton, unginned",5539,Producer Price Index (2014-2016 = 100),2024,2024,7021,Annual value,,107.020000,E
BFA,2025-01-01,2025-12-31,233,'854,Burkina Faso,328,'01921.01,"Seed cotton, unginned",5539,Producer Price Index (2014-2016 = 100),2025,2025,7021,Annual value,,112.520000,E
BFA,1997-01-01,1997-12-31,233,'854,Burkina Faso,289,'01444,Sesame seed,5530,Producer Price (LCU/tonne),1997,1997,7021,Annual value,LCU,135084.700000,A
BFA,1998-01-01,1998-12-31,233,'854,Burkina Faso,289,'01444,Sesame seed,5530,Producer Price (LCU/tonne),1998,1998,7021,Annual value,LCU,134661.000000,A
BFA,1999-01-01,1999-12-31,233,'854,Burkina Faso,289,'01444,Sesame seed,5530,Producer Price (LCU/tonne),1999,1999,7021,Annual value,LCU,135508.500000,A
BFA,2000-01-01,2000-12-31,233,'854,Burkina Faso,289,'01444,Sesame seed,5530,Producer Price (LCU/tonne),2000,2000,7021,Annual value,LCU,144067.800000,A
BFA,2001-01-01,2001-12-31,233,'854,Burkina Faso,289,'01444,Sesame seed,5530,Producer Price (LCU/tonne),2001,2001,7021,Annual value,LCU,233000.000000,A
BFA,2002-01-01,2002-12-31,233,'854,Burkina Faso,289,'01444,Sesame seed,5530,Producer Price (LCU/tonne),2002,2002,7021,Annual value,LCU,237660.000000,A
BFA,2003-01-01,2003-12-31,233,'854,Burkina Faso,289,'01444,Sesame seed,5530,Producer Price (LCU/tonne),2003,2003,7021,Annual value,LCU,242413.200000,A
BFA,2004-01-01,2004-12-31,233,'854,Burkina Faso,289,'01444,Sesame seed,5530,Producer Price (LCU/tonne),2004,2004,7021,Annual value,LCU,247261.500000,A
BFA,2005-01-01,2005-12-31,233,'854,Burkina Faso,289,'01444,Sesame seed,5530,Producer Price (LCU/tonne),2005,2005,7021,Annual value,LCU,252206.700000,A
BFA,2006-01-01,2006-12-31,233,'854,Burkina Faso,289,'01444,Sesame seed,5530,Producer Price (LCU/tonne),2006,2006,7021,Annual value,LCU,209189.700000,A
BFA,2007-01-01,2007-12-31,233,'854,Burkina Faso,289,'01444,Sesame seed,5530,Producer Price (LCU/tonne),2007,2007,7021,Annual value,LCU,197954.400000,A
BFA,2017-01-01,2017-01-31,233,'854,Burkina Faso,289,'01444,Sesame seed,5530,Producer Price (LCU/tonne),2017,2017,7001,January,LCU,6411.000000,A
BFA,2017-02-01,2017-02-28,233,'854,Burkina Faso,289,'01444,Sesame seed,5530,Producer Price (LCU/tonne),2017,2017,7002,February,LCU,6419.000000,A
BFA,2017-03-01,2017-03-31,233,'854,Burkina Faso,289,'01444,Sesame seed,5530,Producer Price (LCU/tonne),2017,2017,7003,March,LCU,6479.000000,A
BFA,2017-04-01,2017-04-30,233,'854,Burkina Faso,289,'01444,Sesame seed,5530,Producer Price (LCU/tonne),2017,2017,7004,April,LCU,6476.000000,A
BFA,2017-05-01,2017-05-31,233,'854,Burkina Faso,289,'01444,Sesame seed,5530,Producer Price (LCU/tonne),2017,2017,7005,May,LCU,6465.000000,A
BFA,2017-06-01,2017-06-30,233,'854,Burkina Faso,289,'01444,Sesame seed,5530,Producer Price (LCU/tonne),2017,2017,7006,June,LCU,6466.000000,A
BFA,2017-07-01,2017-07-31,233,'854,Burkina Faso,289,'01444,Sesame seed,5530,Producer Price (LCU/tonne),2017,2017,7007,July,LCU,6466.000000,A
BFA,2017-08-01,2017-08-31,233,'854,Burkina Faso,289,'01444,Sesame seed,5530,Producer Price (LCU/tonne),2017,2017,7008,August,LCU,6473.000000,A
BFA,2017-09-01,2017-09-30,233,'854,Burkina Faso,289,'01444,Sesame seed,5530,Producer Price (LCU/tonne),2017,2017,7009,September,LCU,6554.000000,A
BFA,2017-10-01,2017-10-31,233,'854,Burkina Faso,289,'01444,Sesame seed,5530,Producer Price (LCU/tonne),2017,2017,7010,October,LCU,6808.000000,A
BFA,2017-11-01,2017-11-30,233,'854,Burkina Faso,289,'01444,Sesame seed,5530,Producer Price (LCU/tonne),2017,2017,7011,November,LCU,7120.000000,A
BFA,2017-12-01,2017-12-31,233,'854,Burkina Faso,289,'01444,Sesame seed,5530,Producer Price (LCU/tonne),2017,2017,7012,December,LCU,7091.000000,A
BFA,1997-01-01,1997-12-31,233,'854,Burkina Faso,289,'01444,Sesame seed,5531,Producer Price (SLC/tonne),1997,1997,7021,Annual value,SLC,135084.700000,A
BFA,1998-01-01,1998-12-31,233,'854,Burkina Faso,289,'01444,Sesame seed,5531,Producer Price (SLC/tonne),1998,1998,7021,Annual value,SLC,134661.000000,A
BFA,1999-01-01,1999-12-31,233,'854,Burkina Faso,289,'01444,Sesame seed,5531,Producer Price (SLC/tonne),1999,1999,7021,Annual value,SLC,135508.500000,A
BFA,2000-01-01,2000-12-31,233,'854,Burkina Faso,289,'01444,Sesame seed,5531,Producer Price (SLC/tonne),2000,2000,7021,Annual value,SLC,144067.800000,A
BFA,2001-01-01,2001-12-31,233,'854,Burkina Faso,289,'01444,Sesame seed,5531,Producer Price (SLC/tonne),2001,2001,7021,Annual value,SLC,233000.000000,A
BFA,2002-01-01,2002-12-31,233,'854,Burkina Faso,289,'01444,Sesame seed,5531,Producer Price (SLC/tonne),2002,2002,7021,Annual value,SLC,237660.000000,A
BFA,2003-01-01,2003-12-31,233,'854,Burkina Faso,289,'01444,Sesame seed,5531,Producer Price (SLC/tonne),2003,2003,7021,Annual value,SLC,242413.200000,A
BFA,2004-01-01,2004-12-31,233,'854,Burkina Faso,289,'01444,Sesame seed,5531,Producer Price (SLC/tonne),2004,2004,7021,Annual value,SLC,247261.500000,A
BFA,2005-01-01,2005-12-31,233,'854,Burkina Faso,289,'01444,Sesame seed,5531,Producer Price (SLC/tonne),2005,2005,7021,Annual value,SLC,252206.700000,A
BFA,2006-01-01,2006-12-31,233,'854,Burkina Faso,289,'01444,Sesame seed,5531,Producer Price (SLC/tonne),2006,2006,7021,Annual value,SLC,209189.700000,A
BFA,2007-01-01,2007-12-31,233,'854,Burkina Faso,289,'01444,Sesame seed,5531,Producer Price (SLC/tonne),2007,2007,7021,Annual value,SLC,197954.400000,A
BFA,1997-01-01,1997-12-31,233,'854,Burkina Faso,289,'01444,Sesame seed,5532,Producer Price (USD/tonne),1997,1997,7021,Annual value,USD,231.400000,A
BFA,1998-01-01,1998-12-31,233,'854,Burkina Faso,289,'01444,Sesame seed,5532,Producer Price (USD/tonne),1998,1998,7021,Annual value,USD,228.300000,A
BFA,1999-01-01,1999-12-31,233,'854,Burkina Faso,289,'01444,Sesame seed,5532,Producer Price (USD/tonne),1999,1999,7021,Annual value,USD,220.100000,A
BFA,2000-01-01,2000-12-31,233,'854,Burkina Faso,289,'01444,Sesame seed,5532,Producer Price (USD/tonne),2000,2000,7021,Annual value,USD,202.300000,A
BFA,2001-01-01,2001-12-31,233,'854,Burkina Faso,289,'01444,Sesame seed,5532,Producer Price (USD/tonne),2001,2001,7021,Annual value,USD,317.900000,A
BFA,2002-01-01,2002-12-31,233,'854,Burkina Faso,289,'01444,Sesame seed,5532,Producer Price (USD/tonne),2002,2002,7021,Annual value,USD,341.000000,A
BFA,2003-01-01,2003-12-31,233,'854,Burkina Faso,289,'01444,Sesame seed,5532,Producer Price (USD/tonne),2003,2003,7021,Annual value,USD,417.100000,A
BFA,2004-01-01,2004-12-31,233,'854,Burkina Faso,289,'01444,Sesame seed,5532,Producer Price (USD/tonne),2004,2004,7021,Annual value,USD,468.000000,A
BFA,2005-01-01,2005-12-31,233,'854,Burkina Faso,289,'01444,Sesame seed,5532,Producer Price (USD/tonne),2005,2005,7021,Annual value,USD,478.100000,A
BFA,2006-01-01,2006-12-31,233,'854,Burkina Faso,289,'01444,Sesame seed,5532,Producer Price (USD/tonne),2006,2006,7021,Annual value,USD,400.100000,A
BFA,2007-01-01,2007-12-31,233,'854,Burkina Faso,289,'01444,Sesame seed,5532,Producer Price (USD/tonne),2007,2007,7021,Annual value,USD,413.000000,A
BFA,1991-01-01,1991-12-31,233,'854,Burkina Faso,289,'01444,Sesame seed,5539,Producer Price Index (2014-2016 = 100),1991,1991,7021,Annual value,,87.640000,E
BFA,1992-01-01,1992-12-31,233,'854,Burkina Faso,289,'01444,Sesame seed,5539,Producer Price Index (2014-2016 = 100),1992,1992,7021,Annual value,,87.640000,E
BFA,1993-01-01,1993-12-31,233,'854,Burkina Faso,289,'01444,Sesame seed,5539,Producer Price Index (2014-2016 = 100),1993,1993,7021,Annual value,,87.640000,E
BFA,1994-01-01,1994-12-31,233,'854,Burkina Faso,289,'01444,Sesame seed,5539,Producer Price Index (2014-2016 = 100),1994,1994,7021,Annual value,,87.640000,E
BFA,1995-01-01,1995-12-31,233,'854,Burkina Faso,289,'01444,Sesame seed,5539,Producer Price Index (2014-2016 = 100),1995,1995,7021,Annual value,,87.640000,E
BFA,1996-01-01,1996-12-31,233,'854,Burkina Faso,289,'01444,Sesame seed,5539,Producer Price Index (2014-2016 = 100),1996,1996,7021,Annual value,,87.640000,E
BFA,1997-01-01,1997-12-31,233,'854,Burkina Faso,289,'01444,Sesame seed,5539,Producer Price Index (2014-2016 = 100),1997,1997,7021,Annual value,,59.490000,E
BFA,1998-01-01,1998-12-31,233,'854,Burkina Faso,289,'01444,Sesame seed,5539,Producer Price Index (2014-2016 = 100),1998,1998,7021,Annual value,,59.300000,E
BFA,1999-01-01,1999-12-31,233,'854,Burkina Faso,289,'01444,Sesame seed,5539,Producer Price Index (2014-2016 = 100),1999,1999,7021,Annual value,,59.680000,E
BFA,2000-01-01,2000-12-31,233,'854,Burkina Faso,289,'01444,Sesame seed,5539,Producer Price Index (2014-2016 = 100),2000,2000,7021,Annual value,,63.450000,E
BFA,2001-01-01,2001-12-31,233,'854,Burkina Faso,289,'01444,Sesame seed,5539,Producer Price Index (2014-2016 = 100),2001,2001,7021,Annual value,,102.610000,E
BFA,2002-01-01,2002-12-31,233,'854,Burkina Faso,289,'01444,Sesame seed,5539,Producer Price Index (2014-2016 = 100),2002,2002,7021,Annual value,,104.660000,E
BFA,2003-01-01,2003-12-31,233,'854,Burkina Faso,289,'01444,Sesame seed,5539,Producer Price Index (2014-2016 = 100),2003,2003,7021,Annual value,,106.760000,E
BFA,2004-01-01,2004-12-31,233,'854,Burkina Faso,289,'01444,Sesame seed,5539,Producer Price Index (2014-2016 = 100),2004,2004,7021,Annual value,,108.890000,E
BFA,2005-01-01,2005-12-31,233,'854,Burkina Faso,289,'01444,Sesame seed,5539,Producer Price Index (2014-2016 = 100),2005,2005,7021,Annual value,,111.070000,E
BFA,2006-01-01,2006-12-31,233,'854,Burkina Faso,289,'01444,Sesame seed,5539,Producer Price Index (2014-2016 = 100),2006,2006,7021,Annual value,,92.130000,E
BFA,2007-01-01,2007-12-31,233,'854,Burkina Faso,289,'01444,Sesame seed,5539,Producer Price Index (2014-2016 = 100),2007,2007,7021,Annual value,,87.180000,E
BFA,2008-01-01,2008-12-31,233,'854,Burkina Faso,289,'01444,Sesame seed,5539,Producer Price Index (2014-2016 = 100),2008,2008,7021,Annual value,,85.770000,E
BFA,2009-01-01,2009-12-31,233,'854,Burkina Faso,289,'01444,Sesame seed,5539,Producer Price Index (2014-2016 = 100),2009,2009,7021,Annual value,,83.950000,E
BFA,2010-01-01,2010-12-31,233,'854,Burkina Faso,289,'01444,Sesame seed,5539,Producer Price Index (2014-2016 = 100),2010,2010,7021,Annual value,,82.260000,E
BFA,2011-01-01,2011-12-31,233,'854,Burkina Faso,289,'01444,Sesame seed,5539,Producer Price Index (2014-2016 = 100),2011,2011,7021,Annual value,,80.660000,E
BFA,2012-01-01,2012-12-31,233,'854,Burkina Faso,289,'01444,Sesame seed,5539,Producer Price Index (2014-2016 = 100),2012,2012,7021,Annual value,,79.140000,E
BFA,2013-01-01,2013-12-31,233,'854,Burkina Faso,289,'01444,Sesame seed,5539,Producer Price Index (2014-2016 = 100),2013,2013,7021,Annual value,,99.090000,E
BFA,2014-01-01,2014-12-31,233,'854,Burkina Faso,289,'01444,Sesame seed,5539,Producer Price Index (2014-2016 = 100),2014,2014,7021,Annual value,,100.950000,E
BFA,2015-01-01,2015-12-31,233,'854,Burkina Faso,289,'01444,Sesame seed,5539,Producer Price Index (2014-2016 = 100),2015,2015,7021,Annual value,,97.950000,E
BFA,2016-01-01,2016-12-31,233,'854,Burkina Faso,289,'01444,Sesame seed,5539,Producer Price Index (2014-2016 = 100),2016,2016,7021,Annual value,,101.090000,E
BFA,2017-01-01,2017-12-31,233,'854,Burkina Faso,289,'01444,Sesame seed,5539,Producer Price Index (2014-2016 = 100),2017,2017,7021,Annual value,,104.330000,E
BFA,2018-01-01,2018-12-31,233,'854,Burkina Faso,289,'01444,Sesame seed,5539,Producer Price Index (2014-2016 = 100),2018,2018,7021,Annual value,,107.690000,E
BFA,2019-01-01,2019-12-31,233,'854,Burkina Faso,289,'01444,Sesame seed,5539,Producer Price Index (2014-2016 = 100),2019,2019,7021,Annual value,,111.160000,E
BFA,2020-01-01,2020-12-31,233,'854,Burkina Faso,289,'01444,Sesame seed,5539,Producer Price Index (2014-2016 = 100),2020,2020,7021,Annual value,,114.540000,E
BFA,2021-01-01,2021-12-31,233,'854,Burkina Faso,289,'01444,Sesame seed,5539,Producer Price Index (2014-2016 = 100),2021,2021,7021,Annual value,,120.040000,E
BFA,2022-01-01,2022-12-31,233,'854,Burkina Faso,289,'01444,Sesame seed,5539,Producer Price Index (2014-2016 = 100),2022,2022,7021,Annual value,,123.760000,E
BFA,2023-01-01,2023-12-31,233,'854,Burkina Faso,289,'01444,Sesame seed,5539,Producer Price Index (2014-2016 = 100),2023,2023,7021,Annual value,,128.670000,E
BFA,2024-01-01,2024-12-31,233,'854,Burkina Faso,289,'01444,Sesame seed,5539,Producer Price Index (2014-2016 = 100),2024,2024,7021,Annual value,,132.530000,E
BFA,2025-01-01,2025-12-31,233,'854,Burkina Faso,289,'01444,Sesame seed,5539,Producer Price Index (2014-2016 = 100),2025,2025,7021,Annual value,,136.690000,E
BFA,2017-01-01,2017-01-31,233,'854,Burkina Faso,987,'02941,"Shorn wool, greasy, including fleece-washed shorn wool",5530,Producer Price (LCU/tonne),2017,2017,7001,January,LCU,2266.000000,A
BFA,2017-02-01,2017-02-28,233,'854,Burkina Faso,987,'02941,"Shorn wool, greasy, including fleece-washed shorn wool",5530,Producer Price (LCU/tonne),2017,2017,7002,February,LCU,2296.000000,A
BFA,2017-03-01,2017-03-31,233,'854,Burkina Faso,987,'02941,"Shorn wool, greasy, including fleece-washed shorn wool",5530,Producer Price (LCU/tonne),2017,2017,7003,March,LCU,2297.000000,A
BFA,2017-04-01,2017-04-30,233,'854,Burkina Faso,987,'02941,"Shorn wool, greasy, including fleece-washed shorn wool",5530,Producer Price (LCU/tonne),2017,2017,7004,April,LCU,2305.000000,A
BFA,2017-05-01,2017-05-31,233,'854,Burkina Faso,987,'02941,"Shorn wool, greasy, including fleece-washed shorn wool",5530,Producer Price (LCU/tonne),2017,2017,7005,May,LCU,2317.000000,A
BFA,2017-06-01,2017-06-30,233,'854,Burkina Faso,987,'02941,"Shorn wool, greasy, including fleece-washed shorn wool",5530,Producer Price (LCU/tonne),2017,2017,7006,June,LCU,2386.000000,A
BFA,2017-07-01,2017-07-31,233,'854,Burkina Faso,987,'02941,"Shorn wool, greasy, including fleece-washed shorn wool",5530,Producer Price (LCU/tonne),2017,2017,7007,July,LCU,2432.000000,A
BFA,2017-08-01,2017-08-31,233,'854,Burkina Faso,987,'02941,"Shorn wool, greasy, including fleece-washed shorn wool",5530,Producer Price (LCU/tonne),2017,2017,7008,August,LCU,2436.000000,A
BFA,2017-09-01,2017-09-30,233,'854,Burkina Faso,987,'02941,"Shorn wool, greasy, including fleece-washed shorn wool",5530,Producer Price (LCU/tonne),2017,2017,7009,September,LCU,2407.000000,A
BFA,2017-10-01,2017-10-31,233,'854,Burkina Faso,987,'02941,"Shorn wool, greasy, including fleece-washed shorn wool",5530,Producer Price (LCU/tonne),2017,2017,7010,October,LCU,2409.000000,A
BFA,2017-11-01,2017-11-30,233,'854,Burkina Faso,987,'02941,"Shorn wool, greasy, including fleece-washed shorn wool",5530,Producer Price (LCU/tonne),2017,2017,7011,November,LCU,2421.000000,A
BFA,2017-12-01,2017-12-31,233,'854,Burkina Faso,987,'02941,"Shorn wool, greasy, including fleece-washed shorn wool",5530,Producer Price (LCU/tonne),2017,2017,7012,December,LCU,2447.000000,A
BFA,1992-01-01,1992-12-31,233,'854,Burkina Faso,83,'0114,Sorghum,5530,Producer Price (LCU/tonne),1992,1992,7021,Annual value,LCU,61582.000000,A
BFA,1993-01-01,1993-12-31,233,'854,Burkina Faso,83,'0114,Sorghum,5530,Producer Price (LCU/tonne),1993,1993,7021,Annual value,LCU,50195.000000,A
BFA,1994-01-01,1994-12-31,233,'854,Burkina Faso,83,'0114,Sorghum,5530,Producer Price (LCU/tonne),1994,1994,7021,Annual value,LCU,67089.000000,A
BFA,1995-01-01,1995-12-31,233,'854,Burkina Faso,83,'0114,Sorghum,5530,Producer Price (LCU/tonne),1995,1995,7021,Annual value,LCU,67089.000000,A
BFA,1996-01-01,1996-12-31,233,'854,Burkina Faso,83,'0114,Sorghum,5530,Producer Price (LCU/tonne),1996,1996,7021,Annual value,LCU,94036.000000,A
BFA,1997-01-01,1997-12-31,233,'854,Burkina Faso,83,'0114,Sorghum,5530,Producer Price (LCU/tonne),1997,1997,7021,Annual value,LCU,80000.000000,A
BFA,1998-01-01,1998-12-31,233,'854,Burkina Faso,83,'0114,Sorghum,5530,Producer Price (LCU/tonne),1998,1998,7021,Annual value,LCU,90000.000000,A
BFA,1999-01-01,1999-12-31,233,'854,Burkina Faso,83,'0114,Sorghum,5530,Producer Price (LCU/tonne),1999,1999,7021,Annual value,LCU,75000.000000,A
BFA,2000-01-01,2000-12-31,233,'854,Burkina Faso,83,'0114,Sorghum,5530,Producer Price (LCU/tonne),2000,2000,7021,Annual value,LCU,60000.000000,A
BFA,2001-01-01,2001-12-31,233,'854,Burkina Faso,83,'0114,Sorghum,5530,Producer Price (LCU/tonne),2001,2001,7021,Annual value,LCU,104000.000000,A
BFA,2002-01-01,2002-12-31,233,'854,Burkina Faso,83,'0114,Sorghum,5530,Producer Price (LCU/tonne),2002,2002,7021,Annual value,LCU,111000.000000,A
BFA,2003-01-01,2003-12-31,233,'854,Burkina Faso,83,'0114,Sorghum,5530,Producer Price (LCU/tonne),2003,2003,7021,Annual value,LCU,90000.000000,A
BFA,2004-01-01,2004-12-31,233,'854,Burkina Faso,83,'0114,Sorghum,5530,Producer Price (LCU/tonne),2004,2004,7021,Annual value,LCU,92250.000000,A
BFA,2005-01-01,2005-12-31,233,'854,Burkina Faso,83,'0114,Sorghum,5530,Producer Price (LCU/tonne),2005,2005,7021,Annual value,LCU,94100.000000,A
BFA,2006-01-01,2006-12-31,233,'854,Burkina Faso,83,'0114,Sorghum,5530,Producer Price (LCU/tonne),2006,2006,7021,Annual value,LCU,97864.000000,A
BFA,2007-01-01,2007-12-31,233,'854,Burkina Faso,83,'0114,Sorghum,5530,Producer Price (LCU/tonne),2007,2007,7021,Annual value,LCU,92769.700000,A
BFA,2020-01-01,2020-12-31,233,'854,Burkina Faso,83,'0114,Sorghum,5530,Producer Price (LCU/tonne),2020,2020,7021,Annual value,LCU,136000.000000,A
BFA,2021-01-01,2021-12-31,233,'854,Burkina Faso,83,'0114,Sorghum,5530,Producer Price (LCU/tonne),2021,2021,7021,Annual value,LCU,173000.000000,A
BFA,2022-01-01,2022-12-31,233,'854,Burkina Faso,83,'0114,Sorghum,5530,Producer Price (LCU/tonne),2022,2022,7021,Annual value,LCU,258000.000000,A
BFA,2022-01-01,2022-01-31,233,'854,Burkina Faso,83,'0114,Sorghum,5530,Producer Price (LCU/tonne),2022,2022,7001,January,LCU,204000.000000,A
BFA,2022-02-01,2022-02-28,233,'854,Burkina Faso,83,'0114,Sorghum,5530,Producer Price (LCU/tonne),2022,2022,7002,February,LCU,213000.000000,A
BFA,2022-03-01,2022-03-31,233,'854,Burkina Faso,83,'0114,Sorghum,5530,Producer Price (LCU/tonne),2022,2022,7003,March,LCU,242000.000000,A
BFA,2022-04-01,2022-04-30,233,'854,Burkina Faso,83,'0114,Sorghum,5530,Producer Price (LCU/tonne),2022,2022,7004,April,LCU,265000.000000,A
BFA,2022-05-01,2022-05-31,233,'854,Burkina Faso,83,'0114,Sorghum,5530,Producer Price (LCU/tonne),2022,2022,7005,May,LCU,275000.000000,A
BFA,2022-06-01,2022-06-30,233,'854,Burkina Faso,83,'0114,Sorghum,5530,Producer Price (LCU/tonne),2022,2022,7006,June,LCU,282000.000000,A
BFA,2022-07-01,2022-07-31,233,'854,Burkina Faso,83,'0114,Sorghum,5530,Producer Price (LCU/tonne),2022,2022,7007,July,LCU,291000.000000,A
BFA,2022-08-01,2022-08-31,233,'854,Burkina Faso,83,'0114,Sorghum,5530,Producer Price (LCU/tonne),2022,2022,7008,August,LCU,296000.000000,A
BFA,2022-09-01,2022-09-30,233,'854,Burkina Faso,83,'0114,Sorghum,5530,Producer Price (LCU/tonne),2022,2022,7009,September,LCU,295000.000000,A
BFA,2022-10-01,2022-10-31,233,'854,Burkina Faso,83,'0114,Sorghum,5530,Producer Price (LCU/tonne),2022,2022,7010,October,LCU,277000.000000,A
BFA,2022-11-01,2022-11-30,233,'854,Burkina Faso,83,'0114,Sorghum,5530,Producer Price (LCU/tonne),2022,2022,7011,November,LCU,239000.000000,A
BFA,2022-12-01,2022-12-31,233,'854,Burkina Faso,83,'0114,Sorghum,5530,Producer Price (LCU/tonne),2022,2022,7012,December,LCU,217000.000000,A
BFA,1992-01-01,1992-12-31,233,'854,Burkina Faso,83,'0114,Sorghum,5531,Producer Price (SLC/tonne),1992,1992,7021,Annual value,SLC,61582.000000,A
BFA,1993-01-01,1993-12-31,233,'854,Burkina Faso,83,'0114,Sorghum,5531,Producer Price (SLC/tonne),1993,1993,7021,Annual value,SLC,50195.000000,A
BFA,1994-01-01,1994-12-31,233,'854,Burkina Faso,83,'0114,Sorghum,5531,Producer Price (SLC/tonne),1994,1994,7021,Annual value,SLC,67089.000000,A
BFA,1995-01-01,1995-12-31,233,'854,Burkina Faso,83,'0114,Sorghum,5531,Producer Price (SLC/tonne),1995,1995,7021,Annual value,SLC,67089.000000,A
BFA,1996-01-01,1996-12-31,233,'854,Burkina Faso,83,'0114,Sorghum,5531,Producer Price (SLC/tonne),1996,1996,7021,Annual value,SLC,94036.000000,A
BFA,1997-01-01,1997-12-31,233,'854,Burkina Faso,83,'0114,Sorghum,5531,Producer Price (SLC/tonne),1997,1997,7021,Annual value,SLC,80000.000000,A
BFA,1998-01-01,1998-12-31,233,'854,Burkina Faso,83,'0114,Sorghum,5531,Producer Price (SLC/tonne),1998,1998,7021,Annual value,SLC,90000.000000,A
BFA,1999-01-01,1999-12-31,233,'854,Burkina Faso,83,'0114,Sorghum,5531,Producer Price (SLC/tonne),1999,1999,7021,Annual value,SLC,75000.000000,A
BFA,2000-01-01,2000-12-31,233,'854,Burkina Faso,83,'0114,Sorghum,5531,Producer Price (SLC/tonne),2000,2000,7021,Annual value,SLC,60000.000000,A
BFA,2001-01-01,2001-12-31,233,'854,Burkina Faso,83,'0114,Sorghum,5531,Producer Price (SLC/tonne),2001,2001,7021,Annual value,SLC,104000.000000,A
BFA,2002-01-01,2002-12-31,233,'854,Burkina Faso,83,'0114,Sorghum,5531,Producer Price (SLC/tonne),2002,2002,7021,Annual value,SLC,111000.000000,A
BFA,2003-01-01,2003-12-31,233,'854,Burkina Faso,83,'0114,Sorghum,5531,Producer Price (SLC/tonne),2003,2003,7021,Annual value,SLC,90000.000000,A
BFA,2004-01-01,2004-12-31,233,'854,Burkina Faso,83,'0114,Sorghum,5531,Producer Price (SLC/tonne),2004,2004,7021,Annual value,SLC,92250.000000,A
BFA,2005-01-01,2005-12-31,233,'854,Burkina Faso,83,'0114,Sorghum,5531,Producer Price (SLC/tonne),2005,2005,7021,Annual value,SLC,94100.000000,A
BFA,2006-01-01,2006-12-31,233,'854,Burkina Faso,83,'0114,Sorghum,5531,Producer Price (SLC/tonne),2006,2006,7021,Annual value,SLC,97864.000000,A
BFA,2007-01-01,2007-12-31,233,'854,Burkina Faso,83,'0114,Sorghum,5531,Producer Price (SLC/tonne),2007,2007,7021,Annual value,SLC,92769.700000,A
BFA,2020-01-01,2020-12-31,233,'854,Burkina Faso,83,'0114,Sorghum,5531,Producer Price (SLC/tonne),2020,2020,7021,Annual value,SLC,136000.000000,A
BFA,2021-01-01,2021-12-31,233,'854,Burkina Faso,83,'0114,Sorghum,5531,Producer Price (SLC/tonne),2021,2021,7021,Annual value,SLC,173000.000000,A
BFA,2022-01-01,2022-12-31,233,'854,Burkina Faso,83,'0114,Sorghum,5531,Producer Price (SLC/tonne),2022,2022,7021,Annual value,SLC,258000.000000,A
BFA,1992-01-01,1992-12-31,233,'854,Burkina Faso,83,'0114,Sorghum,5532,Producer Price (USD/tonne),1992,1992,7021,Annual value,USD,232.700000,A
BFA,1993-01-01,1993-12-31,233,'854,Burkina Faso,83,'0114,Sorghum,5532,Producer Price (USD/tonne),1993,1993,7021,Annual value,USD,177.300000,A
BFA,1994-01-01,1994-12-31,233,'854,Burkina Faso,83,'0114,Sorghum,5532,Producer Price (USD/tonne),1994,1994,7021,Annual value,USD,120.800000,A
BFA,1995-01-01,1995-12-31,233,'854,Burkina Faso,83,'0114,Sorghum,5532,Producer Price (USD/tonne),1995,1995,7021,Annual value,USD,134.400000,A
BFA,1996-01-01,1996-12-31,233,'854,Burkina Faso,83,'0114,Sorghum,5532,Producer Price (USD/tonne),1996,1996,7021,Annual value,USD,183.800000,A
BFA,1997-01-01,1997-12-31,233,'854,Burkina Faso,83,'0114,Sorghum,5532,Producer Price (USD/tonne),1997,1997,7021,Annual value,USD,137.100000,A
BFA,1998-01-01,1998-12-31,233,'854,Burkina Faso,83,'0114,Sorghum,5532,Producer Price (USD/tonne),1998,1998,7021,Annual value,USD,152.600000,A
BFA,1999-01-01,1999-12-31,233,'854,Burkina Faso,83,'0114,Sorghum,5532,Producer Price (USD/tonne),1999,1999,7021,Annual value,USD,121.800000,A
BFA,2000-01-01,2000-12-31,233,'854,Burkina Faso,83,'0114,Sorghum,5532,Producer Price (USD/tonne),2000,2000,7021,Annual value,USD,84.300000,A
BFA,2001-01-01,2001-12-31,233,'854,Burkina Faso,83,'0114,Sorghum,5532,Producer Price (USD/tonne),2001,2001,7021,Annual value,USD,141.900000,A
BFA,2002-01-01,2002-12-31,233,'854,Burkina Faso,83,'0114,Sorghum,5532,Producer Price (USD/tonne),2002,2002,7021,Annual value,USD,159.300000,A
BFA,2003-01-01,2003-12-31,233,'854,Burkina Faso,83,'0114,Sorghum,5532,Producer Price (USD/tonne),2003,2003,7021,Annual value,USD,154.900000,A
BFA,2004-01-01,2004-12-31,233,'854,Burkina Faso,83,'0114,Sorghum,5532,Producer Price (USD/tonne),2004,2004,7021,Annual value,USD,174.600000,A
BFA,2005-01-01,2005-12-31,233,'854,Burkina Faso,83,'0114,Sorghum,5532,Producer Price (USD/tonne),2005,2005,7021,Annual value,USD,178.400000,A
BFA,2006-01-01,2006-12-31,233,'854,Burkina Faso,83,'0114,Sorghum,5532,Producer Price (USD/tonne),2006,2006,7021,Annual value,USD,187.200000,A
BFA,2007-01-01,2007-12-31,233,'854,Burkina Faso,83,'0114,Sorghum,5532,Producer Price (USD/tonne),2007,2007,7021,Annual value,USD,193.600000,A
BFA,2020-01-01,2020-12-31,233,'854,Burkina Faso,83,'0114,Sorghum,5532,Producer Price (USD/tonne),2020,2020,7021,Annual value,USD,236.300000,A
BFA,2021-01-01,2021-12-31,233,'854,Burkina Faso,83,'0114,Sorghum,5532,Producer Price (USD/tonne),2021,2021,7021,Annual value,USD,312.000000,A
BFA,2022-01-01,2022-12-31,233,'854,Burkina Faso,83,'0114,Sorghum,5532,Producer Price (USD/tonne),2022,2022,7021,Annual value,USD,413.600000,A
BFA,1991-01-01,1991-12-31,233,'854,Burkina Faso,83,'0114,Sorghum,5539,Producer Price Index (2014-2016 = 100),1991,1991,7021,Annual value,,82.170000,E
BFA,1992-01-01,1992-12-31,233,'854,Burkina Faso,83,'0114,Sorghum,5539,Producer Price Index (2014-2016 = 100),1992,1992,7021,Annual value,,84.330000,E
BFA,1993-01-01,1993-12-31,233,'854,Burkina Faso,83,'0114,Sorghum,5539,Producer Price Index (2014-2016 = 100),1993,1993,7021,Annual value,,68.740000,E
BFA,1994-01-01,1994-12-31,233,'854,Burkina Faso,83,'0114,Sorghum,5539,Producer Price Index (2014-2016 = 100),1994,1994,7021,Annual value,,91.870000,E
BFA,1995-01-01,1995-12-31,233,'854,Burkina Faso,83,'0114,Sorghum,5539,Producer Price Index (2014-2016 = 100),1995,1995,7021,Annual value,,91.870000,E
BFA,1996-01-01,1996-12-31,233,'854,Burkina Faso,83,'0114,Sorghum,5539,Producer Price Index (2014-2016 = 100),1996,1996,7021,Annual value,,128.780000,E
BFA,1997-01-01,1997-12-31,233,'854,Burkina Faso,83,'0114,Sorghum,5539,Producer Price Index (2014-2016 = 100),1997,1997,7021,Annual value,,109.560000,E
BFA,1998-01-01,1998-12-31,233,'854,Burkina Faso,83,'0114,Sorghum,5539,Producer Price Index (2014-2016 = 100),1998,1998,7021,Annual value,,123.250000,E
BFA,1999-01-01,1999-12-31,233,'854,Burkina Faso,83,'0114,Sorghum,5539,Producer Price Index (2014-2016 = 100),1999,1999,7021,Annual value,,102.710000,E
BFA,2000-01-01,2000-12-31,233,'854,Burkina Faso,83,'0114,Sorghum,5539,Producer Price Index (2014-2016 = 100),2000,2000,7021,Annual value,,82.170000,E
BFA,2001-01-01,2001-12-31,233,'854,Burkina Faso,83,'0114,Sorghum,5539,Producer Price Index (2014-2016 = 100),2001,2001,7021,Annual value,,142.420000,E
BFA,2002-01-01,2002-12-31,233,'854,Burkina Faso,83,'0114,Sorghum,5539,Producer Price Index (2014-2016 = 100),2002,2002,7021,Annual value,,152.010000,E
BFA,2003-01-01,2003-12-31,233,'854,Burkina Faso,83,'0114,Sorghum,5539,Producer Price Index (2014-2016 = 100),2003,2003,7021,Annual value,,123.250000,E
BFA,2004-01-01,2004-12-31,233,'854,Burkina Faso,83,'0114,Sorghum,5539,Producer Price Index (2014-2016 = 100),2004,2004,7021,Annual value,,126.330000,E
BFA,2005-01-01,2005-12-31,233,'854,Burkina Faso,83,'0114,Sorghum,5539,Producer Price Index (2014-2016 = 100),2005,2005,7021,Annual value,,128.860000,E
BFA,2006-01-01,2006-12-31,233,'854,Burkina Faso,83,'0114,Sorghum,5539,Producer Price Index (2014-2016 = 100),2006,2006,7021,Annual value,,134.020000,E
BFA,2007-01-01,2007-12-31,233,'854,Burkina Faso,83,'0114,Sorghum,5539,Producer Price Index (2014-2016 = 100),2007,2007,7021,Annual value,,127.040000,E
BFA,2008-01-01,2008-12-31,233,'854,Burkina Faso,83,'0114,Sorghum,5539,Producer Price Index (2014-2016 = 100),2008,2008,7021,Annual value,,119.150000,E
BFA,2009-01-01,2009-12-31,233,'854,Burkina Faso,83,'0114,Sorghum,5539,Producer Price Index (2014-2016 = 100),2009,2009,7021,Annual value,,111.030000,E
BFA,2010-01-01,2010-12-31,233,'854,Burkina Faso,83,'0114,Sorghum,5539,Producer Price Index (2014-2016 = 100),2010,2010,7021,Annual value,,104.100000,E
BFA,2011-01-01,2011-12-31,233,'854,Burkina Faso,83,'0114,Sorghum,5539,Producer Price Index (2014-2016 = 100),2011,2011,7021,Annual value,,98.740000,E
BFA,2012-01-01,2012-12-31,233,'854,Burkina Faso,83,'0114,Sorghum,5539,Producer Price Index (2014-2016 = 100),2012,2012,7021,Annual value,,95.330000,E
BFA,2013-01-01,2013-12-31,233,'854,Burkina Faso,83,'0114,Sorghum,5539,Producer Price Index (2014-2016 = 100),2013,2013,7021,Annual value,,96.530000,E
BFA,2014-01-01,2014-12-31,233,'854,Burkina Faso,83,'0114,Sorghum,5539,Producer Price Index (2014-2016 = 100),2014,2014,7021,Annual value,,98.660000,E
BFA,2015-01-01,2015-12-31,233,'854,Burkina Faso,83,'0114,Sorghum,5539,Producer Price Index (2014-2016 = 100),2015,2015,7021,Annual value,,96.470000,E
BFA,2016-01-01,2016-12-31,233,'854,Burkina Faso,83,'0114,Sorghum,5539,Producer Price Index (2014-2016 = 100),2016,2016,7021,Annual value,,104.870000,E
BFA,2017-01-01,2017-12-31,233,'854,Burkina Faso,83,'0114,Sorghum,5539,Producer Price Index (2014-2016 = 100),2017,2017,7021,Annual value,,117.100000,E
BFA,2018-01-01,2018-12-31,233,'854,Burkina Faso,83,'0114,Sorghum,5539,Producer Price Index (2014-2016 = 100),2018,2018,7021,Annual value,,135.390000,E
BFA,2019-01-01,2019-12-31,233,'854,Burkina Faso,83,'0114,Sorghum,5539,Producer Price Index (2014-2016 = 100),2019,2019,7021,Annual value,,159.370000,E
BFA,2020-01-01,2020-12-31,233,'854,Burkina Faso,83,'0114,Sorghum,5539,Producer Price Index (2014-2016 = 100),2020,2020,7021,Annual value,,186.240000,E
BFA,2021-01-01,2021-12-31,233,'854,Burkina Faso,83,'0114,Sorghum,5539,Producer Price Index (2014-2016 = 100),2021,2021,7021,Annual value,,236.910000,E
BFA,2022-01-01,2022-12-31,233,'854,Burkina Faso,83,'0114,Sorghum,5539,Producer Price Index (2014-2016 = 100),2022,2022,7021,Annual value,,353.320000,E
BFA,2023-01-01,2023-12-31,233,'854,Burkina Faso,83,'0114,Sorghum,5539,Producer Price Index (2014-2016 = 100),2023,2023,7021,Annual value,,352.130000,E
BFA,2024-01-01,2024-12-31,233,'854,Burkina Faso,83,'0114,Sorghum,5539,Producer Price Index (2014-2016 = 100),2024,2024,7021,Annual value,,252.140000,E
BFA,2025-01-01,2025-12-31,233,'854,Burkina Faso,83,'0114,Sorghum,5539,Producer Price Index (2014-2016 = 100),2025,2025,7021,Annual value,,439.590000,E
BFA,2017-05-01,2017-05-31,233,'854,Burkina Faso,530,'01344.01,Sour cherries,5530,Producer Price (LCU/tonne),2017,2017,7005,May,LCU,1590.000000,A
BFA,2017-06-01,2017-06-30,233,'854,Burkina Faso,530,'01344.01,Sour cherries,5530,Producer Price (LCU/tonne),2017,2017,7006,June,LCU,2018.000000,A
BFA,2017-07-01,2017-07-31,233,'854,Burkina Faso,530,'01344.01,Sour cherries,5530,Producer Price (LCU/tonne),2017,2017,7007,July,LCU,2152.000000,A
BFA,2017-08-01,2017-08-31,233,'854,Burkina Faso,530,'01344.01,Sour cherries,5530,Producer Price (LCU/tonne),2017,2017,7008,August,LCU,1861.000000,A
BFA,2017-09-01,2017-09-30,233,'854,Burkina Faso,530,'01344.01,Sour cherries,5530,Producer Price (LCU/tonne),2017,2017,7009,September,LCU,1375.000000,A
BFA,1997-01-01,1997-12-31,233,'854,Burkina Faso,236,'0141,Soya beans,5530,Producer Price (LCU/tonne),1997,1997,7021,Annual value,LCU,74273.500000,A
BFA,1998-01-01,1998-12-31,233,'854,Burkina Faso,236,'0141,Soya beans,5530,Producer Price (LCU/tonne),1998,1998,7021,Annual value,LCU,84732.900000,A
BFA,1999-01-01,1999-12-31,233,'854,Burkina Faso,236,'0141,Soya beans,5530,Producer Price (LCU/tonne),1999,1999,7021,Annual value,LCU,74273.500000,A
BFA,2000-01-01,2000-12-31,233,'854,Burkina Faso,236,'0141,Soya beans,5530,Producer Price (LCU/tonne),2000,2000,7021,Annual value,LCU,55000.000000,A
BFA,2001-01-01,2001-12-31,233,'854,Burkina Faso,236,'0141,Soya beans,5530,Producer Price (LCU/tonne),2001,2001,7021,Annual value,LCU,60500.000000,A
BFA,2002-01-01,2002-12-31,233,'854,Burkina Faso,236,'0141,Soya beans,5530,Producer Price (LCU/tonne),2002,2002,7021,Annual value,LCU,63511.000000,A
BFA,2003-01-01,2003-12-31,233,'854,Burkina Faso,236,'0141,Soya beans,5530,Producer Price (LCU/tonne),2003,2003,7021,Annual value,LCU,81313.700000,A
BFA,2004-01-01,2004-12-31,233,'854,Burkina Faso,236,'0141,Soya beans,5530,Producer Price (LCU/tonne),2004,2004,7021,Annual value,LCU,63172.500000,A
BFA,2005-01-01,2005-12-31,233,'854,Burkina Faso,236,'0141,Soya beans,5530,Producer Price (LCU/tonne),2005,2005,7021,Annual value,LCU,61000.000000,A
BFA,2006-01-01,2006-12-31,233,'854,Burkina Faso,236,'0141,Soya beans,5530,Producer Price (LCU/tonne),2006,2006,7021,Annual value,LCU,144646.600000,A
BFA,2007-01-01,2007-12-31,233,'854,Burkina Faso,236,'0141,Soya beans,5530,Producer Price (LCU/tonne),2007,2007,7021,Annual value,LCU,116000.200000,A
BFA,2017-01-01,2017-01-31,233,'854,Burkina Faso,236,'0141,Soya beans,5530,Producer Price (LCU/tonne),2017,2017,7001,January,LCU,1251.000000,A
BFA,2017-02-01,2017-02-28,233,'854,Burkina Faso,236,'0141,Soya beans,5530,Producer Price (LCU/tonne),2017,2017,7002,February,LCU,1248.000000,A
BFA,2017-03-01,2017-03-31,233,'854,Burkina Faso,236,'0141,Soya beans,5530,Producer Price (LCU/tonne),2017,2017,7003,March,LCU,1256.000000,A
BFA,2017-04-01,2017-04-30,233,'854,Burkina Faso,236,'0141,Soya beans,5530,Producer Price (LCU/tonne),2017,2017,7004,April,LCU,1256.000000,A
BFA,2017-05-01,2017-05-31,233,'854,Burkina Faso,236,'0141,Soya beans,5530,Producer Price (LCU/tonne),2017,2017,7005,May,LCU,1257.000000,A
BFA,2017-06-01,2017-06-30,233,'854,Burkina Faso,236,'0141,Soya beans,5530,Producer Price (LCU/tonne),2017,2017,7006,June,LCU,1257.000000,A
BFA,2017-07-01,2017-07-31,233,'854,Burkina Faso,236,'0141,Soya beans,5530,Producer Price (LCU/tonne),2017,2017,7007,July,LCU,1257.000000,A
BFA,2017-08-01,2017-08-31,233,'854,Burkina Faso,236,'0141,Soya beans,5530,Producer Price (LCU/tonne),2017,2017,7008,August,LCU,1257.000000,A
BFA,2017-09-01,2017-09-30,233,'854,Burkina Faso,236,'0141,Soya beans,5530,Producer Price (LCU/tonne),2017,2017,7009,September,LCU,1307.000000,A
BFA,2017-10-01,2017-10-31,233,'854,Burkina Faso,236,'0141,Soya beans,5530,Producer Price (LCU/tonne),2017,2017,7010,October,LCU,1411.000000,A
BFA,2017-11-01,2017-11-30,233,'854,Burkina Faso,236,'0141,Soya beans,5530,Producer Price (LCU/tonne),2017,2017,7011,November,LCU,1528.000000,A
BFA,2017-12-01,2017-12-31,233,'854,Burkina Faso,236,'0141,Soya beans,5530,Producer Price (LCU/tonne),2017,2017,7012,December,LCU,1526.000000,A
BFA,1997-01-01,1997-12-31,233,'854,Burkina Faso,236,'0141,Soya beans,5531,Producer Price (SLC/tonne),1997,1997,7021,Annual value,SLC,74273.500000,A
BFA,1998-01-01,1998-12-31,233,'854,Burkina Faso,236,'0141,Soya beans,5531,Producer Price (SLC/tonne),1998,1998,7021,Annual value,SLC,84732.900000,A
BFA,1999-01-01,1999-12-31,233,'854,Burkina Faso,236,'0141,Soya beans,5531,Producer Price (SLC/tonne),1999,1999,7021,Annual value,SLC,74273.500000,A
BFA,2000-01-01,2000-12-31,233,'854,Burkina Faso,236,'0141,Soya beans,5531,Producer Price (SLC/tonne),2000,2000,7021,Annual value,SLC,55000.000000,A
BFA,2001-01-01,2001-12-31,233,'854,Burkina Faso,236,'0141,Soya beans,5531,Producer Price (SLC/tonne),2001,2001,7021,Annual value,SLC,60500.000000,A
BFA,2002-01-01,2002-12-31,233,'854,Burkina Faso,236,'0141,Soya beans,5531,Producer Price (SLC/tonne),2002,2002,7021,Annual value,SLC,63511.000000,A
BFA,2003-01-01,2003-12-31,233,'854,Burkina Faso,236,'0141,Soya beans,5531,Producer Price (SLC/tonne),2003,2003,7021,Annual value,SLC,81313.700000,A
BFA,2004-01-01,2004-12-31,233,'854,Burkina Faso,236,'0141,Soya beans,5531,Producer Price (SLC/tonne),2004,2004,7021,Annual value,SLC,63172.500000,A
BFA,2005-01-01,2005-12-31,233,'854,Burkina Faso,236,'0141,Soya beans,5531,Producer Price (SLC/tonne),2005,2005,7021,Annual value,SLC,61000.000000,A
BFA,2006-01-01,2006-12-31,233,'854,Burkina Faso,236,'0141,Soya beans,5531,Producer Price (SLC/tonne),2006,2006,7021,Annual value,SLC,144646.600000,A
BFA,2007-01-01,2007-12-31,233,'854,Burkina Faso,236,'0141,Soya beans,5531,Producer Price (SLC/tonne),2007,2007,7021,Annual value,SLC,116000.200000,A
BFA,1997-01-01,1997-12-31,233,'854,Burkina Faso,236,'0141,Soya beans,5532,Producer Price (USD/tonne),1997,1997,7021,Annual value,USD,127.300000,A
BFA,1998-01-01,1998-12-31,233,'854,Burkina Faso,236,'0141,Soya beans,5532,Producer Price (USD/tonne),1998,1998,7021,Annual value,USD,143.600000,A
BFA,1999-01-01,1999-12-31,233,'854,Burkina Faso,236,'0141,Soya beans,5532,Producer Price (USD/tonne),1999,1999,7021,Annual value,USD,120.600000,A
BFA,2000-01-01,2000-12-31,233,'854,Burkina Faso,236,'0141,Soya beans,5532,Producer Price (USD/tonne),2000,2000,7021,Annual value,USD,77.200000,A
BFA,2001-01-01,2001-12-31,233,'854,Burkina Faso,236,'0141,Soya beans,5532,Producer Price (USD/tonne),2001,2001,7021,Annual value,USD,82.500000,A
BFA,2002-01-01,2002-12-31,233,'854,Burkina Faso,236,'0141,Soya beans,5532,Producer Price (USD/tonne),2002,2002,7021,Annual value,USD,91.100000,A
BFA,2003-01-01,2003-12-31,233,'854,Burkina Faso,236,'0141,Soya beans,5532,Producer Price (USD/tonne),2003,2003,7021,Annual value,USD,139.900000,A
BFA,2004-01-01,2004-12-31,233,'854,Burkina Faso,236,'0141,Soya beans,5532,Producer Price (USD/tonne),2004,2004,7021,Annual value,USD,119.600000,A
BFA,2005-01-01,2005-12-31,233,'854,Burkina Faso,236,'0141,Soya beans,5532,Producer Price (USD/tonne),2005,2005,7021,Annual value,USD,115.600000,A
BFA,2006-01-01,2006-12-31,233,'854,Burkina Faso,236,'0141,Soya beans,5532,Producer Price (USD/tonne),2006,2006,7021,Annual value,USD,276.600000,A
BFA,2007-01-01,2007-12-31,233,'854,Burkina Faso,236,'0141,Soya beans,5532,Producer Price (USD/tonne),2007,2007,7021,Annual value,USD,242.000000,A
BFA,1991-01-01,1991-12-31,233,'854,Burkina Faso,236,'0141,Soya beans,5539,Producer Price Index (2014-2016 = 100),1991,1991,7021,Annual value,,37.690000,E
BFA,1992-01-01,1992-12-31,233,'854,Burkina Faso,236,'0141,Soya beans,5539,Producer Price Index (2014-2016 = 100),1992,1992,7021,Annual value,,38.950000,E
BFA,1993-01-01,1993-12-31,233,'854,Burkina Faso,236,'0141,Soya beans,5539,Producer Price Index (2014-2016 = 100),1993,1993,7021,Annual value,,31.750000,E
BFA,1994-01-01,1994-12-31,233,'854,Burkina Faso,236,'0141,Soya beans,5539,Producer Price Index (2014-2016 = 100),1994,1994,7021,Annual value,,42.430000,E
BFA,1995-01-01,1995-12-31,233,'854,Burkina Faso,236,'0141,Soya beans,5539,Producer Price Index (2014-2016 = 100),1995,1995,7021,Annual value,,42.430000,E
BFA,1996-01-01,1996-12-31,233,'854,Burkina Faso,236,'0141,Soya beans,5539,Producer Price Index (2014-2016 = 100),1996,1996,7021,Annual value,,59.480000,E
BFA,1997-01-01,1997-12-31,233,'854,Burkina Faso,236,'0141,Soya beans,5539,Producer Price Index (2014-2016 = 100),1997,1997,7021,Annual value,,50.900000,E
BFA,1998-01-01,1998-12-31,233,'854,Burkina Faso,236,'0141,Soya beans,5539,Producer Price Index (2014-2016 = 100),1998,1998,7021,Annual value,,58.070000,E
BFA,1999-01-01,1999-12-31,233,'854,Burkina Faso,236,'0141,Soya beans,5539,Producer Price Index (2014-2016 = 100),1999,1999,7021,Annual value,,50.900000,E
BFA,2000-01-01,2000-12-31,233,'854,Burkina Faso,236,'0141,Soya beans,5539,Producer Price Index (2014-2016 = 100),2000,2000,7021,Annual value,,37.690000,E
BFA,2001-01-01,2001-12-31,233,'854,Burkina Faso,236,'0141,Soya beans,5539,Producer Price Index (2014-2016 = 100),2001,2001,7021,Annual value,,41.460000,E
BFA,2002-01-01,2002-12-31,233,'854,Burkina Faso,236,'0141,Soya beans,5539,Producer Price Index (2014-2016 = 100),2002,2002,7021,Annual value,,43.530000,E
BFA,2003-01-01,2003-12-31,233,'854,Burkina Faso,236,'0141,Soya beans,5539,Producer Price Index (2014-2016 = 100),2003,2003,7021,Annual value,,55.730000,E
BFA,2004-01-01,2004-12-31,233,'854,Burkina Faso,236,'0141,Soya beans,5539,Producer Price Index (2014-2016 = 100),2004,2004,7021,Annual value,,43.300000,E
BFA,2005-01-01,2005-12-31,233,'854,Burkina Faso,236,'0141,Soya beans,5539,Producer Price Index (2014-2016 = 100),2005,2005,7021,Annual value,,41.810000,E
BFA,2006-01-01,2006-12-31,233,'854,Burkina Faso,236,'0141,Soya beans,5539,Producer Price Index (2014-2016 = 100),2006,2006,7021,Annual value,,99.130000,E
BFA,2007-01-01,2007-12-31,233,'854,Burkina Faso,236,'0141,Soya beans,5539,Producer Price Index (2014-2016 = 100),2007,2007,7021,Annual value,,79.500000,E
BFA,2008-01-01,2008-12-31,233,'854,Burkina Faso,236,'0141,Soya beans,5539,Producer Price Index (2014-2016 = 100),2008,2008,7021,Annual value,,80.750000,E
BFA,2009-01-01,2009-12-31,233,'854,Burkina Faso,236,'0141,Soya beans,5539,Producer Price Index (2014-2016 = 100),2009,2009,7021,Annual value,,83.710000,E
BFA,2010-01-01,2010-12-31,233,'854,Burkina Faso,236,'0141,Soya beans,5539,Producer Price Index (2014-2016 = 100),2010,2010,7021,Annual value,,86.360000,E
BFA,2011-01-01,2011-12-31,233,'854,Burkina Faso,236,'0141,Soya beans,5539,Producer Price Index (2014-2016 = 100),2011,2011,7021,Annual value,,88.740000,E
BFA,2012-01-01,2012-12-31,233,'854,Burkina Faso,236,'0141,Soya beans,5539,Producer Price Index (2014-2016 = 100),2012,2012,7021,Annual value,,91.080000,E
BFA,2013-01-01,2013-12-31,233,'854,Burkina Faso,236,'0141,Soya beans,5539,Producer Price Index (2014-2016 = 100),2013,2013,7021,Annual value,,94.660000,E
BFA,2014-01-01,2014-12-31,233,'854,Burkina Faso,236,'0141,Soya beans,5539,Producer Price Index (2014-2016 = 100),2014,2014,7021,Annual value,,97.470000,E
BFA,2015-01-01,2015-12-31,233,'854,Burkina Faso,236,'0141,Soya beans,5539,Producer Price Index (2014-2016 = 100),2015,2015,7021,Annual value,,99.710000,E
BFA,2016-01-01,2016-12-31,233,'854,Burkina Faso,236,'0141,Soya beans,5539,Producer Price Index (2014-2016 = 100),2016,2016,7021,Annual value,,102.820000,E
BFA,2017-01-01,2017-12-31,233,'854,Burkina Faso,236,'0141,Soya beans,5539,Producer Price Index (2014-2016 = 100),2017,2017,7021,Annual value,,105.970000,E
BFA,2018-01-01,2018-12-31,233,'854,Burkina Faso,236,'0141,Soya beans,5539,Producer Price Index (2014-2016 = 100),2018,2018,7021,Annual value,,109.110000,E
BFA,2019-01-01,2019-12-31,233,'854,Burkina Faso,236,'0141,Soya beans,5539,Producer Price Index (2014-2016 = 100),2019,2019,7021,Annual value,,112.240000,E
BFA,2020-01-01,2020-12-31,233,'854,Burkina Faso,236,'0141,Soya beans,5539,Producer Price Index (2014-2016 = 100),2020,2020,7021,Annual value,,113.280000,E
BFA,2021-01-01,2021-12-31,233,'854,Burkina Faso,236,'0141,Soya beans,5539,Producer Price Index (2014-2016 = 100),2021,2021,7021,Annual value,,116.710000,E
BFA,2022-01-01,2022-12-31,233,'854,Burkina Faso,236,'0141,Soya beans,5539,Producer Price Index (2014-2016 = 100),2022,2022,7021,Annual value,,125.970000,E
BFA,2023-01-01,2023-12-31,233,'854,Burkina Faso,236,'0141,Soya beans,5539,Producer Price Index (2014-2016 = 100),2023,2023,7021,Annual value,,114.960000,E
BFA,2024-01-01,2024-12-31,233,'854,Burkina Faso,236,'0141,Soya beans,5539,Producer Price Index (2014-2016 = 100),2024,2024,7021,Annual value,,126.640000,E
BFA,2025-01-01,2025-12-31,233,'854,Burkina Faso,236,'0141,Soya beans,5539,Producer Price Index (2014-2016 = 100),2025,2025,7021,Annual value,,130.440000,E
BFA,2017-01-01,2017-01-31,233,'854,Burkina Faso,373,'01215,Spinach,5530,Producer Price (LCU/tonne),2017,2017,7001,January,LCU,1762.000000,A
BFA,2017-02-01,2017-02-28,233,'854,Burkina Faso,373,'01215,Spinach,5530,Producer Price (LCU/tonne),2017,2017,7002,February,LCU,1566.000000,A
BFA,2017-03-01,2017-03-31,233,'854,Burkina Faso,373,'01215,Spinach,5530,Producer Price (LCU/tonne),2017,2017,7003,March,LCU,1417.000000,A
BFA,2017-04-01,2017-04-30,233,'854,Burkina Faso,373,'01215,Spinach,5530,Producer Price (LCU/tonne),2017,2017,7004,April,LCU,1185.000000,A
BFA,2017-05-01,2017-05-31,233,'854,Burkina Faso,373,'01215,Spinach,5530,Producer Price (LCU/tonne),2017,2017,7005,May,LCU,1535.000000,A
BFA,2017-06-01,2017-06-30,233,'854,Burkina Faso,373,'01215,Spinach,5530,Producer Price (LCU/tonne),2017,2017,7006,June,LCU,1521.000000,A
BFA,2017-07-01,2017-07-31,233,'854,Burkina Faso,373,'01215,Spinach,5530,Producer Price (LCU/tonne),2017,2017,7007,July,LCU,1779.000000,A
BFA,2017-08-01,2017-08-31,233,'854,Burkina Faso,373,'01215,Spinach,5530,Producer Price (LCU/tonne),2017,2017,7008,August,LCU,1817.000000,A
BFA,2017-09-01,2017-09-30,233,'854,Burkina Faso,373,'01215,Spinach,5530,Producer Price (LCU/tonne),2017,2017,7009,September,LCU,1439.000000,A
BFA,2017-10-01,2017-10-31,233,'854,Burkina Faso,373,'01215,Spinach,5530,Producer Price (LCU/tonne),2017,2017,7010,October,LCU,1479.000000,A
BFA,2017-11-01,2017-11-30,233,'854,Burkina Faso,373,'01215,Spinach,5530,Producer Price (LCU/tonne),2017,2017,7011,November,LCU,1504.000000,A
BFA,2017-12-01,2017-12-31,233,'854,Burkina Faso,373,'01215,Spinach,5530,Producer Price (LCU/tonne),2017,2017,7012,December,LCU,1402.000000,A
BFA,2017-04-01,2017-04-30,233,'854,Burkina Faso,544,'01354,Strawberries,5530,Producer Price (LCU/tonne),2017,2017,7004,April,LCU,2861.000000,A
BFA,2017-05-01,2017-05-31,233,'854,Burkina Faso,544,'01354,Strawberries,5530,Producer Price (LCU/tonne),2017,2017,7005,May,LCU,3169.000000,A
BFA,2017-06-01,2017-06-30,233,'854,Burkina Faso,544,'01354,Strawberries,5530,Producer Price (LCU/tonne),2017,2017,7006,June,LCU,2942.000000,A
BFA,2017-07-01,2017-07-31,233,'854,Burkina Faso,544,'01354,Strawberries,5530,Producer Price (LCU/tonne),2017,2017,7007,July,LCU,2933.000000,A
BFA,2017-08-01,2017-08-31,233,'854,Burkina Faso,544,'01354,Strawberries,5530,Producer Price (LCU/tonne),2017,2017,7008,August,LCU,3825.000000,A
BFA,2017-09-01,2017-09-30,233,'854,Burkina Faso,544,'01354,Strawberries,5530,Producer Price (LCU/tonne),2017,2017,7009,September,LCU,4044.000000,A
BFA,1991-01-01,1991-12-31,233,'854,Burkina Faso,156,'01802,Sugar cane,5539,Producer Price Index (2014-2016 = 100),1991,1991,7021,Annual value,,46.610000,E
BFA,1992-01-01,1992-12-31,233,'854,Burkina Faso,156,'01802,Sugar cane,5539,Producer Price Index (2014-2016 = 100),1992,1992,7021,Annual value,,48.160000,E
BFA,1993-01-01,1993-12-31,233,'854,Burkina Faso,156,'01802,Sugar cane,5539,Producer Price Index (2014-2016 = 100),1993,1993,7021,Annual value,,39.250000,E
BFA,1994-01-01,1994-12-31,233,'854,Burkina Faso,156,'01802,Sugar cane,5539,Producer Price Index (2014-2016 = 100),1994,1994,7021,Annual value,,52.470000,E
BFA,1995-01-01,1995-12-31,233,'854,Burkina Faso,156,'01802,Sugar cane,5539,Producer Price Index (2014-2016 = 100),1995,1995,7021,Annual value,,52.470000,E
BFA,1996-01-01,1996-12-31,233,'854,Burkina Faso,156,'01802,Sugar cane,5539,Producer Price Index (2014-2016 = 100),1996,1996,7021,Annual value,,73.540000,E
BFA,1997-01-01,1997-12-31,233,'854,Burkina Faso,156,'01802,Sugar cane,5539,Producer Price Index (2014-2016 = 100),1997,1997,7021,Annual value,,74.760000,E
BFA,1998-01-01,1998-12-31,233,'854,Burkina Faso,156,'01802,Sugar cane,5539,Producer Price Index (2014-2016 = 100),1998,1998,7021,Annual value,,90.770000,E
BFA,1999-01-01,1999-12-31,233,'854,Burkina Faso,156,'01802,Sugar cane,5539,Producer Price Index (2014-2016 = 100),1999,1999,7021,Annual value,,70.770000,E
BFA,2000-01-01,2000-12-31,233,'854,Burkina Faso,156,'01802,Sugar cane,5539,Producer Price Index (2014-2016 = 100),2000,2000,7021,Annual value,,54.190000,E
BFA,2001-01-01,2001-12-31,233,'854,Burkina Faso,156,'01802,Sugar cane,5539,Producer Price Index (2014-2016 = 100),2001,2001,7021,Annual value,,84.160000,E
BFA,2002-01-01,2002-12-31,233,'854,Burkina Faso,156,'01802,Sugar cane,5539,Producer Price Index (2014-2016 = 100),2002,2002,7021,Annual value,,95.730000,E
BFA,2003-01-01,2003-12-31,233,'854,Burkina Faso,156,'01802,Sugar cane,5539,Producer Price Index (2014-2016 = 100),2003,2003,7021,Annual value,,65.990000,E
BFA,2004-01-01,2004-12-31,233,'854,Burkina Faso,156,'01802,Sugar cane,5539,Producer Price Index (2014-2016 = 100),2004,2004,7021,Annual value,,72.550000,E
BFA,2005-01-01,2005-12-31,233,'854,Burkina Faso,156,'01802,Sugar cane,5539,Producer Price Index (2014-2016 = 100),2005,2005,7021,Annual value,,83.330000,E
BFA,2006-01-01,2006-12-31,233,'854,Burkina Faso,156,'01802,Sugar cane,5539,Producer Price Index (2014-2016 = 100),2006,2006,7021,Annual value,,71.760000,E
BFA,2007-01-01,2007-12-31,233,'854,Burkina Faso,156,'01802,Sugar cane,5539,Producer Price Index (2014-2016 = 100),2007,2007,7021,Annual value,,78.690000,E
BFA,2008-01-01,2008-12-31,233,'854,Burkina Faso,156,'01802,Sugar cane,5539,Producer Price Index (2014-2016 = 100),2008,2008,7021,Annual value,,83.770000,E
BFA,2009-01-01,2009-12-31,233,'854,Burkina Faso,156,'01802,Sugar cane,5539,Producer Price Index (2014-2016 = 100),2009,2009,7021,Annual value,,87.360000,E
BFA,2010-01-01,2010-12-31,233,'854,Burkina Faso,156,'01802,Sugar cane,5539,Producer Price Index (2014-2016 = 100),2010,2010,7021,Annual value,,90.700000,E
BFA,2011-01-01,2011-12-31,233,'854,Burkina Faso,156,'01802,Sugar cane,5539,Producer Price Index (2014-2016 = 100),2011,2011,7021,Annual value,,93.770000,E
BFA,2012-01-01,2012-12-31,233,'854,Burkina Faso,156,'01802,Sugar cane,5539,Producer Price Index (2014-2016 = 100),2012,2012,7021,Annual value,,96.540000,E
BFA,2013-01-01,2013-12-31,233,'854,Burkina Faso,156,'01802,Sugar cane,5539,Producer Price Index (2014-2016 = 100),2013,2013,7021,Annual value,,98.260000,E
BFA,2014-01-01,2014-12-31,233,'854,Burkina Faso,156,'01802,Sugar cane,5539,Producer Price Index (2014-2016 = 100),2014,2014,7021,Annual value,,100.110000,E
BFA,2015-01-01,2015-12-31,233,'854,Burkina Faso,156,'01802,Sugar cane,5539,Producer Price Index (2014-2016 = 100),2015,2015,7021,Annual value,,99.290000,E
BFA,2016-01-01,2016-12-31,233,'854,Burkina Faso,156,'01802,Sugar cane,5539,Producer Price Index (2014-2016 = 100),2016,2016,7021,Annual value,,100.600000,E
BFA,2017-01-01,2017-12-31,233,'854,Burkina Faso,156,'01802,Sugar cane,5539,Producer Price Index (2014-2016 = 100),2017,2017,7021,Annual value,,101.550000,E
BFA,2018-01-01,2018-12-31,233,'854,Burkina Faso,156,'01802,Sugar cane,5539,Producer Price Index (2014-2016 = 100),2018,2018,7021,Annual value,,102.150000,E
BFA,2019-01-01,2019-12-31,233,'854,Burkina Faso,156,'01802,Sugar cane,5539,Producer Price Index (2014-2016 = 100),2019,2019,7021,Annual value,,102.430000,E
BFA,2020-01-01,2020-12-31,233,'854,Burkina Faso,156,'01802,Sugar cane,5539,Producer Price Index (2014-2016 = 100),2020,2020,7021,Annual value,,98.620000,E
BFA,2021-01-01,2021-12-31,233,'854,Burkina Faso,156,'01802,Sugar cane,5539,Producer Price Index (2014-2016 = 100),2021,2021,7021,Annual value,,94.880000,E
BFA,2022-01-01,2022-12-31,233,'854,Burkina Faso,156,'01802,Sugar cane,5539,Producer Price Index (2014-2016 = 100),2022,2022,7021,Annual value,,124.560000,E
BFA,2023-01-01,2023-12-31,233,'854,Burkina Faso,156,'01802,Sugar cane,5539,Producer Price Index (2014-2016 = 100),2023,2023,7021,Annual value,,102.400000,E
BFA,2024-01-01,2024-12-31,233,'854,Burkina Faso,156,'01802,Sugar cane,5539,Producer Price Index (2014-2016 = 100),2024,2024,7021,Annual value,,117.000000,E
BFA,2025-01-01,2025-12-31,233,'854,Burkina Faso,156,'01802,Sugar cane,5539,Producer Price Index (2014-2016 = 100),2025,2025,7021,Annual value,,119.150000,E
BFA,2017-01-01,2017-01-31,233,'854,Burkina Faso,267,'01445,Sunflower seed,5530,Producer Price (LCU/tonne),2017,2017,7001,January,LCU,2313.000000,A
BFA,2017-02-01,2017-02-28,233,'854,Burkina Faso,267,'01445,Sunflower seed,5530,Producer Price (LCU/tonne),2017,2017,7002,February,LCU,2320.000000,A
BFA,2017-03-01,2017-03-31,233,'854,Burkina Faso,267,'01445,Sunflower seed,5530,Producer Price (LCU/tonne),2017,2017,7003,March,LCU,2320.000000,A
BFA,2017-04-01,2017-04-30,233,'854,Burkina Faso,267,'01445,Sunflower seed,5530,Producer Price (LCU/tonne),2017,2017,7004,April,LCU,2349.000000,A
BFA,2017-05-01,2017-05-31,233,'854,Burkina Faso,267,'01445,Sunflower seed,5530,Producer Price (LCU/tonne),2017,2017,7005,May,LCU,2343.000000,A
BFA,2017-06-01,2017-06-30,233,'854,Burkina Faso,267,'01445,Sunflower seed,5530,Producer Price (LCU/tonne),2017,2017,7006,June,LCU,2362.000000,A
BFA,2017-07-01,2017-07-31,233,'854,Burkina Faso,267,'01445,Sunflower seed,5530,Producer Price (LCU/tonne),2017,2017,7007,July,LCU,2361.000000,A
BFA,2017-08-01,2017-08-31,233,'854,Burkina Faso,267,'01445,Sunflower seed,5530,Producer Price (LCU/tonne),2017,2017,7008,August,LCU,2385.000000,A
BFA,2017-09-01,2017-09-30,233,'854,Burkina Faso,267,'01445,Sunflower seed,5530,Producer Price (LCU/tonne),2017,2017,7009,September,LCU,2454.000000,A
BFA,2017-10-01,2017-10-31,233,'854,Burkina Faso,267,'01445,Sunflower seed,5530,Producer Price (LCU/tonne),2017,2017,7010,October,LCU,2503.000000,A
BFA,2017-11-01,2017-11-30,233,'854,Burkina Faso,267,'01445,Sunflower seed,5530,Producer Price (LCU/tonne),2017,2017,7011,November,LCU,2514.000000,A
BFA,2017-12-01,2017-12-31,233,'854,Burkina Faso,267,'01445,Sunflower seed,5530,Producer Price (LCU/tonne),2017,2017,7012,December,LCU,2526.000000,A
BFA,1997-01-01,1997-12-31,233,'854,Burkina Faso,122,'01530,Sweet potatoes,5530,Producer Price (LCU/tonne),1997,1997,7021,Annual value,LCU,48615.400000,A
BFA,1998-01-01,1998-12-31,233,'854,Burkina Faso,122,'01530,Sweet potatoes,5530,Producer Price (LCU/tonne),1998,1998,7021,Annual value,LCU,55461.500000,A
BFA,1999-01-01,1999-12-31,233,'854,Burkina Faso,122,'01530,Sweet potatoes,5530,Producer Price (LCU/tonne),1999,1999,7021,Annual value,LCU,48615.400000,A
BFA,2000-01-01,2000-12-31,233,'854,Burkina Faso,122,'01530,Sweet potatoes,5530,Producer Price (LCU/tonne),2000,2000,7021,Annual value,LCU,43188.600000,A
BFA,2001-01-01,2001-12-31,233,'854,Burkina Faso,122,'01530,Sweet potatoes,5530,Producer Price (LCU/tonne),2001,2001,7021,Annual value,LCU,59000.000000,A
BFA,2002-01-01,2002-12-31,233,'854,Burkina Faso,122,'01530,Sweet potatoes,5530,Producer Price (LCU/tonne),2002,2002,7021,Annual value,LCU,59472.000000,A
BFA,2003-01-01,2003-12-31,233,'854,Burkina Faso,122,'01530,Sweet potatoes,5530,Producer Price (LCU/tonne),2003,2003,7021,Annual value,LCU,53665.300000,A
BFA,2004-01-01,2004-12-31,233,'854,Burkina Faso,122,'01530,Sweet potatoes,5530,Producer Price (LCU/tonne),2004,2004,7021,Annual value,LCU,56348.600000,A
BFA,2005-01-01,2005-12-31,233,'854,Burkina Faso,122,'01530,Sweet potatoes,5530,Producer Price (LCU/tonne),2005,2005,7021,Annual value,LCU,58039.000000,A
BFA,2006-01-01,2006-12-31,233,'854,Burkina Faso,122,'01530,Sweet potatoes,5530,Producer Price (LCU/tonne),2006,2006,7021,Annual value,LCU,59780.200000,A
BFA,2007-01-01,2007-12-31,233,'854,Burkina Faso,122,'01530,Sweet potatoes,5530,Producer Price (LCU/tonne),2007,2007,7021,Annual value,LCU,51552.800000,A
BFA,1997-01-01,1997-12-31,233,'854,Burkina Faso,122,'01530,Sweet potatoes,5531,Producer Price (SLC/tonne),1997,1997,7021,Annual value,SLC,48615.400000,A
BFA,1998-01-01,1998-12-31,233,'854,Burkina Faso,122,'01530,Sweet potatoes,5531,Producer Price (SLC/tonne),1998,1998,7021,Annual value,SLC,55461.500000,A
BFA,1999-01-01,1999-12-31,233,'854,Burkina Faso,122,'01530,Sweet potatoes,5531,Producer Price (SLC/tonne),1999,1999,7021,Annual value,SLC,48615.400000,A
BFA,2000-01-01,2000-12-31,233,'854,Burkina Faso,122,'01530,Sweet potatoes,5531,Producer Price (SLC/tonne),2000,2000,7021,Annual value,SLC,43188.600000,A
BFA,2001-01-01,2001-12-31,233,'854,Burkina Faso,122,'01530,Sweet potatoes,5531,Producer Price (SLC/tonne),2001,2001,7021,Annual value,SLC,59000.000000,A
BFA,2002-01-01,2002-12-31,233,'854,Burkina Faso,122,'01530,Sweet potatoes,5531,Producer Price (SLC/tonne),2002,2002,7021,Annual value,SLC,59472.000000,A
BFA,2003-01-01,2003-12-31,233,'854,Burkina Faso,122,'01530,Sweet potatoes,5531,Producer Price (SLC/tonne),2003,2003,7021,Annual value,SLC,53665.300000,A
BFA,2004-01-01,2004-12-31,233,'854,Burkina Faso,122,'01530,Sweet potatoes,5531,Producer Price (SLC/tonne),2004,2004,7021,Annual value,SLC,56348.600000,A
BFA,2005-01-01,2005-12-31,233,'854,Burkina Faso,122,'01530,Sweet potatoes,5531,Producer Price (SLC/tonne),2005,2005,7021,Annual value,SLC,58039.000000,A
BFA,2006-01-01,2006-12-31,233,'854,Burkina Faso,122,'01530,Sweet potatoes,5531,Producer Price (SLC/tonne),2006,2006,7021,Annual value,SLC,59780.200000,A
BFA,2007-01-01,2007-12-31,233,'854,Burkina Faso,122,'01530,Sweet potatoes,5531,Producer Price (SLC/tonne),2007,2007,7021,Annual value,SLC,51552.800000,A
BFA,1997-01-01,1997-12-31,233,'854,Burkina Faso,122,'01530,Sweet potatoes,5532,Producer Price (USD/tonne),1997,1997,7021,Annual value,USD,83.300000,A
BFA,1998-01-01,1998-12-31,233,'854,Burkina Faso,122,'01530,Sweet potatoes,5532,Producer Price (USD/tonne),1998,1998,7021,Annual value,USD,94.000000,A
BFA,1999-01-01,1999-12-31,233,'854,Burkina Faso,122,'01530,Sweet potatoes,5532,Producer Price (USD/tonne),1999,1999,7021,Annual value,USD,79.000000,A
BFA,2000-01-01,2000-12-31,233,'854,Burkina Faso,122,'01530,Sweet potatoes,5532,Producer Price (USD/tonne),2000,2000,7021,Annual value,USD,60.700000,A
BFA,2001-01-01,2001-12-31,233,'854,Burkina Faso,122,'01530,Sweet potatoes,5532,Producer Price (USD/tonne),2001,2001,7021,Annual value,USD,80.500000,A
BFA,2002-01-01,2002-12-31,233,'854,Burkina Faso,122,'01530,Sweet potatoes,5532,Producer Price (USD/tonne),2002,2002,7021,Annual value,USD,85.300000,A
BFA,2003-01-01,2003-12-31,233,'854,Burkina Faso,122,'01530,Sweet potatoes,5532,Producer Price (USD/tonne),2003,2003,7021,Annual value,USD,92.300000,A
BFA,2004-01-01,2004-12-31,233,'854,Burkina Faso,122,'01530,Sweet potatoes,5532,Producer Price (USD/tonne),2004,2004,7021,Annual value,USD,106.700000,A
BFA,2005-01-01,2005-12-31,233,'854,Burkina Faso,122,'01530,Sweet potatoes,5532,Producer Price (USD/tonne),2005,2005,7021,Annual value,USD,110.000000,A
BFA,2006-01-01,2006-12-31,233,'854,Burkina Faso,122,'01530,Sweet potatoes,5532,Producer Price (USD/tonne),2006,2006,7021,Annual value,USD,114.300000,A
BFA,2007-01-01,2007-12-31,233,'854,Burkina Faso,122,'01530,Sweet potatoes,5532,Producer Price (USD/tonne),2007,2007,7021,Annual value,USD,107.600000,A
BFA,1991-01-01,1991-12-31,233,'854,Burkina Faso,122,'01530,Sweet potatoes,5539,Producer Price Index (2014-2016 = 100),1991,1991,7021,Annual value,,57.350000,E
BFA,1992-01-01,1992-12-31,233,'854,Burkina Faso,122,'01530,Sweet potatoes,5539,Producer Price Index (2014-2016 = 100),1992,1992,7021,Annual value,,59.160000,E
BFA,1993-01-01,1993-12-31,233,'854,Burkina Faso,122,'01530,Sweet potatoes,5539,Producer Price Index (2014-2016 = 100),1993,1993,7021,Annual value,,48.220000,E
BFA,1994-01-01,1994-12-31,233,'854,Burkina Faso,122,'01530,Sweet potatoes,5539,Producer Price Index (2014-2016 = 100),1994,1994,7021,Annual value,,64.450000,E
BFA,1995-01-01,1995-12-31,233,'854,Burkina Faso,122,'01530,Sweet potatoes,5539,Producer Price Index (2014-2016 = 100),1995,1995,7021,Annual value,,64.450000,E
BFA,1996-01-01,1996-12-31,233,'854,Burkina Faso,122,'01530,Sweet potatoes,5539,Producer Price Index (2014-2016 = 100),1996,1996,7021,Annual value,,90.340000,E
BFA,1997-01-01,1997-12-31,233,'854,Burkina Faso,122,'01530,Sweet potatoes,5539,Producer Price Index (2014-2016 = 100),1997,1997,7021,Annual value,,77.000000,E
BFA,1998-01-01,1998-12-31,233,'854,Burkina Faso,122,'01530,Sweet potatoes,5539,Producer Price Index (2014-2016 = 100),1998,1998,7021,Annual value,,87.840000,E
BFA,1999-01-01,1999-12-31,233,'854,Burkina Faso,122,'01530,Sweet potatoes,5539,Producer Price Index (2014-2016 = 100),1999,1999,7021,Annual value,,77.000000,E
BFA,2000-01-01,2000-12-31,233,'854,Burkina Faso,122,'01530,Sweet potatoes,5539,Producer Price Index (2014-2016 = 100),2000,2000,7021,Annual value,,68.400000,E
BFA,2001-01-01,2001-12-31,233,'854,Burkina Faso,122,'01530,Sweet potatoes,5539,Producer Price Index (2014-2016 = 100),2001,2001,7021,Annual value,,93.450000,E
BFA,2002-01-01,2002-12-31,233,'854,Burkina Faso,122,'01530,Sweet potatoes,5539,Producer Price Index (2014-2016 = 100),2002,2002,7021,Annual value,,94.190000,E
BFA,2003-01-01,2003-12-31,233,'854,Burkina Faso,122,'01530,Sweet potatoes,5539,Producer Price Index (2014-2016 = 100),2003,2003,7021,Annual value,,85.000000,E
BFA,2004-01-01,2004-12-31,233,'854,Burkina Faso,122,'01530,Sweet potatoes,5539,Producer Price Index (2014-2016 = 100),2004,2004,7021,Annual value,,89.250000,E
BFA,2005-01-01,2005-12-31,233,'854,Burkina Faso,122,'01530,Sweet potatoes,5539,Producer Price Index (2014-2016 = 100),2005,2005,7021,Annual value,,91.920000,E
BFA,2006-01-01,2006-12-31,233,'854,Burkina Faso,122,'01530,Sweet potatoes,5539,Producer Price Index (2014-2016 = 100),2006,2006,7021,Annual value,,94.680000,E
BFA,2007-01-01,2007-12-31,233,'854,Burkina Faso,122,'01530,Sweet potatoes,5539,Producer Price Index (2014-2016 = 100),2007,2007,7021,Annual value,,81.650000,E
BFA,2008-01-01,2008-12-31,233,'854,Burkina Faso,122,'01530,Sweet potatoes,5539,Producer Price Index (2014-2016 = 100),2008,2008,7021,Annual value,,85.940000,E
BFA,2009-01-01,2009-12-31,233,'854,Burkina Faso,122,'01530,Sweet potatoes,5539,Producer Price Index (2014-2016 = 100),2009,2009,7021,Annual value,,85.570000,E
BFA,2010-01-01,2010-12-31,233,'854,Burkina Faso,122,'01530,Sweet potatoes,5539,Producer Price Index (2014-2016 = 100),2010,2010,7021,Annual value,,85.670000,E
BFA,2011-01-01,2011-12-31,233,'854,Burkina Faso,122,'01530,Sweet potatoes,5539,Producer Price Index (2014-2016 = 100),2011,2011,7021,Annual value,,86.150000,E
BFA,2012-01-01,2012-12-31,233,'854,Burkina Faso,122,'01530,Sweet potatoes,5539,Producer Price Index (2014-2016 = 100),2012,2012,7021,Annual value,,86.920000,E
BFA,2013-01-01,2013-12-31,233,'854,Burkina Faso,122,'01530,Sweet potatoes,5539,Producer Price Index (2014-2016 = 100),2013,2013,7021,Annual value,,96.030000,E
BFA,2014-01-01,2014-12-31,233,'854,Burkina Faso,122,'01530,Sweet potatoes,5539,Producer Price Index (2014-2016 = 100),2014,2014,7021,Annual value,,98.390000,E
BFA,2015-01-01,2015-12-31,233,'854,Burkina Faso,122,'01530,Sweet potatoes,5539,Producer Price Index (2014-2016 = 100),2015,2015,7021,Annual value,,99.560000,E
BFA,2016-01-01,2016-12-31,233,'854,Burkina Faso,122,'01530,Sweet potatoes,5539,Producer Price Index (2014-2016 = 100),2016,2016,7021,Annual value,,102.050000,E
BFA,2017-01-01,2017-12-31,233,'854,Burkina Faso,122,'01530,Sweet potatoes,5539,Producer Price Index (2014-2016 = 100),2017,2017,7021,Annual value,,104.350000,E
BFA,2018-01-01,2018-12-31,233,'854,Burkina Faso,122,'01530,Sweet potatoes,5539,Producer Price Index (2014-2016 = 100),2018,2018,7021,Annual value,,106.390000,E
BFA,2019-01-01,2019-12-31,233,'854,Burkina Faso,122,'01530,Sweet potatoes,5539,Producer Price Index (2014-2016 = 100),2019,2019,7021,Annual value,,108.090000,E
BFA,2020-01-01,2020-12-31,233,'854,Burkina Faso,122,'01530,Sweet potatoes,5539,Producer Price Index (2014-2016 = 100),2020,2020,7021,Annual value,,103.890000,E
BFA,2021-01-01,2021-12-31,233,'854,Burkina Faso,122,'01530,Sweet potatoes,5539,Producer Price Index (2014-2016 = 100),2021,2021,7021,Annual value,,100.670000,E
BFA,2022-01-01,2022-12-31,233,'854,Burkina Faso,122,'01530,Sweet potatoes,5539,Producer Price Index (2014-2016 = 100),2022,2022,7021,Annual value,,125.150000,E
BFA,2023-01-01,2023-12-31,233,'854,Burkina Faso,122,'01530,Sweet potatoes,5539,Producer Price Index (2014-2016 = 100),2023,2023,7021,Annual value,,101.640000,E
BFA,2024-01-01,2024-12-31,233,'854,Burkina Faso,122,'01530,Sweet potatoes,5539,Producer Price Index (2014-2016 = 100),2024,2024,7021,Annual value,,120.080000,E
BFA,2025-01-01,2025-12-31,233,'854,Burkina Faso,122,'01530,Sweet potatoes,5539,Producer Price Index (2014-2016 = 100),2025,2025,7021,Annual value,,117.320000,E
BFA,2017-01-01,2017-01-31,233,'854,Burkina Faso,495,'01324,"Tangerines, mandarins, clementines",5530,Producer Price (LCU/tonne),2017,2017,7001,January,LCU,684.000000,A
BFA,2017-02-01,2017-02-28,233,'854,Burkina Faso,495,'01324,"Tangerines, mandarins, clementines",5530,Producer Price (LCU/tonne),2017,2017,7002,February,LCU,742.000000,A
BFA,2017-10-01,2017-10-31,233,'854,Burkina Faso,495,'01324,"Tangerines, mandarins, clementines",5530,Producer Price (LCU/tonne),2017,2017,7010,October,LCU,740.000000,A
BFA,2017-11-01,2017-11-30,233,'854,Burkina Faso,495,'01324,"Tangerines, mandarins, clementines",5530,Producer Price (LCU/tonne),2017,2017,7011,November,LCU,748.000000,A
BFA,2017-12-01,2017-12-31,233,'854,Burkina Faso,495,'01324,"Tangerines, mandarins, clementines",5530,Producer Price (LCU/tonne),2017,2017,7012,December,LCU,735.000000,A
BFA,1991-01-01,1991-12-31,233,'854,Burkina Faso,495,'01324,"Tangerines, mandarins, clementines",5539,Producer Price Index (2014-2016 = 100),1991,1991,7021,Annual value,,10.670000,E
BFA,1992-01-01,1992-12-31,233,'854,Burkina Faso,495,'01324,"Tangerines, mandarins, clementines",5539,Producer Price Index (2014-2016 = 100),1992,1992,7021,Annual value,,11.030000,E
BFA,1993-01-01,1993-12-31,233,'854,Burkina Faso,495,'01324,"Tangerines, mandarins, clementines",5539,Producer Price Index (2014-2016 = 100),1993,1993,7021,Annual value,,42.680000,E
BFA,1994-01-01,1994-12-31,233,'854,Burkina Faso,495,'01324,"Tangerines, mandarins, clementines",5539,Producer Price Index (2014-2016 = 100),1994,1994,7021,Annual value,,42.680000,E
BFA,1995-01-01,1995-12-31,233,'854,Burkina Faso,495,'01324,"Tangerines, mandarins, clementines",5539,Producer Price Index (2014-2016 = 100),1995,1995,7021,Annual value,,42.680000,E
BFA,1996-01-01,1996-12-31,233,'854,Burkina Faso,495,'01324,"Tangerines, mandarins, clementines",5539,Producer Price Index (2014-2016 = 100),1996,1996,7021,Annual value,,42.680000,E
BFA,1997-01-01,1997-12-31,233,'854,Burkina Faso,495,'01324,"Tangerines, mandarins, clementines",5539,Producer Price Index (2014-2016 = 100),1997,1997,7021,Annual value,,42.680000,E
BFA,1998-01-01,1998-12-31,233,'854,Burkina Faso,495,'01324,"Tangerines, mandarins, clementines",5539,Producer Price Index (2014-2016 = 100),1998,1998,7021,Annual value,,42.680000,E
BFA,1999-01-01,1999-12-31,233,'854,Burkina Faso,495,'01324,"Tangerines, mandarins, clementines",5539,Producer Price Index (2014-2016 = 100),1999,1999,7021,Annual value,,49.790000,E
BFA,2000-01-01,2000-12-31,233,'854,Burkina Faso,495,'01324,"Tangerines, mandarins, clementines",5539,Producer Price Index (2014-2016 = 100),2000,2000,7021,Annual value,,49.790000,E
BFA,2001-01-01,2001-12-31,233,'854,Burkina Faso,495,'01324,"Tangerines, mandarins, clementines",5539,Producer Price Index (2014-2016 = 100),2001,2001,7021,Annual value,,49.790000,E
BFA,2002-01-01,2002-12-31,233,'854,Burkina Faso,495,'01324,"Tangerines, mandarins, clementines",5539,Producer Price Index (2014-2016 = 100),2002,2002,7021,Annual value,,58.890000,E
BFA,2003-01-01,2003-12-31,233,'854,Burkina Faso,495,'01324,"Tangerines, mandarins, clementines",5539,Producer Price Index (2014-2016 = 100),2003,2003,7021,Annual value,,68.000000,E
BFA,2004-01-01,2004-12-31,233,'854,Burkina Faso,495,'01324,"Tangerines, mandarins, clementines",5539,Producer Price Index (2014-2016 = 100),2004,2004,7021,Annual value,,76.000000,E
BFA,2005-01-01,2005-12-31,233,'854,Burkina Faso,495,'01324,"Tangerines, mandarins, clementines",5539,Producer Price Index (2014-2016 = 100),2005,2005,7021,Annual value,,87.290000,E
BFA,2006-01-01,2006-12-31,233,'854,Burkina Faso,495,'01324,"Tangerines, mandarins, clementines",5539,Producer Price Index (2014-2016 = 100),2006,2006,7021,Annual value,,75.170000,E
BFA,2007-01-01,2007-12-31,233,'854,Burkina Faso,495,'01324,"Tangerines, mandarins, clementines",5539,Producer Price Index (2014-2016 = 100),2007,2007,7021,Annual value,,82.430000,E
BFA,2008-01-01,2008-12-31,233,'854,Burkina Faso,495,'01324,"Tangerines, mandarins, clementines",5539,Producer Price Index (2014-2016 = 100),2008,2008,7021,Annual value,,81.500000,E
BFA,2009-01-01,2009-12-31,233,'854,Burkina Faso,495,'01324,"Tangerines, mandarins, clementines",5539,Producer Price Index (2014-2016 = 100),2009,2009,7021,Annual value,,85.310000,E
BFA,2010-01-01,2010-12-31,233,'854,Burkina Faso,495,'01324,"Tangerines, mandarins, clementines",5539,Producer Price Index (2014-2016 = 100),2010,2010,7021,Annual value,,86.850000,E
BFA,2011-01-01,2011-12-31,233,'854,Burkina Faso,495,'01324,"Tangerines, mandarins, clementines",5539,Producer Price Index (2014-2016 = 100),2011,2011,7021,Annual value,,91.220000,E
BFA,2012-01-01,2012-12-31,233,'854,Burkina Faso,495,'01324,"Tangerines, mandarins, clementines",5539,Producer Price Index (2014-2016 = 100),2012,2012,7021,Annual value,,94.290000,E
BFA,2013-01-01,2013-12-31,233,'854,Burkina Faso,495,'01324,"Tangerines, mandarins, clementines",5539,Producer Price Index (2014-2016 = 100),2013,2013,7021,Annual value,,95.410000,E
BFA,2014-01-01,2014-12-31,233,'854,Burkina Faso,495,'01324,"Tangerines, mandarins, clementines",5539,Producer Price Index (2014-2016 = 100),2014,2014,7021,Annual value,,100.420000,E
BFA,2015-01-01,2015-12-31,233,'854,Burkina Faso,495,'01324,"Tangerines, mandarins, clementines",5539,Producer Price Index (2014-2016 = 100),2015,2015,7021,Annual value,,98.940000,E
BFA,2016-01-01,2016-12-31,233,'854,Burkina Faso,495,'01324,"Tangerines, mandarins, clementines",5539,Producer Price Index (2014-2016 = 100),2016,2016,7021,Annual value,,100.650000,E
BFA,2017-01-01,2017-12-31,233,'854,Burkina Faso,495,'01324,"Tangerines, mandarins, clementines",5539,Producer Price Index (2014-2016 = 100),2017,2017,7021,Annual value,,106.830000,E
BFA,2018-01-01,2018-12-31,233,'854,Burkina Faso,495,'01324,"Tangerines, mandarins, clementines",5539,Producer Price Index (2014-2016 = 100),2018,2018,7021,Annual value,,108.090000,E
BFA,2019-01-01,2019-12-31,233,'854,Burkina Faso,495,'01324,"Tangerines, mandarins, clementines",5539,Producer Price Index (2014-2016 = 100),2019,2019,7021,Annual value,,110.140000,E
BFA,2020-01-01,2020-12-31,233,'854,Burkina Faso,495,'01324,"Tangerines, mandarins, clementines",5539,Producer Price Index (2014-2016 = 100),2020,2020,7021,Annual value,,106.620000,E
BFA,2021-01-01,2021-12-31,233,'854,Burkina Faso,495,'01324,"Tangerines, mandarins, clementines",5539,Producer Price Index (2014-2016 = 100),2021,2021,7021,Annual value,,101.410000,E
BFA,2022-01-01,2022-12-31,233,'854,Burkina Faso,495,'01324,"Tangerines, mandarins, clementines",5539,Producer Price Index (2014-2016 = 100),2022,2022,7021,Annual value,,155.130000,E
BFA,2023-01-01,2023-12-31,233,'854,Burkina Faso,495,'01324,"Tangerines, mandarins, clementines",5539,Producer Price Index (2014-2016 = 100),2023,2023,7021,Annual value,,113.500000,E
BFA,2024-01-01,2024-12-31,233,'854,Burkina Faso,495,'01324,"Tangerines, mandarins, clementines",5539,Producer Price Index (2014-2016 = 100),2024,2024,7021,Annual value,,128.530000,E
BFA,2025-01-01,2025-12-31,233,'854,Burkina Faso,495,'01324,"Tangerines, mandarins, clementines",5539,Producer Price Index (2014-2016 = 100),2025,2025,7021,Annual value,,133.320000,E
BFA,2017-01-01,2017-01-31,233,'854,Burkina Faso,667,'01620,Tea leaves,5530,Producer Price (LCU/tonne),2017,2017,7001,January,LCU,2000.000000,A
BFA,2017-02-01,2017-02-28,233,'854,Burkina Faso,667,'01620,Tea leaves,5530,Producer Price (LCU/tonne),2017,2017,7002,February,LCU,2000.000000,A
BFA,2017-03-01,2017-03-31,233,'854,Burkina Faso,667,'01620,Tea leaves,5530,Producer Price (LCU/tonne),2017,2017,7003,March,LCU,2000.000000,A
BFA,2017-04-01,2017-04-30,233,'854,Burkina Faso,667,'01620,Tea leaves,5530,Producer Price (LCU/tonne),2017,2017,7004,April,LCU,2000.000000,A
BFA,2017-05-01,2017-05-31,233,'854,Burkina Faso,667,'01620,Tea leaves,5530,Producer Price (LCU/tonne),2017,2017,7005,May,LCU,2000.000000,A
BFA,2017-06-01,2017-06-30,233,'854,Burkina Faso,667,'01620,Tea leaves,5530,Producer Price (LCU/tonne),2017,2017,7006,June,LCU,2000.000000,A
BFA,2017-07-01,2017-07-31,233,'854,Burkina Faso,667,'01620,Tea leaves,5530,Producer Price (LCU/tonne),2017,2017,7007,July,LCU,2000.000000,A
BFA,2017-08-01,2017-08-31,233,'854,Burkina Faso,667,'01620,Tea leaves,5530,Producer Price (LCU/tonne),2017,2017,7008,August,LCU,2000.000000,A
BFA,2017-09-01,2017-09-30,233,'854,Burkina Faso,667,'01620,Tea leaves,5530,Producer Price (LCU/tonne),2017,2017,7009,September,LCU,2000.000000,A
BFA,2017-10-01,2017-10-31,233,'854,Burkina Faso,667,'01620,Tea leaves,5530,Producer Price (LCU/tonne),2017,2017,7010,October,LCU,2000.000000,A
BFA,2017-11-01,2017-11-30,233,'854,Burkina Faso,667,'01620,Tea leaves,5530,Producer Price (LCU/tonne),2017,2017,7011,November,LCU,2000.000000,A
BFA,2017-12-01,2017-12-31,233,'854,Burkina Faso,667,'01620,Tea leaves,5530,Producer Price (LCU/tonne),2017,2017,7012,December,LCU,2000.000000,A
BFA,1998-01-01,1998-12-31,233,'854,Burkina Faso,388,'01234,Tomatoes,5530,Producer Price (LCU/tonne),1998,1998,7021,Annual value,LCU,80720.000000,A
BFA,1999-01-01,1999-12-31,233,'854,Burkina Faso,388,'01234,Tomatoes,5530,Producer Price (LCU/tonne),1999,1999,7021,Annual value,LCU,84620.000000,A
BFA,2000-01-01,2000-12-31,233,'854,Burkina Faso,388,'01234,Tomatoes,5530,Producer Price (LCU/tonne),2000,2000,7021,Annual value,LCU,105444.700000,A
BFA,2001-01-01,2001-12-31,233,'854,Burkina Faso,388,'01234,Tomatoes,5530,Producer Price (LCU/tonne),2001,2001,7021,Annual value,LCU,105444.700000,A
BFA,2002-01-01,2002-12-31,233,'854,Burkina Faso,388,'01234,Tomatoes,5530,Producer Price (LCU/tonne),2002,2002,7021,Annual value,LCU,100684.400000,A
BFA,2003-01-01,2003-12-31,233,'854,Burkina Faso,388,'01234,Tomatoes,5530,Producer Price (LCU/tonne),2003,2003,7021,Annual value,LCU,76814.200000,A
BFA,2004-01-01,2004-12-31,233,'854,Burkina Faso,388,'01234,Tomatoes,5530,Producer Price (LCU/tonne),2004,2004,7021,Annual value,LCU,116113.200000,A
BFA,2006-01-01,2006-12-31,233,'854,Burkina Faso,388,'01234,Tomatoes,5530,Producer Price (LCU/tonne),2006,2006,7021,Annual value,LCU,96620.300000,A
BFA,2007-01-01,2007-12-31,233,'854,Burkina Faso,388,'01234,Tomatoes,5530,Producer Price (LCU/tonne),2007,2007,7021,Annual value,LCU,79840.000000,A
BFA,2017-01-01,2017-01-31,233,'854,Burkina Faso,388,'01234,Tomatoes,5530,Producer Price (LCU/tonne),2017,2017,7001,January,LCU,1772.000000,A
BFA,2017-02-01,2017-02-28,233,'854,Burkina Faso,388,'01234,Tomatoes,5530,Producer Price (LCU/tonne),2017,2017,7002,February,LCU,1448.000000,A
BFA,2017-03-01,2017-03-31,233,'854,Burkina Faso,388,'01234,Tomatoes,5530,Producer Price (LCU/tonne),2017,2017,7003,March,LCU,1462.000000,A
BFA,2017-04-01,2017-04-30,233,'854,Burkina Faso,388,'01234,Tomatoes,5530,Producer Price (LCU/tonne),2017,2017,7004,April,LCU,2273.000000,A
BFA,2017-05-01,2017-05-31,233,'854,Burkina Faso,388,'01234,Tomatoes,5530,Producer Price (LCU/tonne),2017,2017,7005,May,LCU,1264.000000,A
BFA,2017-06-01,2017-06-30,233,'854,Burkina Faso,388,'01234,Tomatoes,5530,Producer Price (LCU/tonne),2017,2017,7006,June,LCU,1015.000000,A
BFA,2017-07-01,2017-07-31,233,'854,Burkina Faso,388,'01234,Tomatoes,5530,Producer Price (LCU/tonne),2017,2017,7007,July,LCU,1041.000000,A
BFA,2017-08-01,2017-08-31,233,'854,Burkina Faso,388,'01234,Tomatoes,5530,Producer Price (LCU/tonne),2017,2017,7008,August,LCU,939.000000,A
BFA,2017-09-01,2017-09-30,233,'854,Burkina Faso,388,'01234,Tomatoes,5530,Producer Price (LCU/tonne),2017,2017,7009,September,LCU,927.000000,A
BFA,2017-10-01,2017-10-31,233,'854,Burkina Faso,388,'01234,Tomatoes,5530,Producer Price (LCU/tonne),2017,2017,7010,October,LCU,1050.000000,A
BFA,2017-11-01,2017-11-30,233,'854,Burkina Faso,388,'01234,Tomatoes,5530,Producer Price (LCU/tonne),2017,2017,7011,November,LCU,1362.000000,A
BFA,2017-12-01,2017-12-31,233,'854,Burkina Faso,388,'01234,Tomatoes,5530,Producer Price (LCU/tonne),2017,2017,7012,December,LCU,1997.000000,A
BFA,1998-01-01,1998-12-31,233,'854,Burkina Faso,388,'01234,Tomatoes,5531,Producer Price (SLC/tonne),1998,1998,7021,Annual value,SLC,80720.000000,A
BFA,1999-01-01,1999-12-31,233,'854,Burkina Faso,388,'01234,Tomatoes,5531,Producer Price (SLC/tonne),1999,1999,7021,Annual value,SLC,84620.000000,A
BFA,2000-01-01,2000-12-31,233,'854,Burkina Faso,388,'01234,Tomatoes,5531,Producer Price (SLC/tonne),2000,2000,7021,Annual value,SLC,105444.700000,A
BFA,2001-01-01,2001-12-31,233,'854,Burkina Faso,388,'01234,Tomatoes,5531,Producer Price (SLC/tonne),2001,2001,7021,Annual value,SLC,105444.700000,A
BFA,2002-01-01,2002-12-31,233,'854,Burkina Faso,388,'01234,Tomatoes,5531,Producer Price (SLC/tonne),2002,2002,7021,Annual value,SLC,100684.400000,A
BFA,2003-01-01,2003-12-31,233,'854,Burkina Faso,388,'01234,Tomatoes,5531,Producer Price (SLC/tonne),2003,2003,7021,Annual value,SLC,76814.200000,A
BFA,2004-01-01,2004-12-31,233,'854,Burkina Faso,388,'01234,Tomatoes,5531,Producer Price (SLC/tonne),2004,2004,7021,Annual value,SLC,116113.200000,A
BFA,2006-01-01,2006-12-31,233,'854,Burkina Faso,388,'01234,Tomatoes,5531,Producer Price (SLC/tonne),2006,2006,7021,Annual value,SLC,96620.300000,A
BFA,2007-01-01,2007-12-31,233,'854,Burkina Faso,388,'01234,Tomatoes,5531,Producer Price (SLC/tonne),2007,2007,7021,Annual value,SLC,79840.000000,A
BFA,1998-01-01,1998-12-31,233,'854,Burkina Faso,388,'01234,Tomatoes,5532,Producer Price (USD/tonne),1998,1998,7021,Annual value,USD,136.800000,A
BFA,1999-01-01,1999-12-31,233,'854,Burkina Faso,388,'01234,Tomatoes,5532,Producer Price (USD/tonne),1999,1999,7021,Annual value,USD,137.400000,A
BFA,2000-01-01,2000-12-31,233,'854,Burkina Faso,388,'01234,Tomatoes,5532,Producer Price (USD/tonne),2000,2000,7021,Annual value,USD,148.100000,A
BFA,2001-01-01,2001-12-31,233,'854,Burkina Faso,388,'01234,Tomatoes,5532,Producer Price (USD/tonne),2001,2001,7021,Annual value,USD,143.800000,A
BFA,2002-01-01,2002-12-31,233,'854,Burkina Faso,388,'01234,Tomatoes,5532,Producer Price (USD/tonne),2002,2002,7021,Annual value,USD,144.500000,A
BFA,2003-01-01,2003-12-31,233,'854,Burkina Faso,388,'01234,Tomatoes,5532,Producer Price (USD/tonne),2003,2003,7021,Annual value,USD,132.200000,A
BFA,2004-01-01,2004-12-31,233,'854,Burkina Faso,388,'01234,Tomatoes,5532,Producer Price (USD/tonne),2004,2004,7021,Annual value,USD,219.800000,A
BFA,2006-01-01,2006-12-31,233,'854,Burkina Faso,388,'01234,Tomatoes,5532,Producer Price (USD/tonne),2006,2006,7021,Annual value,USD,184.800000,A
BFA,2007-01-01,2007-12-31,233,'854,Burkina Faso,388,'01234,Tomatoes,5532,Producer Price (USD/tonne),2007,2007,7021,Annual value,USD,166.600000,A
BFA,1991-01-01,1991-12-31,233,'854,Burkina Faso,388,'01234,Tomatoes,5539,Producer Price Index (2014-2016 = 100),1991,1991,7021,Annual value,,161.740000,E
BFA,1992-01-01,1992-12-31,233,'854,Burkina Faso,388,'01234,Tomatoes,5539,Producer Price Index (2014-2016 = 100),1992,1992,7021,Annual value,,161.740000,E
BFA,1993-01-01,1993-12-31,233,'854,Burkina Faso,388,'01234,Tomatoes,5539,Producer Price Index (2014-2016 = 100),1993,1993,7021,Annual value,,161.740000,E
BFA,1994-01-01,1994-12-31,233,'854,Burkina Faso,388,'01234,Tomatoes,5539,Producer Price Index (2014-2016 = 100),1994,1994,7021,Annual value,,161.740000,E
BFA,1995-01-01,1995-12-31,233,'854,Burkina Faso,388,'01234,Tomatoes,5539,Producer Price Index (2014-2016 = 100),1995,1995,7021,Annual value,,161.740000,E
BFA,1996-01-01,1996-12-31,233,'854,Burkina Faso,388,'01234,Tomatoes,5539,Producer Price Index (2014-2016 = 100),1996,1996,7021,Annual value,,161.740000,E
BFA,1997-01-01,1997-12-31,233,'854,Burkina Faso,388,'01234,Tomatoes,5539,Producer Price Index (2014-2016 = 100),1997,1997,7021,Annual value,,161.740000,E
BFA,1998-01-01,1998-12-31,233,'854,Burkina Faso,388,'01234,Tomatoes,5539,Producer Price Index (2014-2016 = 100),1998,1998,7021,Annual value,,87.040000,E
BFA,1999-01-01,1999-12-31,233,'854,Burkina Faso,388,'01234,Tomatoes,5539,Producer Price Index (2014-2016 = 100),1999,1999,7021,Annual value,,91.240000,E
BFA,2000-01-01,2000-12-31,233,'854,Burkina Faso,388,'01234,Tomatoes,5539,Producer Price Index (2014-2016 = 100),2000,2000,7021,Annual value,,113.700000,E
BFA,2001-01-01,2001-12-31,233,'854,Burkina Faso,388,'01234,Tomatoes,5539,Producer Price Index (2014-2016 = 100),2001,2001,7021,Annual value,,113.700000,E
BFA,2002-01-01,2002-12-31,233,'854,Burkina Faso,388,'01234,Tomatoes,5539,Producer Price Index (2014-2016 = 100),2002,2002,7021,Annual value,,108.560000,E
BFA,2003-01-01,2003-12-31,233,'854,Burkina Faso,388,'01234,Tomatoes,5539,Producer Price Index (2014-2016 = 100),2003,2003,7021,Annual value,,82.830000,E
BFA,2004-01-01,2004-12-31,233,'854,Burkina Faso,388,'01234,Tomatoes,5539,Producer Price Index (2014-2016 = 100),2004,2004,7021,Annual value,,125.200000,E
BFA,2005-01-01,2005-12-31,233,'854,Burkina Faso,388,'01234,Tomatoes,5539,Producer Price Index (2014-2016 = 100),2005,2005,7021,Annual value,,114.690000,E
BFA,2006-01-01,2006-12-31,233,'854,Burkina Faso,388,'01234,Tomatoes,5539,Producer Price Index (2014-2016 = 100),2006,2006,7021,Annual value,,104.180000,E
BFA,2007-01-01,2007-12-31,233,'854,Burkina Faso,388,'01234,Tomatoes,5539,Producer Price Index (2014-2016 = 100),2007,2007,7021,Annual value,,86.090000,E
BFA,2008-01-01,2008-12-31,233,'854,Burkina Faso,388,'01234,Tomatoes,5539,Producer Price Index (2014-2016 = 100),2008,2008,7021,Annual value,,88.070000,E
BFA,2009-01-01,2009-12-31,233,'854,Burkina Faso,388,'01234,Tomatoes,5539,Producer Price Index (2014-2016 = 100),2009,2009,7021,Annual value,,82.950000,E
BFA,2010-01-01,2010-12-31,233,'854,Burkina Faso,388,'01234,Tomatoes,5539,Producer Price Index (2014-2016 = 100),2010,2010,7021,Annual value,,78.670000,E
BFA,2011-01-01,2011-12-31,233,'854,Burkina Faso,388,'01234,Tomatoes,5539,Producer Price Index (2014-2016 = 100),2011,2011,7021,Annual value,,75.090000,E
BFA,2012-01-01,2012-12-31,233,'854,Burkina Faso,388,'01234,Tomatoes,5539,Producer Price Index (2014-2016 = 100),2012,2012,7021,Annual value,,72.070000,E
BFA,2013-01-01,2013-12-31,233,'854,Burkina Faso,388,'01234,Tomatoes,5539,Producer Price Index (2014-2016 = 100),2013,2013,7021,Annual value,,96.130000,E
BFA,2014-01-01,2014-12-31,233,'854,Burkina Faso,388,'01234,Tomatoes,5539,Producer Price Index (2014-2016 = 100),2014,2014,7021,Annual value,,98.000000,E
BFA,2015-01-01,2015-12-31,233,'854,Burkina Faso,388,'01234,Tomatoes,5539,Producer Price Index (2014-2016 = 100),2015,2015,7021,Annual value,,99.840000,E
BFA,2016-01-01,2016-12-31,233,'854,Burkina Faso,388,'01234,Tomatoes,5539,Producer Price Index (2014-2016 = 100),2016,2016,7021,Annual value,,102.160000,E
BFA,2017-01-01,2017-12-31,233,'854,Burkina Faso,388,'01234,Tomatoes,5539,Producer Price Index (2014-2016 = 100),2017,2017,7021,Annual value,,104.350000,E
BFA,2018-01-01,2018-12-31,233,'854,Burkina Faso,388,'01234,Tomatoes,5539,Producer Price Index (2014-2016 = 100),2018,2018,7021,Annual value,,106.300000,E
BFA,2019-01-01,2019-12-31,233,'854,Burkina Faso,388,'01234,Tomatoes,5539,Producer Price Index (2014-2016 = 100),2019,2019,7021,Annual value,,107.870000,E
BFA,2020-01-01,2020-12-31,233,'854,Burkina Faso,388,'01234,Tomatoes,5539,Producer Price Index (2014-2016 = 100),2020,2020,7021,Annual value,,109.910000,E
BFA,2021-01-01,2021-12-31,233,'854,Burkina Faso,388,'01234,Tomatoes,5539,Producer Price Index (2014-2016 = 100),2021,2021,7021,Annual value,,109.570000,E
BFA,2022-01-01,2022-12-31,233,'854,Burkina Faso,388,'01234,Tomatoes,5539,Producer Price Index (2014-2016 = 100),2022,2022,7021,Annual value,,119.320000,E
BFA,2023-01-01,2023-12-31,233,'854,Burkina Faso,388,'01234,Tomatoes,5539,Producer Price Index (2014-2016 = 100),2023,2023,7021,Annual value,,111.160000,E
BFA,2024-01-01,2024-12-31,233,'854,Burkina Faso,388,'01234,Tomatoes,5539,Producer Price Index (2014-2016 = 100),2024,2024,7021,Annual value,,118.650000,E
BFA,2025-01-01,2025-12-31,233,'854,Burkina Faso,388,'01234,Tomatoes,5539,Producer Price Index (2014-2016 = 100),2025,2025,7021,Annual value,,118.200000,E
BFA,2017-01-01,2017-01-31,233,'854,Burkina Faso,97,'01191,Triticale,5530,Producer Price (LCU/tonne),2017,2017,7001,January,LCU,741.000000,A
BFA,2017-02-01,2017-02-28,233,'854,Burkina Faso,97,'01191,Triticale,5530,Producer Price (LCU/tonne),2017,2017,7002,February,LCU,746.000000,A
BFA,2017-03-01,2017-03-31,233,'854,Burkina Faso,97,'01191,Triticale,5530,Producer Price (LCU/tonne),2017,2017,7003,March,LCU,765.000000,A
BFA,2017-04-01,2017-04-30,233,'854,Burkina Faso,97,'01191,Triticale,5530,Producer Price (LCU/tonne),2017,2017,7004,April,LCU,771.000000,A
BFA,2017-05-01,2017-05-31,233,'854,Burkina Faso,97,'01191,Triticale,5530,Producer Price (LCU/tonne),2017,2017,7005,May,LCU,779.000000,A
BFA,2017-06-01,2017-06-30,233,'854,Burkina Faso,97,'01191,Triticale,5530,Producer Price (LCU/tonne),2017,2017,7006,June,LCU,764.000000,A
BFA,2017-07-01,2017-07-31,233,'854,Burkina Faso,97,'01191,Triticale,5530,Producer Price (LCU/tonne),2017,2017,7007,July,LCU,775.000000,A
BFA,2017-08-01,2017-08-31,233,'854,Burkina Faso,97,'01191,Triticale,5530,Producer Price (LCU/tonne),2017,2017,7008,August,LCU,764.000000,A
BFA,2017-09-01,2017-09-30,233,'854,Burkina Faso,97,'01191,Triticale,5530,Producer Price (LCU/tonne),2017,2017,7009,September,LCU,773.000000,A
BFA,2017-10-01,2017-10-31,233,'854,Burkina Faso,97,'01191,Triticale,5530,Producer Price (LCU/tonne),2017,2017,7010,October,LCU,777.000000,A
BFA,2017-11-01,2017-11-30,233,'854,Burkina Faso,97,'01191,Triticale,5530,Producer Price (LCU/tonne),2017,2017,7011,November,LCU,797.000000,A
BFA,2017-12-01,2017-12-31,233,'854,Burkina Faso,97,'01191,Triticale,5530,Producer Price (LCU/tonne),2017,2017,7012,December,LCU,813.000000,A
BFA,1998-01-01,1998-12-31,233,'854,Burkina Faso,826,'01970,Unmanufactured tobacco,5530,Producer Price (LCU/tonne),1998,1998,7021,Annual value,LCU,305940.000000,A
BFA,1999-01-01,1999-12-31,233,'854,Burkina Faso,826,'01970,Unmanufactured tobacco,5530,Producer Price (LCU/tonne),1999,1999,7021,Annual value,LCU,325350.000000,A
BFA,2001-01-01,2001-12-31,233,'854,Burkina Faso,826,'01970,Unmanufactured tobacco,5530,Producer Price (LCU/tonne),2001,2001,7021,Annual value,LCU,516358.600000,A
BFA,2002-01-01,2002-12-31,233,'854,Burkina Faso,826,'01970,Unmanufactured tobacco,5530,Producer Price (LCU/tonne),2002,2002,7021,Annual value,LCU,510421.000000,A
BFA,2003-01-01,2003-12-31,233,'854,Burkina Faso,826,'01970,Unmanufactured tobacco,5530,Producer Price (LCU/tonne),2003,2003,7021,Annual value,LCU,425690.600000,A
BFA,2005-01-01,2005-12-31,233,'854,Burkina Faso,826,'01970,Unmanufactured tobacco,5530,Producer Price (LCU/tonne),2005,2005,7021,Annual value,LCU,188896.300000,A
BFA,2006-01-01,2006-12-31,233,'854,Burkina Faso,826,'01970,Unmanufactured tobacco,5530,Producer Price (LCU/tonne),2006,2006,7021,Annual value,LCU,258229.600000,A
BFA,1998-01-01,1998-12-31,233,'854,Burkina Faso,826,'01970,Unmanufactured tobacco,5531,Producer Price (SLC/tonne),1998,1998,7021,Annual value,SLC,305940.000000,A
BFA,1999-01-01,1999-12-31,233,'854,Burkina Faso,826,'01970,Unmanufactured tobacco,5531,Producer Price (SLC/tonne),1999,1999,7021,Annual value,SLC,325350.000000,A
BFA,2001-01-01,2001-12-31,233,'854,Burkina Faso,826,'01970,Unmanufactured tobacco,5531,Producer Price (SLC/tonne),2001,2001,7021,Annual value,SLC,516358.600000,A
BFA,2002-01-01,2002-12-31,233,'854,Burkina Faso,826,'01970,Unmanufactured tobacco,5531,Producer Price (SLC/tonne),2002,2002,7021,Annual value,SLC,510421.000000,A
BFA,2003-01-01,2003-12-31,233,'854,Burkina Faso,826,'01970,Unmanufactured tobacco,5531,Producer Price (SLC/tonne),2003,2003,7021,Annual value,SLC,425690.600000,A
BFA,2005-01-01,2005-12-31,233,'854,Burkina Faso,826,'01970,Unmanufactured tobacco,5531,Producer Price (SLC/tonne),2005,2005,7021,Annual value,SLC,188896.300000,A
BFA,2006-01-01,2006-12-31,233,'854,Burkina Faso,826,'01970,Unmanufactured tobacco,5531,Producer Price (SLC/tonne),2006,2006,7021,Annual value,SLC,258229.600000,A
BFA,1998-01-01,1998-12-31,233,'854,Burkina Faso,826,'01970,Unmanufactured tobacco,5532,Producer Price (USD/tonne),1998,1998,7021,Annual value,USD,518.600000,A
BFA,1999-01-01,1999-12-31,233,'854,Burkina Faso,826,'01970,Unmanufactured tobacco,5532,Producer Price (USD/tonne),1999,1999,7021,Annual value,USD,528.400000,A
BFA,2001-01-01,2001-12-31,233,'854,Burkina Faso,826,'01970,Unmanufactured tobacco,5532,Producer Price (USD/tonne),2001,2001,7021,Annual value,USD,704.400000,A
BFA,2002-01-01,2002-12-31,233,'854,Burkina Faso,826,'01970,Unmanufactured tobacco,5532,Producer Price (USD/tonne),2002,2002,7021,Annual value,USD,732.300000,A
BFA,2003-01-01,2003-12-31,233,'854,Burkina Faso,826,'01970,Unmanufactured tobacco,5532,Producer Price (USD/tonne),2003,2003,7021,Annual value,USD,732.400000,A
BFA,2005-01-01,2005-12-31,233,'854,Burkina Faso,826,'01970,Unmanufactured tobacco,5532,Producer Price (USD/tonne),2005,2005,7021,Annual value,USD,358.100000,A
BFA,2006-01-01,2006-12-31,233,'854,Burkina Faso,826,'01970,Unmanufactured tobacco,5532,Producer Price (USD/tonne),2006,2006,7021,Annual value,USD,493.900000,A
BFA,1991-01-01,1991-12-31,233,'854,Burkina Faso,826,'01970,Unmanufactured tobacco,5539,Producer Price Index (2014-2016 = 100),1991,1991,7021,Annual value,,98.340000,E
BFA,1992-01-01,1992-12-31,233,'854,Burkina Faso,826,'01970,Unmanufactured tobacco,5539,Producer Price Index (2014-2016 = 100),1992,1992,7021,Annual value,,98.340000,E
BFA,1993-01-01,1993-12-31,233,'854,Burkina Faso,826,'01970,Unmanufactured tobacco,5539,Producer Price Index (2014-2016 = 100),1993,1993,7021,Annual value,,98.340000,E
BFA,1994-01-01,1994-12-31,233,'854,Burkina Faso,826,'01970,Unmanufactured tobacco,5539,Producer Price Index (2014-2016 = 100),1994,1994,7021,Annual value,,98.340000,E
BFA,1995-01-01,1995-12-31,233,'854,Burkina Faso,826,'01970,Unmanufactured tobacco,5539,Producer Price Index (2014-2016 = 100),1995,1995,7021,Annual value,,98.340000,E
BFA,1996-01-01,1996-12-31,233,'854,Burkina Faso,826,'01970,Unmanufactured tobacco,5539,Producer Price Index (2014-2016 = 100),1996,1996,7021,Annual value,,98.340000,E
BFA,1997-01-01,1997-12-31,233,'854,Burkina Faso,826,'01970,Unmanufactured tobacco,5539,Producer Price Index (2014-2016 = 100),1997,1997,7021,Annual value,,98.340000,E
BFA,1998-01-01,1998-12-31,233,'854,Burkina Faso,826,'01970,Unmanufactured tobacco,5539,Producer Price Index (2014-2016 = 100),1998,1998,7021,Annual value,,55.920000,E
BFA,1999-01-01,1999-12-31,233,'854,Burkina Faso,826,'01970,Unmanufactured tobacco,5539,Producer Price Index (2014-2016 = 100),1999,1999,7021,Annual value,,59.470000,E
BFA,2000-01-01,2000-12-31,233,'854,Burkina Faso,826,'01970,Unmanufactured tobacco,5539,Producer Price Index (2014-2016 = 100),2000,2000,7021,Annual value,,114.740000,E
BFA,2001-01-01,2001-12-31,233,'854,Burkina Faso,826,'01970,Unmanufactured tobacco,5539,Producer Price Index (2014-2016 = 100),2001,2001,7021,Annual value,,94.390000,E
BFA,2002-01-01,2002-12-31,233,'854,Burkina Faso,826,'01970,Unmanufactured tobacco,5539,Producer Price Index (2014-2016 = 100),2002,2002,7021,Annual value,,93.300000,E
BFA,2003-01-01,2003-12-31,233,'854,Burkina Faso,826,'01970,Unmanufactured tobacco,5539,Producer Price Index (2014-2016 = 100),2003,2003,7021,Annual value,,77.810000,E
BFA,2004-01-01,2004-12-31,233,'854,Burkina Faso,826,'01970,Unmanufactured tobacco,5539,Producer Price Index (2014-2016 = 100),2004,2004,7021,Annual value,,56.170000,E
BFA,2005-01-01,2005-12-31,233,'854,Burkina Faso,826,'01970,Unmanufactured tobacco,5539,Producer Price Index (2014-2016 = 100),2005,2005,7021,Annual value,,34.530000,E
BFA,2006-01-01,2006-12-31,233,'854,Burkina Faso,826,'01970,Unmanufactured tobacco,5539,Producer Price Index (2014-2016 = 100),2006,2006,7021,Annual value,,47.200000,E
BFA,2007-01-01,2007-12-31,233,'854,Burkina Faso,826,'01970,Unmanufactured tobacco,5539,Producer Price Index (2014-2016 = 100),2007,2007,7021,Annual value,,51.760000,E
BFA,2008-01-01,2008-12-31,233,'854,Burkina Faso,826,'01970,Unmanufactured tobacco,5539,Producer Price Index (2014-2016 = 100),2008,2008,7021,Annual value,,60.130000,E
BFA,2009-01-01,2009-12-31,233,'854,Burkina Faso,826,'01970,Unmanufactured tobacco,5539,Producer Price Index (2014-2016 = 100),2009,2009,7021,Annual value,,64.080000,E
BFA,2010-01-01,2010-12-31,233,'854,Burkina Faso,826,'01970,Unmanufactured tobacco,5539,Producer Price Index (2014-2016 = 100),2010,2010,7021,Annual value,,68.650000,E
BFA,2011-01-01,2011-12-31,233,'854,Burkina Faso,826,'01970,Unmanufactured tobacco,5539,Producer Price Index (2014-2016 = 100),2011,2011,7021,Annual value,,73.600000,E
BFA,2012-01-01,2012-12-31,233,'854,Burkina Faso,826,'01970,Unmanufactured tobacco,5539,Producer Price Index (2014-2016 = 100),2012,2012,7021,Annual value,,78.670000,E
BFA,2013-01-01,2013-12-31,233,'854,Burkina Faso,826,'01970,Unmanufactured tobacco,5539,Producer Price Index (2014-2016 = 100),2013,2013,7021,Annual value,,78.650000,E
BFA,2014-01-01,2014-12-31,233,'854,Burkina Faso,826,'01970,Unmanufactured tobacco,5539,Producer Price Index (2014-2016 = 100),2014,2014,7021,Annual value,,82.110000,E
BFA,2015-01-01,2015-12-31,233,'854,Burkina Faso,826,'01970,Unmanufactured tobacco,5539,Producer Price Index (2014-2016 = 100),2015,2015,7021,Annual value,,110.460000,E
BFA,2016-01-01,2016-12-31,233,'854,Burkina Faso,826,'01970,Unmanufactured tobacco,5539,Producer Price Index (2014-2016 = 100),2016,2016,7021,Annual value,,107.430000,E
BFA,2017-01-01,2017-12-31,233,'854,Burkina Faso,826,'01970,Unmanufactured tobacco,5539,Producer Price Index (2014-2016 = 100),2017,2017,7021,Annual value,,103.250000,E
BFA,2018-01-01,2018-12-31,233,'854,Burkina Faso,826,'01970,Unmanufactured tobacco,5539,Producer Price Index (2014-2016 = 100),2018,2018,7021,Annual value,,97.690000,E
BFA,2019-01-01,2019-12-31,233,'854,Burkina Faso,826,'01970,Unmanufactured tobacco,5539,Producer Price Index (2014-2016 = 100),2019,2019,7021,Annual value,,90.530000,E
BFA,2020-01-01,2020-12-31,233,'854,Burkina Faso,826,'01970,Unmanufactured tobacco,5539,Producer Price Index (2014-2016 = 100),2020,2020,7021,Annual value,,89.390000,E
BFA,2021-01-01,2021-12-31,233,'854,Burkina Faso,826,'01970,Unmanufactured tobacco,5539,Producer Price Index (2014-2016 = 100),2021,2021,7021,Annual value,,63.870000,E
BFA,2022-01-01,2022-12-31,233,'854,Burkina Faso,826,'01970,Unmanufactured tobacco,5539,Producer Price Index (2014-2016 = 100),2022,2022,7021,Annual value,,62.520000,E
BFA,2023-01-01,2023-12-31,233,'854,Burkina Faso,826,'01970,Unmanufactured tobacco,5539,Producer Price Index (2014-2016 = 100),2023,2023,7021,Annual value,,62.900000,E
BFA,2024-01-01,2024-12-31,233,'854,Burkina Faso,826,'01970,Unmanufactured tobacco,5539,Producer Price Index (2014-2016 = 100),2024,2024,7021,Annual value,,79.350000,E
BFA,2025-01-01,2025-12-31,233,'854,Burkina Faso,826,'01970,Unmanufactured tobacco,5539,Producer Price Index (2014-2016 = 100),2025,2025,7021,Annual value,,94.610000,E
BFA,2017-01-01,2017-01-31,233,'854,Burkina Faso,205,'01709.01,Vetches,5530,Producer Price (LCU/tonne),2017,2017,7001,January,LCU,1562.000000,A
BFA,2017-02-01,2017-02-28,233,'854,Burkina Faso,205,'01709.01,Vetches,5530,Producer Price (LCU/tonne),2017,2017,7002,February,LCU,1587.000000,A
BFA,2017-03-01,2017-03-31,233,'854,Burkina Faso,205,'01709.01,Vetches,5530,Producer Price (LCU/tonne),2017,2017,7003,March,LCU,1600.000000,A
BFA,2017-04-01,2017-04-30,233,'854,Burkina Faso,205,'01709.01,Vetches,5530,Producer Price (LCU/tonne),2017,2017,7004,April,LCU,1599.000000,A
BFA,2017-05-01,2017-05-31,233,'854,Burkina Faso,205,'01709.01,Vetches,5530,Producer Price (LCU/tonne),2017,2017,7005,May,LCU,1608.000000,A
BFA,2017-06-01,2017-06-30,233,'854,Burkina Faso,205,'01709.01,Vetches,5530,Producer Price (LCU/tonne),2017,2017,7006,June,LCU,1594.000000,A
BFA,2017-07-01,2017-07-31,233,'854,Burkina Faso,205,'01709.01,Vetches,5530,Producer Price (LCU/tonne),2017,2017,7007,July,LCU,1583.000000,A
BFA,2017-08-01,2017-08-31,233,'854,Burkina Faso,205,'01709.01,Vetches,5530,Producer Price (LCU/tonne),2017,2017,7008,August,LCU,1606.000000,A
BFA,2017-09-01,2017-09-30,233,'854,Burkina Faso,205,'01709.01,Vetches,5530,Producer Price (LCU/tonne),2017,2017,7009,September,LCU,1694.000000,A
BFA,2017-10-01,2017-10-31,233,'854,Burkina Faso,205,'01709.01,Vetches,5530,Producer Price (LCU/tonne),2017,2017,7010,October,LCU,1783.000000,A
BFA,2017-11-01,2017-11-30,233,'854,Burkina Faso,205,'01709.01,Vetches,5530,Producer Price (LCU/tonne),2017,2017,7011,November,LCU,1818.000000,A
BFA,2017-12-01,2017-12-31,233,'854,Burkina Faso,205,'01709.01,Vetches,5530,Producer Price (LCU/tonne),2017,2017,7012,December,LCU,1808.000000,A
BFA,2017-01-01,2017-01-31,233,'854,Burkina Faso,222,'01376,"Walnuts, in shell",5530,Producer Price (LCU/tonne),2017,2017,7001,January,LCU,15594.000000,A
BFA,2017-02-01,2017-02-28,233,'854,Burkina Faso,222,'01376,"Walnuts, in shell",5530,Producer Price (LCU/tonne),2017,2017,7002,February,LCU,15642.000000,A
BFA,2017-03-01,2017-03-31,233,'854,Burkina Faso,222,'01376,"Walnuts, in shell",5530,Producer Price (LCU/tonne),2017,2017,7003,March,LCU,15699.000000,A
BFA,2017-04-01,2017-04-30,233,'854,Burkina Faso,222,'01376,"Walnuts, in shell",5530,Producer Price (LCU/tonne),2017,2017,7004,April,LCU,15670.000000,A
BFA,2017-05-01,2017-05-31,233,'854,Burkina Faso,222,'01376,"Walnuts, in shell",5530,Producer Price (LCU/tonne),2017,2017,7005,May,LCU,15652.000000,A
BFA,2017-06-01,2017-06-30,233,'854,Burkina Faso,222,'01376,"Walnuts, in shell",5530,Producer Price (LCU/tonne),2017,2017,7006,June,LCU,15654.000000,A
BFA,2017-07-01,2017-07-31,233,'854,Burkina Faso,222,'01376,"Walnuts, in shell",5530,Producer Price (LCU/tonne),2017,2017,7007,July,LCU,15694.000000,A
BFA,2017-08-01,2017-08-31,233,'854,Burkina Faso,222,'01376,"Walnuts, in shell",5530,Producer Price (LCU/tonne),2017,2017,7008,August,LCU,15715.000000,A
BFA,2017-09-01,2017-09-30,233,'854,Burkina Faso,222,'01376,"Walnuts, in shell",5530,Producer Price (LCU/tonne),2017,2017,7009,September,LCU,15862.000000,A
BFA,2017-10-01,2017-10-31,233,'854,Burkina Faso,222,'01376,"Walnuts, in shell",5530,Producer Price (LCU/tonne),2017,2017,7010,October,LCU,16449.000000,A
BFA,2017-11-01,2017-11-30,233,'854,Burkina Faso,222,'01376,"Walnuts, in shell",5530,Producer Price (LCU/tonne),2017,2017,7011,November,LCU,16810.000000,A
BFA,2017-12-01,2017-12-31,233,'854,Burkina Faso,222,'01376,"Walnuts, in shell",5530,Producer Price (LCU/tonne),2017,2017,7012,December,LCU,16957.000000,A
BFA,2017-05-01,2017-05-31,233,'854,Burkina Faso,567,'01221,Watermelons,5530,Producer Price (LCU/tonne),2017,2017,7005,May,LCU,543.000000,A
BFA,2017-06-01,2017-06-30,233,'854,Burkina Faso,567,'01221,Watermelons,5530,Producer Price (LCU/tonne),2017,2017,7006,June,LCU,530.000000,A
BFA,2017-07-01,2017-07-31,233,'854,Burkina Faso,567,'01221,Watermelons,5530,Producer Price (LCU/tonne),2017,2017,7007,July,LCU,505.000000,A
BFA,2017-08-01,2017-08-31,233,'854,Burkina Faso,567,'01221,Watermelons,5530,Producer Price (LCU/tonne),2017,2017,7008,August,LCU,483.000000,A
BFA,2017-09-01,2017-09-30,233,'854,Burkina Faso,567,'01221,Watermelons,5530,Producer Price (LCU/tonne),2017,2017,7009,September,LCU,486.000000,A
BFA,2017-10-01,2017-10-31,233,'854,Burkina Faso,567,'01221,Watermelons,5530,Producer Price (LCU/tonne),2017,2017,7010,October,LCU,481.000000,A
BFA,2017-11-01,2017-11-30,233,'854,Burkina Faso,567,'01221,Watermelons,5530,Producer Price (LCU/tonne),2017,2017,7011,November,LCU,466.000000,A
BFA,2017-01-01,2017-01-31,233,'854,Burkina Faso,15,'0111,Wheat,5530,Producer Price (LCU/tonne),2017,2017,7001,January,LCU,846.000000,A
BFA,2017-02-01,2017-02-28,233,'854,Burkina Faso,15,'0111,Wheat,5530,Producer Price (LCU/tonne),2017,2017,7002,February,LCU,866.000000,A
BFA,2017-03-01,2017-03-31,233,'854,Burkina Faso,15,'0111,Wheat,5530,Producer Price (LCU/tonne),2017,2017,7003,March,LCU,867.000000,A
BFA,2017-04-01,2017-04-30,233,'854,Burkina Faso,15,'0111,Wheat,5530,Producer Price (LCU/tonne),2017,2017,7004,April,LCU,881.000000,A
BFA,2017-05-01,2017-05-31,233,'854,Burkina Faso,15,'0111,Wheat,5530,Producer Price (LCU/tonne),2017,2017,7005,May,LCU,877.000000,A
BFA,2017-06-01,2017-06-30,233,'854,Burkina Faso,15,'0111,Wheat,5530,Producer Price (LCU/tonne),2017,2017,7006,June,LCU,892.000000,A
BFA,2017-07-01,2017-07-31,233,'854,Burkina Faso,15,'0111,Wheat,5530,Producer Price (LCU/tonne),2017,2017,7007,July,LCU,903.000000,A
BFA,2017-08-01,2017-08-31,233,'854,Burkina Faso,15,'0111,Wheat,5530,Producer Price (LCU/tonne),2017,2017,7008,August,LCU,905.000000,A
BFA,2017-09-01,2017-09-30,233,'854,Burkina Faso,15,'0111,Wheat,5530,Producer Price (LCU/tonne),2017,2017,7009,September,LCU,894.000000,A
BFA,2017-10-01,2017-10-31,233,'854,Burkina Faso,15,'0111,Wheat,5530,Producer Price (LCU/tonne),2017,2017,7010,October,LCU,887.000000,A
BFA,2017-11-01,2017-11-30,233,'854,Burkina Faso,15,'0111,Wheat,5530,Producer Price (LCU/tonne),2017,2017,7011,November,LCU,890.000000,A
BFA,2017-12-01,2017-12-31,233,'854,Burkina Faso,15,'0111,Wheat,5530,Producer Price (LCU/tonne),2017,2017,7012,December,LCU,893.000000,A
BFA,1997-01-01,1997-12-31,233,'854,Burkina Faso,137,'01540,Yams,5530,Producer Price (LCU/tonne),1997,1997,7021,Annual value,LCU,71871.700000,A
BFA,1998-01-01,1998-12-31,233,'854,Burkina Faso,137,'01540,Yams,5530,Producer Price (LCU/tonne),1998,1998,7021,Annual value,LCU,87914.400000,A
BFA,1999-01-01,1999-12-31,233,'854,Burkina Faso,137,'01540,Yams,5530,Producer Price (LCU/tonne),1999,1999,7021,Annual value,LCU,73796.800000,A
BFA,2000-01-01,2000-12-31,233,'854,Burkina Faso,137,'01540,Yams,5530,Producer Price (LCU/tonne),2000,2000,7021,Annual value,LCU,65559.100000,A
BFA,2001-01-01,2001-12-31,233,'854,Burkina Faso,137,'01540,Yams,5530,Producer Price (LCU/tonne),2001,2001,7021,Annual value,LCU,115000.000000,A
BFA,2002-01-01,2002-12-31,233,'854,Burkina Faso,137,'01540,Yams,5530,Producer Price (LCU/tonne),2002,2002,7021,Annual value,LCU,115920.000000,A
BFA,2003-01-01,2003-12-31,233,'854,Burkina Faso,137,'01540,Yams,5530,Producer Price (LCU/tonne),2003,2003,7021,Annual value,LCU,71891.200000,A
BFA,2004-01-01,2004-12-31,233,'854,Burkina Faso,137,'01540,Yams,5530,Producer Price (LCU/tonne),2004,2004,7021,Annual value,LCU,74048.000000,A
BFA,2005-01-01,2005-12-31,233,'854,Burkina Faso,137,'01540,Yams,5530,Producer Price (LCU/tonne),2005,2005,7021,Annual value,LCU,76269.400000,A
BFA,2006-01-01,2006-12-31,233,'854,Burkina Faso,137,'01540,Yams,5530,Producer Price (LCU/tonne),2006,2006,7021,Annual value,LCU,78557.500000,A
BFA,2007-01-01,2007-12-31,233,'854,Burkina Faso,137,'01540,Yams,5530,Producer Price (LCU/tonne),2007,2007,7021,Annual value,LCU,120937.200000,A
BFA,1997-01-01,1997-12-31,233,'854,Burkina Faso,137,'01540,Yams,5531,Producer Price (SLC/tonne),1997,1997,7021,Annual value,SLC,71871.700000,A
BFA,1998-01-01,1998-12-31,233,'854,Burkina Faso,137,'01540,Yams,5531,Producer Price (SLC/tonne),1998,1998,7021,Annual value,SLC,87914.400000,A
BFA,1999-01-01,1999-12-31,233,'854,Burkina Faso,137,'01540,Yams,5531,Producer Price (SLC/tonne),1999,1999,7021,Annual value,SLC,73796.800000,A
BFA,2000-01-01,2000-12-31,233,'854,Burkina Faso,137,'01540,Yams,5531,Producer Price (SLC/tonne),2000,2000,7021,Annual value,SLC,65559.100000,A
BFA,2001-01-01,2001-12-31,233,'854,Burkina Faso,137,'01540,Yams,5531,Producer Price (SLC/tonne),2001,2001,7021,Annual value,SLC,115000.000000,A
BFA,2002-01-01,2002-12-31,233,'854,Burkina Faso,137,'01540,Yams,5531,Producer Price (SLC/tonne),2002,2002,7021,Annual value,SLC,115920.000000,A
BFA,2003-01-01,2003-12-31,233,'854,Burkina Faso,137,'01540,Yams,5531,Producer Price (SLC/tonne),2003,2003,7021,Annual value,SLC,71891.200000,A
BFA,2004-01-01,2004-12-31,233,'854,Burkina Faso,137,'01540,Yams,5531,Producer Price (SLC/tonne),2004,2004,7021,Annual value,SLC,74048.000000,A
BFA,2005-01-01,2005-12-31,233,'854,Burkina Faso,137,'01540,Yams,5531,Producer Price (SLC/tonne),2005,2005,7021,Annual value,SLC,76269.400000,A
BFA,2006-01-01,2006-12-31,233,'854,Burkina Faso,137,'01540,Yams,5531,Producer Price (SLC/tonne),2006,2006,7021,Annual value,SLC,78557.500000,A
BFA,2007-01-01,2007-12-31,233,'854,Burkina Faso,137,'01540,Yams,5531,Producer Price (SLC/tonne),2007,2007,7021,Annual value,SLC,120937.200000,A
BFA,1997-01-01,1997-12-31,233,'854,Burkina Faso,137,'01540,Yams,5532,Producer Price (USD/tonne),1997,1997,7021,Annual value,USD,123.100000,A
BFA,1998-01-01,1998-12-31,233,'854,Burkina Faso,137,'01540,Yams,5532,Producer Price (USD/tonne),1998,1998,7021,Annual value,USD,149.000000,A
BFA,1999-01-01,1999-12-31,233,'854,Burkina Faso,137,'01540,Yams,5532,Producer Price (USD/tonne),1999,1999,7021,Annual value,USD,119.900000,A
BFA,2000-01-01,2000-12-31,233,'854,Burkina Faso,137,'01540,Yams,5532,Producer Price (USD/tonne),2000,2000,7021,Annual value,USD,92.100000,A
BFA,2001-01-01,2001-12-31,233,'854,Burkina Faso,137,'01540,Yams,5532,Producer Price (USD/tonne),2001,2001,7021,Annual value,USD,156.900000,A
BFA,2002-01-01,2002-12-31,233,'854,Burkina Faso,137,'01540,Yams,5532,Producer Price (USD/tonne),2002,2002,7021,Annual value,USD,166.300000,A
BFA,2003-01-01,2003-12-31,233,'854,Burkina Faso,137,'01540,Yams,5532,Producer Price (USD/tonne),2003,2003,7021,Annual value,USD,123.700000,A
BFA,2004-01-01,2004-12-31,233,'854,Burkina Faso,137,'01540,Yams,5532,Producer Price (USD/tonne),2004,2004,7021,Annual value,USD,140.200000,A
BFA,2005-01-01,2005-12-31,233,'854,Burkina Faso,137,'01540,Yams,5532,Producer Price (USD/tonne),2005,2005,7021,Annual value,USD,144.600000,A
BFA,2006-01-01,2006-12-31,233,'854,Burkina Faso,137,'01540,Yams,5532,Producer Price (USD/tonne),2006,2006,7021,Annual value,USD,150.200000,A
BFA,2007-01-01,2007-12-31,233,'854,Burkina Faso,137,'01540,Yams,5532,Producer Price (USD/tonne),2007,2007,7021,Annual value,USD,252.300000,A
BFA,1991-01-01,1991-12-31,233,'854,Burkina Faso,137,'01540,Yams,5539,Producer Price Index (2014-2016 = 100),1991,1991,7021,Annual value,,34.680000,E
BFA,1992-01-01,1992-12-31,233,'854,Burkina Faso,137,'01540,Yams,5539,Producer Price Index (2014-2016 = 100),1992,1992,7021,Annual value,,35.400000,E
BFA,1993-01-01,1993-12-31,233,'854,Burkina Faso,137,'01540,Yams,5539,Producer Price Index (2014-2016 = 100),1993,1993,7021,Annual value,,28.860000,E
BFA,1994-01-01,1994-12-31,233,'854,Burkina Faso,137,'01540,Yams,5539,Producer Price Index (2014-2016 = 100),1994,1994,7021,Annual value,,38.570000,E
BFA,1995-01-01,1995-12-31,233,'854,Burkina Faso,137,'01540,Yams,5539,Producer Price Index (2014-2016 = 100),1995,1995,7021,Annual value,,38.570000,E
BFA,1996-01-01,1996-12-31,233,'854,Burkina Faso,137,'01540,Yams,5539,Producer Price Index (2014-2016 = 100),1996,1996,7021,Annual value,,54.060000,E
BFA,1997-01-01,1997-12-31,233,'854,Burkina Faso,137,'01540,Yams,5539,Producer Price Index (2014-2016 = 100),1997,1997,7021,Annual value,,45.030000,E
BFA,1998-01-01,1998-12-31,233,'854,Burkina Faso,137,'01540,Yams,5539,Producer Price Index (2014-2016 = 100),1998,1998,7021,Annual value,,55.080000,E
BFA,1999-01-01,1999-12-31,233,'854,Burkina Faso,137,'01540,Yams,5539,Producer Price Index (2014-2016 = 100),1999,1999,7021,Annual value,,46.240000,E
BFA,2000-01-01,2000-12-31,233,'854,Burkina Faso,137,'01540,Yams,5539,Producer Price Index (2014-2016 = 100),2000,2000,7021,Annual value,,41.080000,E
BFA,2001-01-01,2001-12-31,233,'854,Burkina Faso,137,'01540,Yams,5539,Producer Price Index (2014-2016 = 100),2001,2001,7021,Annual value,,72.050000,E
BFA,2002-01-01,2002-12-31,233,'854,Burkina Faso,137,'01540,Yams,5539,Producer Price Index (2014-2016 = 100),2002,2002,7021,Annual value,,72.630000,E
BFA,2003-01-01,2003-12-31,233,'854,Burkina Faso,137,'01540,Yams,5539,Producer Price Index (2014-2016 = 100),2003,2003,7021,Annual value,,45.040000,E
BFA,2004-01-01,2004-12-31,233,'854,Burkina Faso,137,'01540,Yams,5539,Producer Price Index (2014-2016 = 100),2004,2004,7021,Annual value,,46.390000,E
BFA,2005-01-01,2005-12-31,233,'854,Burkina Faso,137,'01540,Yams,5539,Producer Price Index (2014-2016 = 100),2005,2005,7021,Annual value,,47.790000,E
BFA,2006-01-01,2006-12-31,233,'854,Burkina Faso,137,'01540,Yams,5539,Producer Price Index (2014-2016 = 100),2006,2006,7021,Annual value,,49.220000,E
BFA,2007-01-01,2007-12-31,233,'854,Burkina Faso,137,'01540,Yams,5539,Producer Price Index (2014-2016 = 100),2007,2007,7021,Annual value,,75.770000,E
BFA,2008-01-01,2008-12-31,233,'854,Burkina Faso,137,'01540,Yams,5539,Producer Price Index (2014-2016 = 100),2008,2008,7021,Annual value,,84.430000,E
BFA,2009-01-01,2009-12-31,233,'854,Burkina Faso,137,'01540,Yams,5539,Producer Price Index (2014-2016 = 100),2009,2009,7021,Annual value,,93.130000,E
BFA,2010-01-01,2010-12-31,233,'854,Burkina Faso,137,'01540,Yams,5539,Producer Price Index (2014-2016 = 100),2010,2010,7021,Annual value,,100.560000,E
BFA,2011-01-01,2011-12-31,233,'854,Burkina Faso,137,'01540,Yams,5539,Producer Price Index (2014-2016 = 100),2011,2011,7021,Annual value,,106.960000,E
BFA,2012-01-01,2012-12-31,233,'854,Burkina Faso,137,'01540,Yams,5539,Producer Price Index (2014-2016 = 100),2012,2012,7021,Annual value,,112.470000,E
BFA,2013-01-01,2013-12-31,233,'854,Burkina Faso,137,'01540,Yams,5539,Producer Price Index (2014-2016 = 100),2013,2013,7021,Annual value,,100.340000,E
BFA,2014-01-01,2014-12-31,233,'854,Burkina Faso,137,'01540,Yams,5539,Producer Price Index (2014-2016 = 100),2014,2014,7021,Annual value,,101.610000,E
BFA,2015-01-01,2015-12-31,233,'854,Burkina Faso,137,'01540,Yams,5539,Producer Price Index (2014-2016 = 100),2015,2015,7021,Annual value,,98.950000,E
BFA,2016-01-01,2016-12-31,233,'854,Burkina Faso,137,'01540,Yams,5539,Producer Price Index (2014-2016 = 100),2016,2016,7021,Annual value,,99.440000,E
BFA,2017-01-01,2017-12-31,233,'854,Burkina Faso,137,'01540,Yams,5539,Producer Price Index (2014-2016 = 100),2017,2017,7021,Annual value,,99.650000,E
BFA,2018-01-01,2018-12-31,233,'854,Burkina Faso,137,'01540,Yams,5539,Producer Price Index (2014-2016 = 100),2018,2018,7021,Annual value,,99.730000,E
BFA,2019-01-01,2019-12-31,233,'854,Burkina Faso,137,'01540,Yams,5539,Producer Price Index (2014-2016 = 100),2019,2019,7021,Annual value,,99.860000,E
BFA,2020-01-01,2020-12-31,233,'854,Burkina Faso,137,'01540,Yams,5539,Producer Price Index (2014-2016 = 100),2020,2020,7021,Annual value,,96.630000,E
BFA,2021-01-01,2021-12-31,233,'854,Burkina Faso,137,'01540,Yams,5539,Producer Price Index (2014-2016 = 100),2021,2021,7021,Annual value,,94.730000,E
BFA,2022-01-01,2022-12-31,233,'854,Burkina Faso,137,'01540,Yams,5539,Producer Price Index (2014-2016 = 100),2022,2022,7021,Annual value,,123.270000,E
BFA,2023-01-01,2023-12-31,233,'854,Burkina Faso,137,'01540,Yams,5539,Producer Price Index (2014-2016 = 100),2023,2023,7021,Annual value,,108.810000,E
BFA,2024-01-01,2024-12-31,233,'854,Burkina Faso,137,'01540,Yams,5539,Producer Price Index (2014-2016 = 100),2024,2024,7021,Annual value,,106.230000,E
BFA,2025-01-01,2025-12-31,233,'854,Burkina Faso,137,'01540,Yams,5539,Producer Price Index (2014-2016 = 100),2025,2025,7021,Annual value,,104.560000,E
BFA,1991-01-01,1991-12-31,233,'854,Burkina Faso,2051,'F2051,Agriculture,5539,Producer Price Index (2014-2016 = 100),1991,1991,7021,Annual value,,54.110000,E
BFA,1992-01-01,1992-12-31,233,'854,Burkina Faso,2051,'F2051,Agriculture,5539,Producer Price Index (2014-2016 = 100),1992,1992,7021,Annual value,,55.710000,E
BFA,1993-01-01,1993-12-31,233,'854,Burkina Faso,2051,'F2051,Agriculture,5539,Producer Price Index (2014-2016 = 100),1993,1993,7021,Annual value,,48.470000,E
BFA,1994-01-01,1994-12-31,233,'854,Burkina Faso,2051,'F2051,Agriculture,5539,Producer Price Index (2014-2016 = 100),1994,1994,7021,Annual value,,60.700000,E
BFA,1995-01-01,1995-12-31,233,'854,Burkina Faso,2051,'F2051,Agriculture,5539,Producer Price Index (2014-2016 = 100),1995,1995,7021,Annual value,,60.700000,E
BFA,1996-01-01,1996-12-31,233,'854,Burkina Faso,2051,'F2051,Agriculture,5539,Producer Price Index (2014-2016 = 100),1996,1996,7021,Annual value,,78.270000,E
BFA,1997-01-01,1997-12-31,233,'854,Burkina Faso,2051,'F2051,Agriculture,5539,Producer Price Index (2014-2016 = 100),1997,1997,7021,Annual value,,73.010000,E
BFA,1998-01-01,1998-12-31,233,'854,Burkina Faso,2051,'F2051,Agriculture,5539,Producer Price Index (2014-2016 = 100),1998,1998,7021,Annual value,,81.020000,E
BFA,1999-01-01,1999-12-31,233,'854,Burkina Faso,2051,'F2051,Agriculture,5539,Producer Price Index (2014-2016 = 100),1999,1999,7021,Annual value,,70.990000,E
BFA,2000-01-01,2000-12-31,233,'854,Burkina Faso,2051,'F2051,Agriculture,5539,Producer Price Index (2014-2016 = 100),2000,2000,7021,Annual value,,60.510000,E
BFA,2001-01-01,2001-12-31,233,'854,Burkina Faso,2051,'F2051,Agriculture,5539,Producer Price Index (2014-2016 = 100),2001,2001,7021,Annual value,,84.390000,E
BFA,2002-01-01,2002-12-31,233,'854,Burkina Faso,2051,'F2051,Agriculture,5539,Producer Price Index (2014-2016 = 100),2002,2002,7021,Annual value,,90.480000,E
BFA,2003-01-01,2003-12-31,233,'854,Burkina Faso,2051,'F2051,Agriculture,5539,Producer Price Index (2014-2016 = 100),2003,2003,7021,Annual value,,72.470000,E
BFA,2004-01-01,2004-12-31,233,'854,Burkina Faso,2051,'F2051,Agriculture,5539,Producer Price Index (2014-2016 = 100),2004,2004,7021,Annual value,,77.300000,E
BFA,2005-01-01,2005-12-31,233,'854,Burkina Faso,2051,'F2051,Agriculture,5539,Producer Price Index (2014-2016 = 100),2005,2005,7021,Annual value,,84.420000,E
BFA,2006-01-01,2006-12-31,233,'854,Burkina Faso,2051,'F2051,Agriculture,5539,Producer Price Index (2014-2016 = 100),2006,2006,7021,Annual value,,81.000000,E
BFA,2007-01-01,2007-12-31,233,'854,Burkina Faso,2051,'F2051,Agriculture,5539,Producer Price Index (2014-2016 = 100),2007,2007,7021,Annual value,,87.830000,E
BFA,2008-01-01,2008-12-31,233,'854,Burkina Faso,2051,'F2051,Agriculture,5539,Producer Price Index (2014-2016 = 100),2008,2008,7021,Annual value,,89.530000,E
BFA,2009-01-01,2009-12-31,233,'854,Burkina Faso,2051,'F2051,Agriculture,5539,Producer Price Index (2014-2016 = 100),2009,2009,7021,Annual value,,91.690000,E
BFA,2010-01-01,2010-12-31,233,'854,Burkina Faso,2051,'F2051,Agriculture,5539,Producer Price Index (2014-2016 = 100),2010,2010,7021,Annual value,,93.800000,E
BFA,2011-01-01,2011-12-31,233,'854,Burkina Faso,2051,'F2051,Agriculture,5539,Producer Price Index (2014-2016 = 100),2011,2011,7021,Annual value,,95.920000,E
BFA,2012-01-01,2012-12-31,233,'854,Burkina Faso,2051,'F2051,Agriculture,5539,Producer Price Index (2014-2016 = 100),2012,2012,7021,Annual value,,98.090000,E
BFA,2013-01-01,2013-12-31,233,'854,Burkina Faso,2051,'F2051,Agriculture,5539,Producer Price Index (2014-2016 = 100),2013,2013,7021,Annual value,,99.670000,E
BFA,2014-01-01,2014-12-31,233,'854,Burkina Faso,2051,'F2051,Agriculture,5539,Producer Price Index (2014-2016 = 100),2014,2014,7021,Annual value,,101.920000,E
BFA,2015-01-01,2015-12-31,233,'854,Burkina Faso,2051,'F2051,Agriculture,5539,Producer Price Index (2014-2016 = 100),2015,2015,7021,Annual value,,97.900000,E
BFA,2016-01-01,2016-12-31,233,'854,Burkina Faso,2051,'F2051,Agriculture,5539,Producer Price Index (2014-2016 = 100),2016,2016,7021,Annual value,,100.180000,E
BFA,2017-01-01,2017-12-31,233,'854,Burkina Faso,2051,'F2051,Agriculture,5539,Producer Price Index (2014-2016 = 100),2017,2017,7021,Annual value,,103.350000,E
BFA,2018-01-01,2018-12-31,233,'854,Burkina Faso,2051,'F2051,Agriculture,5539,Producer Price Index (2014-2016 = 100),2018,2018,7021,Annual value,,107.940000,E
BFA,2019-01-01,2019-12-31,233,'854,Burkina Faso,2051,'F2051,Agriculture,5539,Producer Price Index (2014-2016 = 100),2019,2019,7021,Annual value,,113.140000,E
BFA,2020-01-01,2020-12-31,233,'854,Burkina Faso,2051,'F2051,Agriculture,5539,Producer Price Index (2014-2016 = 100),2020,2020,7021,Annual value,,114.800000,E
BFA,2021-01-01,2021-12-31,233,'854,Burkina Faso,2051,'F2051,Agriculture,5539,Producer Price Index (2014-2016 = 100),2021,2021,7021,Annual value,,124.180000,E
BFA,2022-01-01,2022-12-31,233,'854,Burkina Faso,2051,'F2051,Agriculture,5539,Producer Price Index (2014-2016 = 100),2022,2022,7021,Annual value,,160.210000,E
BFA,2023-01-01,2023-12-31,233,'854,Burkina Faso,2051,'F2051,Agriculture,5539,Producer Price Index (2014-2016 = 100),2023,2023,7021,Annual value,,142.760000,E
BFA,2024-01-01,2024-12-31,233,'854,Burkina Faso,2051,'F2051,Agriculture,5539,Producer Price Index (2014-2016 = 100),2024,2024,7021,Annual value,,141.410000,E
BFA,2025-01-01,2025-12-31,233,'854,Burkina Faso,2051,'F2051,Agriculture,5539,Producer Price Index (2014-2016 = 100),2025,2025,7021,Annual value,,167.330000,E
BFA,1991-01-01,1991-12-31,233,'854,Burkina Faso,1717,'F1717,"Cereals, primary",5539,Producer Price Index (2014-2016 = 100),1991,1991,7021,Annual value,,53.820000,E
BFA,1992-01-01,1992-12-31,233,'854,Burkina Faso,1717,'F1717,"Cereals, primary",5539,Producer Price Index (2014-2016 = 100),1992,1992,7021,Annual value,,56.090000,E
BFA,1993-01-01,1993-12-31,233,'854,Burkina Faso,1717,'F1717,"Cereals, primary",5539,Producer Price Index (2014-2016 = 100),1993,1993,7021,Annual value,,46.780000,E
BFA,1994-01-01,1994-12-31,233,'854,Burkina Faso,1717,'F1717,"Cereals, primary",5539,Producer Price Index (2014-2016 = 100),1994,1994,7021,Annual value,,64.720000,E
BFA,1995-01-01,1995-12-31,233,'854,Burkina Faso,1717,'F1717,"Cereals, primary",5539,Producer Price Index (2014-2016 = 100),1995,1995,7021,Annual value,,64.720000,E
BFA,1996-01-01,1996-12-31,233,'854,Burkina Faso,1717,'F1717,"Cereals, primary",5539,Producer Price Index (2014-2016 = 100),1996,1996,7021,Annual value,,87.880000,E
BFA,1997-01-01,1997-12-31,233,'854,Burkina Faso,1717,'F1717,"Cereals, primary",5539,Producer Price Index (2014-2016 = 100),1997,1997,7021,Annual value,,73.500000,E
BFA,1998-01-01,1998-12-31,233,'854,Burkina Faso,1717,'F1717,"Cereals, primary",5539,Producer Price Index (2014-2016 = 100),1998,1998,7021,Annual value,,83.360000,E
BFA,1999-01-01,1999-12-31,233,'854,Burkina Faso,1717,'F1717,"Cereals, primary",5539,Producer Price Index (2014-2016 = 100),1999,1999,7021,Annual value,,72.860000,E
BFA,2000-01-01,2000-12-31,233,'854,Burkina Faso,1717,'F1717,"Cereals, primary",5539,Producer Price Index (2014-2016 = 100),2000,2000,7021,Annual value,,54.320000,E
BFA,2001-01-01,2001-12-31,233,'854,Burkina Faso,1717,'F1717,"Cereals, primary",5539,Producer Price Index (2014-2016 = 100),2001,2001,7021,Annual value,,84.560000,E
BFA,2002-01-01,2002-12-31,233,'854,Burkina Faso,1717,'F1717,"Cereals, primary",5539,Producer Price Index (2014-2016 = 100),2002,2002,7021,Annual value,,92.500000,E
BFA,2003-01-01,2003-12-31,233,'854,Burkina Faso,1717,'F1717,"Cereals, primary",5539,Producer Price Index (2014-2016 = 100),2003,2003,7021,Annual value,,76.480000,E
BFA,2004-01-01,2004-12-31,233,'854,Burkina Faso,1717,'F1717,"Cereals, primary",5539,Producer Price Index (2014-2016 = 100),2004,2004,7021,Annual value,,78.360000,E
BFA,2005-01-01,2005-12-31,233,'854,Burkina Faso,1717,'F1717,"Cereals, primary",5539,Producer Price Index (2014-2016 = 100),2005,2005,7021,Annual value,,90.090000,E
BFA,2006-01-01,2006-12-31,233,'854,Burkina Faso,1717,'F1717,"Cereals, primary",5539,Producer Price Index (2014-2016 = 100),2006,2006,7021,Annual value,,92.840000,E
BFA,2007-01-01,2007-12-31,233,'854,Burkina Faso,1717,'F1717,"Cereals, primary",5539,Producer Price Index (2014-2016 = 100),2007,2007,7021,Annual value,,101.340000,E
BFA,2008-01-01,2008-12-31,233,'854,Burkina Faso,1717,'F1717,"Cereals, primary",5539,Producer Price Index (2014-2016 = 100),2008,2008,7021,Annual value,,98.350000,E
BFA,2009-01-01,2009-12-31,233,'854,Burkina Faso,1717,'F1717,"Cereals, primary",5539,Producer Price Index (2014-2016 = 100),2009,2009,7021,Annual value,,99.460000,E
BFA,2010-01-01,2010-12-31,233,'854,Burkina Faso,1717,'F1717,"Cereals, primary",5539,Producer Price Index (2014-2016 = 100),2010,2010,7021,Annual value,,100.670000,E
BFA,2011-01-01,2011-12-31,233,'854,Burkina Faso,1717,'F1717,"Cereals, primary",5539,Producer Price Index (2014-2016 = 100),2011,2011,7021,Annual value,,102.120000,E
BFA,2012-01-01,2012-12-31,233,'854,Burkina Faso,1717,'F1717,"Cereals, primary",5539,Producer Price Index (2014-2016 = 100),2012,2012,7021,Annual value,,103.910000,E
BFA,2013-01-01,2013-12-31,233,'854,Burkina Faso,1717,'F1717,"Cereals, primary",5539,Producer Price Index (2014-2016 = 100),2013,2013,7021,Annual value,,104.810000,E
BFA,2014-01-01,2014-12-31,233,'854,Burkina Faso,1717,'F1717,"Cereals, primary",5539,Producer Price Index (2014-2016 = 100),2014,2014,7021,Annual value,,107.640000,E
BFA,2015-01-01,2015-12-31,233,'854,Burkina Faso,1717,'F1717,"Cereals, primary",5539,Producer Price Index (2014-2016 = 100),2015,2015,7021,Annual value,,94.380000,E
BFA,2016-01-01,2016-12-31,233,'854,Burkina Faso,1717,'F1717,"Cereals, primary",5539,Producer Price Index (2014-2016 = 100),2016,2016,7021,Annual value,,97.980000,E
BFA,2017-01-01,2017-12-31,233,'854,Burkina Faso,1717,'F1717,"Cereals, primary",5539,Producer Price Index (2014-2016 = 100),2017,2017,7021,Annual value,,104.330000,E
BFA,2018-01-01,2018-12-31,233,'854,Burkina Faso,1717,'F1717,"Cereals, primary",5539,Producer Price Index (2014-2016 = 100),2018,2018,7021,Annual value,,114.920000,E
BFA,2019-01-01,2019-12-31,233,'854,Burkina Faso,1717,'F1717,"Cereals, primary",5539,Producer Price Index (2014-2016 = 100),2019,2019,7021,Annual value,,127.420000,E
BFA,2020-01-01,2020-12-31,233,'854,Burkina Faso,1717,'F1717,"Cereals, primary",5539,Producer Price Index (2014-2016 = 100),2020,2020,7021,Annual value,,132.920000,E
BFA,2021-01-01,2021-12-31,233,'854,Burkina Faso,1717,'F1717,"Cereals, primary",5539,Producer Price Index (2014-2016 = 100),2021,2021,7021,Annual value,,163.800000,E
BFA,2022-01-01,2022-12-31,233,'854,Burkina Faso,1717,'F1717,"Cereals, primary",5539,Producer Price Index (2014-2016 = 100),2022,2022,7021,Annual value,,231.440000,E
BFA,2023-01-01,2023-12-31,233,'854,Burkina Faso,1717,'F1717,"Cereals, primary",5539,Producer Price Index (2014-2016 = 100),2023,2023,7021,Annual value,,206.180000,E
BFA,2024-01-01,2024-12-31,233,'854,Burkina Faso,1717,'F1717,"Cereals, primary",5539,Producer Price Index (2014-2016 = 100),2024,2024,7021,Annual value,,183.420000,E
BFA,2025-01-01,2025-12-31,233,'854,Burkina Faso,1717,'F1717,"Cereals, primary",5539,Producer Price Index (2014-2016 = 100),2025,2025,7021,Annual value,,251.370000,E
BFA,1991-01-01,1991-12-31,233,'854,Burkina Faso,1804,'F1804,"Citrus Fruit, Total",5539,Producer Price Index (2014-2016 = 100),1991,1991,7021,Annual value,,17.200000,E
BFA,1992-01-01,1992-12-31,233,'854,Burkina Faso,1804,'F1804,"Citrus Fruit, Total",5539,Producer Price Index (2014-2016 = 100),1992,1992,7021,Annual value,,15.040000,E
BFA,1993-01-01,1993-12-31,233,'854,Burkina Faso,1804,'F1804,"Citrus Fruit, Total",5539,Producer Price Index (2014-2016 = 100),1993,1993,7021,Annual value,,43.550000,E
BFA,1994-01-01,1994-12-31,233,'854,Burkina Faso,1804,'F1804,"Citrus Fruit, Total",5539,Producer Price Index (2014-2016 = 100),1994,1994,7021,Annual value,,42.940000,E
BFA,1995-01-01,1995-12-31,233,'854,Burkina Faso,1804,'F1804,"Citrus Fruit, Total",5539,Producer Price Index (2014-2016 = 100),1995,1995,7021,Annual value,,43.790000,E
BFA,1996-01-01,1996-12-31,233,'854,Burkina Faso,1804,'F1804,"Citrus Fruit, Total",5539,Producer Price Index (2014-2016 = 100),1996,1996,7021,Annual value,,44.100000,E
BFA,1997-01-01,1997-12-31,233,'854,Burkina Faso,1804,'F1804,"Citrus Fruit, Total",5539,Producer Price Index (2014-2016 = 100),1997,1997,7021,Annual value,,43.610000,E
BFA,1998-01-01,1998-12-31,233,'854,Burkina Faso,1804,'F1804,"Citrus Fruit, Total",5539,Producer Price Index (2014-2016 = 100),1998,1998,7021,Annual value,,43.950000,E
BFA,1999-01-01,1999-12-31,233,'854,Burkina Faso,1804,'F1804,"Citrus Fruit, Total",5539,Producer Price Index (2014-2016 = 100),1999,1999,7021,Annual value,,49.740000,E
BFA,2000-01-01,2000-12-31,233,'854,Burkina Faso,1804,'F1804,"Citrus Fruit, Total",5539,Producer Price Index (2014-2016 = 100),2000,2000,7021,Annual value,,48.800000,E
BFA,2001-01-01,2001-12-31,233,'854,Burkina Faso,1804,'F1804,"Citrus Fruit, Total",5539,Producer Price Index (2014-2016 = 100),2001,2001,7021,Annual value,,49.290000,E
BFA,2002-01-01,2002-12-31,233,'854,Burkina Faso,1804,'F1804,"Citrus Fruit, Total",5539,Producer Price Index (2014-2016 = 100),2002,2002,7021,Annual value,,58.010000,E
BFA,2003-01-01,2003-12-31,233,'854,Burkina Faso,1804,'F1804,"Citrus Fruit, Total",5539,Producer Price Index (2014-2016 = 100),2003,2003,7021,Annual value,,67.080000,E
BFA,2004-01-01,2004-12-31,233,'854,Burkina Faso,1804,'F1804,"Citrus Fruit, Total",5539,Producer Price Index (2014-2016 = 100),2004,2004,7021,Annual value,,74.850000,E
BFA,2005-01-01,2005-12-31,233,'854,Burkina Faso,1804,'F1804,"Citrus Fruit, Total",5539,Producer Price Index (2014-2016 = 100),2005,2005,7021,Annual value,,85.910000,E
BFA,2006-01-01,2006-12-31,233,'854,Burkina Faso,1804,'F1804,"Citrus Fruit, Total",5539,Producer Price Index (2014-2016 = 100),2006,2006,7021,Annual value,,74.880000,E
BFA,2007-01-01,2007-12-31,233,'854,Burkina Faso,1804,'F1804,"Citrus Fruit, Total",5539,Producer Price Index (2014-2016 = 100),2007,2007,7021,Annual value,,81.730000,E
BFA,2008-01-01,2008-12-31,233,'854,Burkina Faso,1804,'F1804,"Citrus Fruit, Total",5539,Producer Price Index (2014-2016 = 100),2008,2008,7021,Annual value,,81.130000,E
BFA,2009-01-01,2009-12-31,233,'854,Burkina Faso,1804,'F1804,"Citrus Fruit, Total",5539,Producer Price Index (2014-2016 = 100),2009,2009,7021,Annual value,,84.860000,E
BFA,2010-01-01,2010-12-31,233,'854,Burkina Faso,1804,'F1804,"Citrus Fruit, Total",5539,Producer Price Index (2014-2016 = 100),2010,2010,7021,Annual value,,86.540000,E
BFA,2011-01-01,2011-12-31,233,'854,Burkina Faso,1804,'F1804,"Citrus Fruit, Total",5539,Producer Price Index (2014-2016 = 100),2011,2011,7021,Annual value,,90.770000,E
BFA,2012-01-01,2012-12-31,233,'854,Burkina Faso,1804,'F1804,"Citrus Fruit, Total",5539,Producer Price Index (2014-2016 = 100),2012,2012,7021,Annual value,,93.830000,E
BFA,2013-01-01,2013-12-31,233,'854,Burkina Faso,1804,'F1804,"Citrus Fruit, Total",5539,Producer Price Index (2014-2016 = 100),2013,2013,7021,Annual value,,95.210000,E
BFA,2014-01-01,2014-12-31,233,'854,Burkina Faso,1804,'F1804,"Citrus Fruit, Total",5539,Producer Price Index (2014-2016 = 100),2014,2014,7021,Annual value,,100.000000,E
BFA,2015-01-01,2015-12-31,233,'854,Burkina Faso,1804,'F1804,"Citrus Fruit, Total",5539,Producer Price Index (2014-2016 = 100),2015,2015,7021,Annual value,,99.110000,E
BFA,2016-01-01,2016-12-31,233,'854,Burkina Faso,1804,'F1804,"Citrus Fruit, Total",5539,Producer Price Index (2014-2016 = 100),2016,2016,7021,Annual value,,100.880000,E
BFA,2017-01-01,2017-12-31,233,'854,Burkina Faso,1804,'F1804,"Citrus Fruit, Total",5539,Producer Price Index (2014-2016 = 100),2017,2017,7021,Annual value,,106.680000,E
BFA,2018-01-01,2018-12-31,233,'854,Burkina Faso,1804,'F1804,"Citrus Fruit, Total",5539,Producer Price Index (2014-2016 = 100),2018,2018,7021,Annual value,,108.040000,E
BFA,2019-01-01,2019-12-31,233,'854,Burkina Faso,1804,'F1804,"Citrus Fruit, Total",5539,Producer Price Index (2014-2016 = 100),2019,2019,7021,Annual value,,110.100000,E
BFA,2020-01-01,2020-12-31,233,'854,Burkina Faso,1804,'F1804,"Citrus Fruit, Total",5539,Producer Price Index (2014-2016 = 100),2020,2020,7021,Annual value,,107.190000,E
BFA,2021-01-01,2021-12-31,233,'854,Burkina Faso,1804,'F1804,"Citrus Fruit, Total",5539,Producer Price Index (2014-2016 = 100),2021,2021,7021,Annual value,,102.560000,E
BFA,2022-01-01,2022-12-31,233,'854,Burkina Faso,1804,'F1804,"Citrus Fruit, Total",5539,Producer Price Index (2014-2016 = 100),2022,2022,7021,Annual value,,151.510000,E
BFA,2023-01-01,2023-12-31,233,'854,Burkina Faso,1804,'F1804,"Citrus Fruit, Total",5539,Producer Price Index (2014-2016 = 100),2023,2023,7021,Annual value,,113.540000,E
BFA,2024-01-01,2024-12-31,233,'854,Burkina Faso,1804,'F1804,"Citrus Fruit, Total",5539,Producer Price Index (2014-2016 = 100),2024,2024,7021,Annual value,,128.290000,E
BFA,2025-01-01,2025-12-31,233,'854,Burkina Faso,1804,'F1804,"Citrus Fruit, Total",5539,Producer Price Index (2014-2016 = 100),2025,2025,7021,Annual value,,132.310000,E
BFA,1991-01-01,1991-12-31,233,'854,Burkina Faso,1814,'F1814,"Coarse Grain, Total",5539,Producer Price Index (2014-2016 = 100),1991,1991,7021,Annual value,,57.510000,E
BFA,1992-01-01,1992-12-31,233,'854,Burkina Faso,1814,'F1814,"Coarse Grain, Total",5539,Producer Price Index (2014-2016 = 100),1992,1992,7021,Annual value,,59.990000,E
BFA,1993-01-01,1993-12-31,233,'854,Burkina Faso,1814,'F1814,"Coarse Grain, Total",5539,Producer Price Index (2014-2016 = 100),1993,1993,7021,Annual value,,50.010000,E
BFA,1994-01-01,1994-12-31,233,'854,Burkina Faso,1814,'F1814,"Coarse Grain, Total",5539,Producer Price Index (2014-2016 = 100),1994,1994,7021,Annual value,,68.870000,E
BFA,1995-01-01,1995-12-31,233,'854,Burkina Faso,1814,'F1814,"Coarse Grain, Total",5539,Producer Price Index (2014-2016 = 100),1995,1995,7021,Annual value,,68.870000,E
BFA,1996-01-01,1996-12-31,233,'854,Burkina Faso,1814,'F1814,"Coarse Grain, Total",5539,Producer Price Index (2014-2016 = 100),1996,1996,7021,Annual value,,94.190000,E
BFA,1997-01-01,1997-12-31,233,'854,Burkina Faso,1814,'F1814,"Coarse Grain, Total",5539,Producer Price Index (2014-2016 = 100),1997,1997,7021,Annual value,,80.250000,E
BFA,1998-01-01,1998-12-31,233,'854,Burkina Faso,1814,'F1814,"Coarse Grain, Total",5539,Producer Price Index (2014-2016 = 100),1998,1998,7021,Annual value,,90.950000,E
BFA,1999-01-01,1999-12-31,233,'854,Burkina Faso,1814,'F1814,"Coarse Grain, Total",5539,Producer Price Index (2014-2016 = 100),1999,1999,7021,Annual value,,79.470000,E
BFA,2000-01-01,2000-12-31,233,'854,Burkina Faso,1814,'F1814,"Coarse Grain, Total",5539,Producer Price Index (2014-2016 = 100),2000,2000,7021,Annual value,,59.300000,E
BFA,2001-01-01,2001-12-31,233,'854,Burkina Faso,1814,'F1814,"Coarse Grain, Total",5539,Producer Price Index (2014-2016 = 100),2001,2001,7021,Annual value,,95.530000,E
BFA,2002-01-01,2002-12-31,233,'854,Burkina Faso,1814,'F1814,"Coarse Grain, Total",5539,Producer Price Index (2014-2016 = 100),2002,2002,7021,Annual value,,105.140000,E
BFA,2003-01-01,2003-12-31,233,'854,Burkina Faso,1814,'F1814,"Coarse Grain, Total",5539,Producer Price Index (2014-2016 = 100),2003,2003,7021,Annual value,,85.340000,E
BFA,2004-01-01,2004-12-31,233,'854,Burkina Faso,1814,'F1814,"Coarse Grain, Total",5539,Producer Price Index (2014-2016 = 100),2004,2004,7021,Annual value,,87.480000,E
BFA,2005-01-01,2005-12-31,233,'854,Burkina Faso,1814,'F1814,"Coarse Grain, Total",5539,Producer Price Index (2014-2016 = 100),2005,2005,7021,Annual value,,92.890000,E
BFA,2006-01-01,2006-12-31,233,'854,Burkina Faso,1814,'F1814,"Coarse Grain, Total",5539,Producer Price Index (2014-2016 = 100),2006,2006,7021,Annual value,,95.830000,E
BFA,2007-01-01,2007-12-31,233,'854,Burkina Faso,1814,'F1814,"Coarse Grain, Total",5539,Producer Price Index (2014-2016 = 100),2007,2007,7021,Annual value,,105.810000,E
BFA,2008-01-01,2008-12-31,233,'854,Burkina Faso,1814,'F1814,"Coarse Grain, Total",5539,Producer Price Index (2014-2016 = 100),2008,2008,7021,Annual value,,102.030000,E
BFA,2009-01-01,2009-12-31,233,'854,Burkina Faso,1814,'F1814,"Coarse Grain, Total",5539,Producer Price Index (2014-2016 = 100),2009,2009,7021,Annual value,,102.730000,E
BFA,2010-01-01,2010-12-31,233,'854,Burkina Faso,1814,'F1814,"Coarse Grain, Total",5539,Producer Price Index (2014-2016 = 100),2010,2010,7021,Annual value,,103.590000,E
BFA,2011-01-01,2011-12-31,233,'854,Burkina Faso,1814,'F1814,"Coarse Grain, Total",5539,Producer Price Index (2014-2016 = 100),2011,2011,7021,Annual value,,104.760000,E
BFA,2012-01-01,2012-12-31,233,'854,Burkina Faso,1814,'F1814,"Coarse Grain, Total",5539,Producer Price Index (2014-2016 = 100),2012,2012,7021,Annual value,,106.370000,E
BFA,2013-01-01,2013-12-31,233,'854,Burkina Faso,1814,'F1814,"Coarse Grain, Total",5539,Producer Price Index (2014-2016 = 100),2013,2013,7021,Annual value,,106.770000,E
BFA,2014-01-01,2014-12-31,233,'854,Burkina Faso,1814,'F1814,"Coarse Grain, Total",5539,Producer Price Index (2014-2016 = 100),2014,2014,7021,Annual value,,109.670000,E
BFA,2015-01-01,2015-12-31,233,'854,Burkina Faso,1814,'F1814,"Coarse Grain, Total",5539,Producer Price Index (2014-2016 = 100),2015,2015,7021,Annual value,,93.220000,E
BFA,2016-01-01,2016-12-31,233,'854,Burkina Faso,1814,'F1814,"Coarse Grain, Total",5539,Producer Price Index (2014-2016 = 100),2016,2016,7021,Annual value,,97.100000,E
BFA,2017-01-01,2017-12-31,233,'854,Burkina Faso,1814,'F1814,"Coarse Grain, Total",5539,Producer Price Index (2014-2016 = 100),2017,2017,7021,Annual value,,104.370000,E
BFA,2018-01-01,2018-12-31,233,'854,Burkina Faso,1814,'F1814,"Coarse Grain, Total",5539,Producer Price Index (2014-2016 = 100),2018,2018,7021,Annual value,,116.820000,E
BFA,2019-01-01,2019-12-31,233,'854,Burkina Faso,1814,'F1814,"Coarse Grain, Total",5539,Producer Price Index (2014-2016 = 100),2019,2019,7021,Annual value,,131.600000,E
BFA,2020-01-01,2020-12-31,233,'854,Burkina Faso,1814,'F1814,"Coarse Grain, Total",5539,Producer Price Index (2014-2016 = 100),2020,2020,7021,Annual value,,137.890000,E
BFA,2021-01-01,2021-12-31,233,'854,Burkina Faso,1814,'F1814,"Coarse Grain, Total",5539,Producer Price Index (2014-2016 = 100),2021,2021,7021,Annual value,,176.550000,E
BFA,2022-01-01,2022-12-31,233,'854,Burkina Faso,1814,'F1814,"Coarse Grain, Total",5539,Producer Price Index (2014-2016 = 100),2022,2022,7021,Annual value,,253.390000,E
BFA,2023-01-01,2023-12-31,233,'854,Burkina Faso,1814,'F1814,"Coarse Grain, Total",5539,Producer Price Index (2014-2016 = 100),2023,2023,7021,Annual value,,226.590000,E
BFA,2024-01-01,2024-12-31,233,'854,Burkina Faso,1814,'F1814,"Coarse Grain, Total",5539,Producer Price Index (2014-2016 = 100),2024,2024,7021,Annual value,,195.680000,E
BFA,2025-01-01,2025-12-31,233,'854,Burkina Faso,1814,'F1814,"Coarse Grain, Total",5539,Producer Price Index (2014-2016 = 100),2025,2025,7021,Annual value,,278.140000,E
BFA,1991-01-01,1991-12-31,233,'854,Burkina Faso,1783,'F1783,Eggs Primary,5539,Producer Price Index (2014-2016 = 100),1991,1991,7021,Annual value,,46.280000,E
BFA,1992-01-01,1992-12-31,233,'854,Burkina Faso,1783,'F1783,Eggs Primary,5539,Producer Price Index (2014-2016 = 100),1992,1992,7021,Annual value,,47.820000,E
BFA,1993-01-01,1993-12-31,233,'854,Burkina Faso,1783,'F1783,Eggs Primary,5539,Producer Price Index (2014-2016 = 100),1993,1993,7021,Annual value,,38.980000,E
BFA,1994-01-01,1994-12-31,233,'854,Burkina Faso,1783,'F1783,Eggs Primary,5539,Producer Price Index (2014-2016 = 100),1994,1994,7021,Annual value,,52.100000,E
BFA,1995-01-01,1995-12-31,233,'854,Burkina Faso,1783,'F1783,Eggs Primary,5539,Producer Price Index (2014-2016 = 100),1995,1995,7021,Annual value,,52.100000,E
BFA,1996-01-01,1996-12-31,233,'854,Burkina Faso,1783,'F1783,Eggs Primary,5539,Producer Price Index (2014-2016 = 100),1996,1996,7021,Annual value,,73.030000,E
BFA,1997-01-01,1997-12-31,233,'854,Burkina Faso,1783,'F1783,Eggs Primary,5539,Producer Price Index (2014-2016 = 100),1997,1997,7021,Annual value,,74.240000,E
BFA,1998-01-01,1998-12-31,233,'854,Burkina Faso,1783,'F1783,Eggs Primary,5539,Producer Price Index (2014-2016 = 100),1998,1998,7021,Annual value,,90.140000,E
BFA,1999-01-01,1999-12-31,233,'854,Burkina Faso,1783,'F1783,Eggs Primary,5539,Producer Price Index (2014-2016 = 100),1999,1999,7021,Annual value,,70.280000,E
BFA,2000-01-01,2000-12-31,233,'854,Burkina Faso,1783,'F1783,Eggs Primary,5539,Producer Price Index (2014-2016 = 100),2000,2000,7021,Annual value,,53.810000,E
BFA,2001-01-01,2001-12-31,233,'854,Burkina Faso,1783,'F1783,Eggs Primary,5539,Producer Price Index (2014-2016 = 100),2001,2001,7021,Annual value,,83.580000,E
BFA,2002-01-01,2002-12-31,233,'854,Burkina Faso,1783,'F1783,Eggs Primary,5539,Producer Price Index (2014-2016 = 100),2002,2002,7021,Annual value,,95.060000,E
BFA,2003-01-01,2003-12-31,233,'854,Burkina Faso,1783,'F1783,Eggs Primary,5539,Producer Price Index (2014-2016 = 100),2003,2003,7021,Annual value,,65.530000,E
BFA,2004-01-01,2004-12-31,233,'854,Burkina Faso,1783,'F1783,Eggs Primary,5539,Producer Price Index (2014-2016 = 100),2004,2004,7021,Annual value,,73.240000,E
BFA,2005-01-01,2005-12-31,233,'854,Burkina Faso,1783,'F1783,Eggs Primary,5539,Producer Price Index (2014-2016 = 100),2005,2005,7021,Annual value,,84.130000,E
BFA,2006-01-01,2006-12-31,233,'854,Burkina Faso,1783,'F1783,Eggs Primary,5539,Producer Price Index (2014-2016 = 100),2006,2006,7021,Annual value,,72.450000,E
BFA,2007-01-01,2007-12-31,233,'854,Burkina Faso,1783,'F1783,Eggs Primary,5539,Producer Price Index (2014-2016 = 100),2007,2007,7021,Annual value,,79.440000,E
BFA,2008-01-01,2008-12-31,233,'854,Burkina Faso,1783,'F1783,Eggs Primary,5539,Producer Price Index (2014-2016 = 100),2008,2008,7021,Annual value,,84.370000,E
BFA,2009-01-01,2009-12-31,233,'854,Burkina Faso,1783,'F1783,Eggs Primary,5539,Producer Price Index (2014-2016 = 100),2009,2009,7021,Annual value,,87.830000,E
BFA,2010-01-01,2010-12-31,233,'854,Burkina Faso,1783,'F1783,Eggs Primary,5539,Producer Price Index (2014-2016 = 100),2010,2010,7021,Annual value,,91.130000,E
BFA,2011-01-01,2011-12-31,233,'854,Burkina Faso,1783,'F1783,Eggs Primary,5539,Producer Price Index (2014-2016 = 100),2011,2011,7021,Annual value,,94.210000,E
BFA,2012-01-01,2012-12-31,233,'854,Burkina Faso,1783,'F1783,Eggs Primary,5539,Producer Price Index (2014-2016 = 100),2012,2012,7021,Annual value,,97.040000,E
BFA,2013-01-01,2013-12-31,233,'854,Burkina Faso,1783,'F1783,Eggs Primary,5539,Producer Price Index (2014-2016 = 100),2013,2013,7021,Annual value,,98.630000,E
BFA,2014-01-01,2014-12-31,233,'854,Burkina Faso,1783,'F1783,Eggs Primary,5539,Producer Price Index (2014-2016 = 100),2014,2014,7021,Annual value,,100.570000,E
BFA,2015-01-01,2015-12-31,233,'854,Burkina Faso,1783,'F1783,Eggs Primary,5539,Producer Price Index (2014-2016 = 100),2015,2015,7021,Annual value,,98.900000,E
BFA,2016-01-01,2016-12-31,233,'854,Burkina Faso,1783,'F1783,Eggs Primary,5539,Producer Price Index (2014-2016 = 100),2016,2016,7021,Annual value,,100.520000,E
BFA,2017-01-01,2017-12-31,233,'854,Burkina Faso,1783,'F1783,Eggs Primary,5539,Producer Price Index (2014-2016 = 100),2017,2017,7021,Annual value,,101.860000,E
BFA,2018-01-01,2018-12-31,233,'854,Burkina Faso,1783,'F1783,Eggs Primary,5539,Producer Price Index (2014-2016 = 100),2018,2018,7021,Annual value,,102.920000,E
BFA,2019-01-01,2019-12-31,233,'854,Burkina Faso,1783,'F1783,Eggs Primary,5539,Producer Price Index (2014-2016 = 100),2019,2019,7021,Annual value,,103.780000,E
BFA,2020-01-01,2020-12-31,233,'854,Burkina Faso,1783,'F1783,Eggs Primary,5539,Producer Price Index (2014-2016 = 100),2020,2020,7021,Annual value,,99.870000,E
BFA,2021-01-01,2021-12-31,233,'854,Burkina Faso,1783,'F1783,Eggs Primary,5539,Producer Price Index (2014-2016 = 100),2021,2021,7021,Annual value,,96.140000,E
BFA,2022-01-01,2022-12-31,233,'854,Burkina Faso,1783,'F1783,Eggs Primary,5539,Producer Price Index (2014-2016 = 100),2022,2022,7021,Annual value,,126.340000,E
BFA,2023-01-01,2023-12-31,233,'854,Burkina Faso,1783,'F1783,Eggs Primary,5539,Producer Price Index (2014-2016 = 100),2023,2023,7021,Annual value,,103.430000,E
BFA,2024-01-01,2024-12-31,233,'854,Burkina Faso,1783,'F1783,Eggs Primary,5539,Producer Price Index (2014-2016 = 100),2024,2024,7021,Annual value,,118.460000,E
BFA,2025-01-01,2025-12-31,233,'854,Burkina Faso,1783,'F1783,Eggs Primary,5539,Producer Price Index (2014-2016 = 100),2025,2025,7021,Annual value,,120.380000,E
BFA,1991-01-01,1991-12-31,233,'854,Burkina Faso,1753,'F1753,Fibre Crops Primary,5539,Producer Price Index (2014-2016 = 100),1991,1991,7021,Annual value,,40.500000,E
BFA,1992-01-01,1992-12-31,233,'854,Burkina Faso,1753,'F1753,Fibre Crops Primary,5539,Producer Price Index (2014-2016 = 100),1992,1992,7021,Annual value,,40.500000,E
BFA,1993-01-01,1993-12-31,233,'854,Burkina Faso,1753,'F1753,Fibre Crops Primary,5539,Producer Price Index (2014-2016 = 100),1993,1993,7021,Annual value,,40.500000,E
BFA,1994-01-01,1994-12-31,233,'854,Burkina Faso,1753,'F1753,Fibre Crops Primary,5539,Producer Price Index (2014-2016 = 100),1994,1994,7021,Annual value,,40.500000,E
BFA,1995-01-01,1995-12-31,233,'854,Burkina Faso,1753,'F1753,Fibre Crops Primary,5539,Producer Price Index (2014-2016 = 100),1995,1995,7021,Annual value,,40.500000,E
BFA,1996-01-01,1996-12-31,233,'854,Burkina Faso,1753,'F1753,Fibre Crops Primary,5539,Producer Price Index (2014-2016 = 100),1996,1996,7021,Annual value,,40.500000,E
BFA,1997-01-01,1997-12-31,233,'854,Burkina Faso,1753,'F1753,Fibre Crops Primary,5539,Producer Price Index (2014-2016 = 100),1997,1997,7021,Annual value,,67.960000,E
BFA,1998-01-01,1998-12-31,233,'854,Burkina Faso,1753,'F1753,Fibre Crops Primary,5539,Producer Price Index (2014-2016 = 100),1998,1998,7021,Annual value,,67.750000,E
BFA,1999-01-01,1999-12-31,233,'854,Burkina Faso,1753,'F1753,Fibre Crops Primary,5539,Producer Price Index (2014-2016 = 100),1999,1999,7021,Annual value,,68.170000,E
BFA,2000-01-01,2000-12-31,233,'854,Burkina Faso,1753,'F1753,Fibre Crops Primary,5539,Producer Price Index (2014-2016 = 100),2000,2000,7021,Annual value,,72.480000,E
BFA,2001-01-01,2001-12-31,233,'854,Burkina Faso,1753,'F1753,Fibre Crops Primary,5539,Producer Price Index (2014-2016 = 100),2001,2001,7021,Annual value,,75.040000,E
BFA,2002-01-01,2002-12-31,233,'854,Burkina Faso,1753,'F1753,Fibre Crops Primary,5539,Producer Price Index (2014-2016 = 100),2002,2002,7021,Annual value,,74.230000,E
BFA,2003-01-01,2003-12-31,233,'854,Burkina Faso,1753,'F1753,Fibre Crops Primary,5539,Producer Price Index (2014-2016 = 100),2003,2003,7021,Annual value,,74.140000,E
BFA,2004-01-01,2004-12-31,233,'854,Burkina Faso,1753,'F1753,Fibre Crops Primary,5539,Producer Price Index (2014-2016 = 100),2004,2004,7021,Annual value,,78.620000,E
BFA,2005-01-01,2005-12-31,233,'854,Burkina Faso,1753,'F1753,Fibre Crops Primary,5539,Producer Price Index (2014-2016 = 100),2005,2005,7021,Annual value,,74.610000,E
BFA,2006-01-01,2006-12-31,233,'854,Burkina Faso,1753,'F1753,Fibre Crops Primary,5539,Producer Price Index (2014-2016 = 100),2006,2006,7021,Annual value,,73.020000,E
BFA,2007-01-01,2007-12-31,233,'854,Burkina Faso,1753,'F1753,Fibre Crops Primary,5539,Producer Price Index (2014-2016 = 100),2007,2007,7021,Annual value,,80.070000,E
BFA,2008-01-01,2008-12-31,233,'854,Burkina Faso,1753,'F1753,Fibre Crops Primary,5539,Producer Price Index (2014-2016 = 100),2008,2008,7021,Annual value,,83.560000,E
BFA,2009-01-01,2009-12-31,233,'854,Burkina Faso,1753,'F1753,Fibre Crops Primary,5539,Producer Price Index (2014-2016 = 100),2009,2009,7021,Annual value,,86.850000,E
BFA,2010-01-01,2010-12-31,233,'854,Burkina Faso,1753,'F1753,Fibre Crops Primary,5539,Producer Price Index (2014-2016 = 100),2010,2010,7021,Annual value,,89.970000,E
BFA,2011-01-01,2011-12-31,233,'854,Burkina Faso,1753,'F1753,Fibre Crops Primary,5539,Producer Price Index (2014-2016 = 100),2011,2011,7021,Annual value,,92.900000,E
BFA,2012-01-01,2012-12-31,233,'854,Burkina Faso,1753,'F1753,Fibre Crops Primary,5539,Producer Price Index (2014-2016 = 100),2012,2012,7021,Annual value,,95.650000,E
BFA,2013-01-01,2013-12-31,233,'854,Burkina Faso,1753,'F1753,Fibre Crops Primary,5539,Producer Price Index (2014-2016 = 100),2013,2013,7021,Annual value,,94.430000,E
BFA,2014-01-01,2014-12-31,233,'854,Burkina Faso,1753,'F1753,Fibre Crops Primary,5539,Producer Price Index (2014-2016 = 100),2014,2014,7021,Annual value,,96.180000,E
BFA,2015-01-01,2015-12-31,233,'854,Burkina Faso,1753,'F1753,Fibre Crops Primary,5539,Producer Price Index (2014-2016 = 100),2015,2015,7021,Annual value,,101.550000,E
BFA,2016-01-01,2016-12-31,233,'854,Burkina Faso,1753,'F1753,Fibre Crops Primary,5539,Producer Price Index (2014-2016 = 100),2016,2016,7021,Annual value,,102.270000,E
BFA,2017-01-01,2017-12-31,233,'854,Burkina Faso,1753,'F1753,Fibre Crops Primary,5539,Producer Price Index (2014-2016 = 100),2017,2017,7021,Annual value,,102.890000,E
BFA,2018-01-01,2018-12-31,233,'854,Burkina Faso,1753,'F1753,Fibre Crops Primary,5539,Producer Price Index (2014-2016 = 100),2018,2018,7021,Annual value,,103.430000,E
BFA,2019-01-01,2019-12-31,233,'854,Burkina Faso,1753,'F1753,Fibre Crops Primary,5539,Producer Price Index (2014-2016 = 100),2019,2019,7021,Annual value,,103.910000,E
BFA,2020-01-01,2020-12-31,233,'854,Burkina Faso,1753,'F1753,Fibre Crops Primary,5539,Producer Price Index (2014-2016 = 100),2020,2020,7021,Annual value,,105.640000,E
BFA,2021-01-01,2021-12-31,233,'854,Burkina Faso,1753,'F1753,Fibre Crops Primary,5539,Producer Price Index (2014-2016 = 100),2021,2021,7021,Annual value,,103.960000,E
BFA,2022-01-01,2022-12-31,233,'854,Burkina Faso,1753,'F1753,Fibre Crops Primary,5539,Producer Price Index (2014-2016 = 100),2022,2022,7021,Annual value,,103.180000,E
BFA,2023-01-01,2023-12-31,233,'854,Burkina Faso,1753,'F1753,Fibre Crops Primary,5539,Producer Price Index (2014-2016 = 100),2023,2023,7021,Annual value,,103.260000,E
BFA,2024-01-01,2024-12-31,233,'854,Burkina Faso,1753,'F1753,Fibre Crops Primary,5539,Producer Price Index (2014-2016 = 100),2024,2024,7021,Annual value,,109.570000,E
BFA,2025-01-01,2025-12-31,233,'854,Burkina Faso,1753,'F1753,Fibre Crops Primary,5539,Producer Price Index (2014-2016 = 100),2025,2025,7021,Annual value,,112.990000,E
BFA,1991-01-01,1991-12-31,233,'854,Burkina Faso,1801,'F1801,"Fruit excl Melons, Total",5539,Producer Price Index (2014-2016 = 100),1991,1991,7021,Annual value,,61.390000,E
BFA,1992-01-01,1992-12-31,233,'854,Burkina Faso,1801,'F1801,"Fruit excl Melons, Total",5539,Producer Price Index (2014-2016 = 100),1992,1992,7021,Annual value,,63.430000,E
BFA,1993-01-01,1993-12-31,233,'854,Burkina Faso,1801,'F1801,"Fruit excl Melons, Total",5539,Producer Price Index (2014-2016 = 100),1993,1993,7021,Annual value,,51.830000,E
BFA,1994-01-01,1994-12-31,233,'854,Burkina Faso,1801,'F1801,"Fruit excl Melons, Total",5539,Producer Price Index (2014-2016 = 100),1994,1994,7021,Annual value,,69.210000,E
BFA,1995-01-01,1995-12-31,233,'854,Burkina Faso,1801,'F1801,"Fruit excl Melons, Total",5539,Producer Price Index (2014-2016 = 100),1995,1995,7021,Annual value,,69.210000,E
BFA,1996-01-01,1996-12-31,233,'854,Burkina Faso,1801,'F1801,"Fruit excl Melons, Total",5539,Producer Price Index (2014-2016 = 100),1996,1996,7021,Annual value,,96.940000,E
BFA,1997-01-01,1997-12-31,233,'854,Burkina Faso,1801,'F1801,"Fruit excl Melons, Total",5539,Producer Price Index (2014-2016 = 100),1997,1997,7021,Annual value,,97.740000,E
BFA,1998-01-01,1998-12-31,233,'854,Burkina Faso,1801,'F1801,"Fruit excl Melons, Total",5539,Producer Price Index (2014-2016 = 100),1998,1998,7021,Annual value,,118.460000,E
BFA,1999-01-01,1999-12-31,233,'854,Burkina Faso,1801,'F1801,"Fruit excl Melons, Total",5539,Producer Price Index (2014-2016 = 100),1999,1999,7021,Annual value,,92.520000,E
BFA,2000-01-01,2000-12-31,233,'854,Burkina Faso,1801,'F1801,"Fruit excl Melons, Total",5539,Producer Price Index (2014-2016 = 100),2000,2000,7021,Annual value,,70.890000,E
BFA,2001-01-01,2001-12-31,233,'854,Burkina Faso,1801,'F1801,"Fruit excl Melons, Total",5539,Producer Price Index (2014-2016 = 100),2001,2001,7021,Annual value,,109.840000,E
BFA,2002-01-01,2002-12-31,233,'854,Burkina Faso,1801,'F1801,"Fruit excl Melons, Total",5539,Producer Price Index (2014-2016 = 100),2002,2002,7021,Annual value,,126.200000,E
BFA,2003-01-01,2003-12-31,233,'854,Burkina Faso,1801,'F1801,"Fruit excl Melons, Total",5539,Producer Price Index (2014-2016 = 100),2003,2003,7021,Annual value,,87.110000,E
BFA,2004-01-01,2004-12-31,233,'854,Burkina Faso,1801,'F1801,"Fruit excl Melons, Total",5539,Producer Price Index (2014-2016 = 100),2004,2004,7021,Annual value,,93.030000,E
BFA,2005-01-01,2005-12-31,233,'854,Burkina Faso,1801,'F1801,"Fruit excl Melons, Total",5539,Producer Price Index (2014-2016 = 100),2005,2005,7021,Annual value,,90.410000,E
BFA,2006-01-01,2006-12-31,233,'854,Burkina Faso,1801,'F1801,"Fruit excl Melons, Total",5539,Producer Price Index (2014-2016 = 100),2006,2006,7021,Annual value,,77.280000,E
BFA,2007-01-01,2007-12-31,233,'854,Burkina Faso,1801,'F1801,"Fruit excl Melons, Total",5539,Producer Price Index (2014-2016 = 100),2007,2007,7021,Annual value,,84.620000,E
BFA,2008-01-01,2008-12-31,233,'854,Burkina Faso,1801,'F1801,"Fruit excl Melons, Total",5539,Producer Price Index (2014-2016 = 100),2008,2008,7021,Annual value,,92.200000,E
BFA,2009-01-01,2009-12-31,233,'854,Burkina Faso,1801,'F1801,"Fruit excl Melons, Total",5539,Producer Price Index (2014-2016 = 100),2009,2009,7021,Annual value,,93.890000,E
BFA,2010-01-01,2010-12-31,233,'854,Burkina Faso,1801,'F1801,"Fruit excl Melons, Total",5539,Producer Price Index (2014-2016 = 100),2010,2010,7021,Annual value,,95.570000,E
BFA,2011-01-01,2011-12-31,233,'854,Burkina Faso,1801,'F1801,"Fruit excl Melons, Total",5539,Producer Price Index (2014-2016 = 100),2011,2011,7021,Annual value,,97.180000,E
BFA,2012-01-01,2012-12-31,233,'854,Burkina Faso,1801,'F1801,"Fruit excl Melons, Total",5539,Producer Price Index (2014-2016 = 100),2012,2012,7021,Annual value,,98.670000,E
BFA,2013-01-01,2013-12-31,233,'854,Burkina Faso,1801,'F1801,"Fruit excl Melons, Total",5539,Producer Price Index (2014-2016 = 100),2013,2013,7021,Annual value,,99.300000,E
BFA,2014-01-01,2014-12-31,233,'854,Burkina Faso,1801,'F1801,"Fruit excl Melons, Total",5539,Producer Price Index (2014-2016 = 100),2014,2014,7021,Annual value,,100.260000,E
BFA,2015-01-01,2015-12-31,233,'854,Burkina Faso,1801,'F1801,"Fruit excl Melons, Total",5539,Producer Price Index (2014-2016 = 100),2015,2015,7021,Annual value,,99.530000,E
BFA,2016-01-01,2016-12-31,233,'854,Burkina Faso,1801,'F1801,"Fruit excl Melons, Total",5539,Producer Price Index (2014-2016 = 100),2016,2016,7021,Annual value,,100.200000,E
BFA,2017-01-01,2017-12-31,233,'854,Burkina Faso,1801,'F1801,"Fruit excl Melons, Total",5539,Producer Price Index (2014-2016 = 100),2017,2017,7021,Annual value,,100.710000,E
BFA,2018-01-01,2018-12-31,233,'854,Burkina Faso,1801,'F1801,"Fruit excl Melons, Total",5539,Producer Price Index (2014-2016 = 100),2018,2018,7021,Annual value,,101.020000,E
BFA,2019-01-01,2019-12-31,233,'854,Burkina Faso,1801,'F1801,"Fruit excl Melons, Total",5539,Producer Price Index (2014-2016 = 100),2019,2019,7021,Annual value,,101.180000,E
BFA,2020-01-01,2020-12-31,233,'854,Burkina Faso,1801,'F1801,"Fruit excl Melons, Total",5539,Producer Price Index (2014-2016 = 100),2020,2020,7021,Annual value,,103.270000,E
BFA,2021-01-01,2021-12-31,233,'854,Burkina Faso,1801,'F1801,"Fruit excl Melons, Total",5539,Producer Price Index (2014-2016 = 100),2021,2021,7021,Annual value,,98.730000,E
BFA,2022-01-01,2022-12-31,233,'854,Burkina Faso,1801,'F1801,"Fruit excl Melons, Total",5539,Producer Price Index (2014-2016 = 100),2022,2022,7021,Annual value,,127.130000,E
BFA,2023-01-01,2023-12-31,233,'854,Burkina Faso,1801,'F1801,"Fruit excl Melons, Total",5539,Producer Price Index (2014-2016 = 100),2023,2023,7021,Annual value,,100.420000,E
BFA,2024-01-01,2024-12-31,233,'854,Burkina Faso,1801,'F1801,"Fruit excl Melons, Total",5539,Producer Price Index (2014-2016 = 100),2024,2024,7021,Annual value,,114.330000,E
BFA,2025-01-01,2025-12-31,233,'854,Burkina Faso,1801,'F1801,"Fruit excl Melons, Total",5539,Producer Price Index (2014-2016 = 100),2025,2025,7021,Annual value,,113.040000,E
BFA,1991-01-01,1991-12-31,233,'854,Burkina Faso,1738,'F1738,Fruit Primary,5539,Producer Price Index (2014-2016 = 100),1991,1991,7021,Annual value,,61.390000,E
BFA,1992-01-01,1992-12-31,233,'854,Burkina Faso,1738,'F1738,Fruit Primary,5539,Producer Price Index (2014-2016 = 100),1992,1992,7021,Annual value,,63.430000,E
BFA,1993-01-01,1993-12-31,233,'854,Burkina Faso,1738,'F1738,Fruit Primary,5539,Producer Price Index (2014-2016 = 100),1993,1993,7021,Annual value,,51.830000,E
BFA,1994-01-01,1994-12-31,233,'854,Burkina Faso,1738,'F1738,Fruit Primary,5539,Producer Price Index (2014-2016 = 100),1994,1994,7021,Annual value,,69.210000,E
BFA,1995-01-01,1995-12-31,233,'854,Burkina Faso,1738,'F1738,Fruit Primary,5539,Producer Price Index (2014-2016 = 100),1995,1995,7021,Annual value,,69.210000,E
BFA,1996-01-01,1996-12-31,233,'854,Burkina Faso,1738,'F1738,Fruit Primary,5539,Producer Price Index (2014-2016 = 100),1996,1996,7021,Annual value,,96.940000,E
BFA,1997-01-01,1997-12-31,233,'854,Burkina Faso,1738,'F1738,Fruit Primary,5539,Producer Price Index (2014-2016 = 100),1997,1997,7021,Annual value,,97.740000,E
BFA,1998-01-01,1998-12-31,233,'854,Burkina Faso,1738,'F1738,Fruit Primary,5539,Producer Price Index (2014-2016 = 100),1998,1998,7021,Annual value,,118.460000,E
BFA,1999-01-01,1999-12-31,233,'854,Burkina Faso,1738,'F1738,Fruit Primary,5539,Producer Price Index (2014-2016 = 100),1999,1999,7021,Annual value,,92.520000,E
BFA,2000-01-01,2000-12-31,233,'854,Burkina Faso,1738,'F1738,Fruit Primary,5539,Producer Price Index (2014-2016 = 100),2000,2000,7021,Annual value,,70.890000,E
BFA,2001-01-01,2001-12-31,233,'854,Burkina Faso,1738,'F1738,Fruit Primary,5539,Producer Price Index (2014-2016 = 100),2001,2001,7021,Annual value,,109.840000,E
BFA,2002-01-01,2002-12-31,233,'854,Burkina Faso,1738,'F1738,Fruit Primary,5539,Producer Price Index (2014-2016 = 100),2002,2002,7021,Annual value,,126.200000,E
BFA,2003-01-01,2003-12-31,233,'854,Burkina Faso,1738,'F1738,Fruit Primary,5539,Producer Price Index (2014-2016 = 100),2003,2003,7021,Annual value,,87.110000,E
BFA,2004-01-01,2004-12-31,233,'854,Burkina Faso,1738,'F1738,Fruit Primary,5539,Producer Price Index (2014-2016 = 100),2004,2004,7021,Annual value,,93.030000,E
BFA,2005-01-01,2005-12-31,233,'854,Burkina Faso,1738,'F1738,Fruit Primary,5539,Producer Price Index (2014-2016 = 100),2005,2005,7021,Annual value,,90.410000,E
BFA,2006-01-01,2006-12-31,233,'854,Burkina Faso,1738,'F1738,Fruit Primary,5539,Producer Price Index (2014-2016 = 100),2006,2006,7021,Annual value,,77.280000,E
BFA,2007-01-01,2007-12-31,233,'854,Burkina Faso,1738,'F1738,Fruit Primary,5539,Producer Price Index (2014-2016 = 100),2007,2007,7021,Annual value,,84.620000,E
BFA,2008-01-01,2008-12-31,233,'854,Burkina Faso,1738,'F1738,Fruit Primary,5539,Producer Price Index (2014-2016 = 100),2008,2008,7021,Annual value,,92.200000,E
BFA,2009-01-01,2009-12-31,233,'854,Burkina Faso,1738,'F1738,Fruit Primary,5539,Producer Price Index (2014-2016 = 100),2009,2009,7021,Annual value,,93.890000,E
BFA,2010-01-01,2010-12-31,233,'854,Burkina Faso,1738,'F1738,Fruit Primary,5539,Producer Price Index (2014-2016 = 100),2010,2010,7021,Annual value,,95.570000,E
BFA,2011-01-01,2011-12-31,233,'854,Burkina Faso,1738,'F1738,Fruit Primary,5539,Producer Price Index (2014-2016 = 100),2011,2011,7021,Annual value,,97.180000,E
BFA,2012-01-01,2012-12-31,233,'854,Burkina Faso,1738,'F1738,Fruit Primary,5539,Producer Price Index (2014-2016 = 100),2012,2012,7021,Annual value,,98.670000,E
BFA,2013-01-01,2013-12-31,233,'854,Burkina Faso,1738,'F1738,Fruit Primary,5539,Producer Price Index (2014-2016 = 100),2013,2013,7021,Annual value,,99.300000,E
BFA,2014-01-01,2014-12-31,233,'854,Burkina Faso,1738,'F1738,Fruit Primary,5539,Producer Price Index (2014-2016 = 100),2014,2014,7021,Annual value,,100.260000,E
BFA,2015-01-01,2015-12-31,233,'854,Burkina Faso,1738,'F1738,Fruit Primary,5539,Producer Price Index (2014-2016 = 100),2015,2015,7021,Annual value,,99.530000,E
BFA,2016-01-01,2016-12-31,233,'854,Burkina Faso,1738,'F1738,Fruit Primary,5539,Producer Price Index (2014-2016 = 100),2016,2016,7021,Annual value,,100.200000,E
BFA,2017-01-01,2017-12-31,233,'854,Burkina Faso,1738,'F1738,Fruit Primary,5539,Producer Price Index (2014-2016 = 100),2017,2017,7021,Annual value,,100.710000,E
BFA,2018-01-01,2018-12-31,233,'854,Burkina Faso,1738,'F1738,Fruit Primary,5539,Producer Price Index (2014-2016 = 100),2018,2018,7021,Annual value,,101.020000,E
BFA,2019-01-01,2019-12-31,233,'854,Burkina Faso,1738,'F1738,Fruit Primary,5539,Producer Price Index (2014-2016 = 100),2019,2019,7021,Annual value,,101.180000,E
BFA,2020-01-01,2020-12-31,233,'854,Burkina Faso,1738,'F1738,Fruit Primary,5539,Producer Price Index (2014-2016 = 100),2020,2020,7021,Annual value,,103.270000,E
BFA,2021-01-01,2021-12-31,233,'854,Burkina Faso,1738,'F1738,Fruit Primary,5539,Producer Price Index (2014-2016 = 100),2021,2021,7021,Annual value,,98.730000,E
BFA,2022-01-01,2022-12-31,233,'854,Burkina Faso,1738,'F1738,Fruit Primary,5539,Producer Price Index (2014-2016 = 100),2022,2022,7021,Annual value,,127.130000,E
BFA,2023-01-01,2023-12-31,233,'854,Burkina Faso,1738,'F1738,Fruit Primary,5539,Producer Price Index (2014-2016 = 100),2023,2023,7021,Annual value,,100.420000,E
BFA,2024-01-01,2024-12-31,233,'854,Burkina Faso,1738,'F1738,Fruit Primary,5539,Producer Price Index (2014-2016 = 100),2024,2024,7021,Annual value,,114.330000,E
BFA,2025-01-01,2025-12-31,233,'854,Burkina Faso,1738,'F1738,Fruit Primary,5539,Producer Price Index (2014-2016 = 100),2025,2025,7021,Annual value,,113.040000,E
BFA,1991-01-01,1991-12-31,233,'854,Burkina Faso,2044,'F2044,Livestock,5539,Producer Price Index (2014-2016 = 100),1991,1991,7021,Annual value,,44.550000,E
BFA,1992-01-01,1992-12-31,233,'854,Burkina Faso,2044,'F2044,Livestock,5539,Producer Price Index (2014-2016 = 100),1992,1992,7021,Annual value,,47.220000,E
BFA,1993-01-01,1993-12-31,233,'854,Burkina Faso,2044,'F2044,Livestock,5539,Producer Price Index (2014-2016 = 100),1993,1993,7021,Annual value,,38.490000,E
BFA,1994-01-01,1994-12-31,233,'854,Burkina Faso,2044,'F2044,Livestock,5539,Producer Price Index (2014-2016 = 100),1994,1994,7021,Annual value,,51.440000,E
BFA,1995-01-01,1995-12-31,233,'854,Burkina Faso,2044,'F2044,Livestock,5539,Producer Price Index (2014-2016 = 100),1995,1995,7021,Annual value,,51.440000,E
BFA,1996-01-01,1996-12-31,233,'854,Burkina Faso,2044,'F2044,Livestock,5539,Producer Price Index (2014-2016 = 100),1996,1996,7021,Annual value,,72.110000,E
BFA,1997-01-01,1997-12-31,233,'854,Burkina Faso,2044,'F2044,Livestock,5539,Producer Price Index (2014-2016 = 100),1997,1997,7021,Annual value,,73.310000,E
BFA,1998-01-01,1998-12-31,233,'854,Burkina Faso,2044,'F2044,Livestock,5539,Producer Price Index (2014-2016 = 100),1998,1998,7021,Annual value,,89.000000,E
BFA,1999-01-01,1999-12-31,233,'854,Burkina Faso,2044,'F2044,Livestock,5539,Producer Price Index (2014-2016 = 100),1999,1999,7021,Annual value,,69.400000,E
BFA,2000-01-01,2000-12-31,233,'854,Burkina Faso,2044,'F2044,Livestock,5539,Producer Price Index (2014-2016 = 100),2000,2000,7021,Annual value,,53.130000,E
BFA,2001-01-01,2001-12-31,233,'854,Burkina Faso,2044,'F2044,Livestock,5539,Producer Price Index (2014-2016 = 100),2001,2001,7021,Annual value,,82.530000,E
BFA,2002-01-01,2002-12-31,233,'854,Burkina Faso,2044,'F2044,Livestock,5539,Producer Price Index (2014-2016 = 100),2002,2002,7021,Annual value,,93.870000,E
BFA,2003-01-01,2003-12-31,233,'854,Burkina Faso,2044,'F2044,Livestock,5539,Producer Price Index (2014-2016 = 100),2003,2003,7021,Annual value,,64.710000,E
BFA,2004-01-01,2004-12-31,233,'854,Burkina Faso,2044,'F2044,Livestock,5539,Producer Price Index (2014-2016 = 100),2004,2004,7021,Annual value,,72.260000,E
BFA,2005-01-01,2005-12-31,233,'854,Burkina Faso,2044,'F2044,Livestock,5539,Producer Price Index (2014-2016 = 100),2005,2005,7021,Annual value,,83.330000,E
BFA,2006-01-01,2006-12-31,233,'854,Burkina Faso,2044,'F2044,Livestock,5539,Producer Price Index (2014-2016 = 100),2006,2006,7021,Annual value,,72.120000,E
BFA,2007-01-01,2007-12-31,233,'854,Burkina Faso,2044,'F2044,Livestock,5539,Producer Price Index (2014-2016 = 100),2007,2007,7021,Annual value,,78.870000,E
BFA,2008-01-01,2008-12-31,233,'854,Burkina Faso,2044,'F2044,Livestock,5539,Producer Price Index (2014-2016 = 100),2008,2008,7021,Annual value,,83.930000,E
BFA,2009-01-01,2009-12-31,233,'854,Burkina Faso,2044,'F2044,Livestock,5539,Producer Price Index (2014-2016 = 100),2009,2009,7021,Annual value,,87.480000,E
BFA,2010-01-01,2010-12-31,233,'854,Burkina Faso,2044,'F2044,Livestock,5539,Producer Price Index (2014-2016 = 100),2010,2010,7021,Annual value,,90.860000,E
BFA,2011-01-01,2011-12-31,233,'854,Burkina Faso,2044,'F2044,Livestock,5539,Producer Price Index (2014-2016 = 100),2011,2011,7021,Annual value,,93.990000,E
BFA,2012-01-01,2012-12-31,233,'854,Burkina Faso,2044,'F2044,Livestock,5539,Producer Price Index (2014-2016 = 100),2012,2012,7021,Annual value,,96.850000,E
BFA,2013-01-01,2013-12-31,233,'854,Burkina Faso,2044,'F2044,Livestock,5539,Producer Price Index (2014-2016 = 100),2013,2013,7021,Annual value,,98.550000,E
BFA,2014-01-01,2014-12-31,233,'854,Burkina Faso,2044,'F2044,Livestock,5539,Producer Price Index (2014-2016 = 100),2014,2014,7021,Annual value,,100.500000,E
BFA,2015-01-01,2015-12-31,233,'854,Burkina Faso,2044,'F2044,Livestock,5539,Producer Price Index (2014-2016 = 100),2015,2015,7021,Annual value,,98.980000,E
BFA,2016-01-01,2016-12-31,233,'854,Burkina Faso,2044,'F2044,Livestock,5539,Producer Price Index (2014-2016 = 100),2016,2016,7021,Annual value,,100.530000,E
BFA,2017-01-01,2017-12-31,233,'854,Burkina Faso,2044,'F2044,Livestock,5539,Producer Price Index (2014-2016 = 100),2017,2017,7021,Annual value,,101.750000,E
BFA,2018-01-01,2018-12-31,233,'854,Burkina Faso,2044,'F2044,Livestock,5539,Producer Price Index (2014-2016 = 100),2018,2018,7021,Annual value,,102.660000,E
BFA,2019-01-01,2019-12-31,233,'854,Burkina Faso,2044,'F2044,Livestock,5539,Producer Price Index (2014-2016 = 100),2019,2019,7021,Annual value,,103.320000,E
BFA,2020-01-01,2020-12-31,233,'854,Burkina Faso,2044,'F2044,Livestock,5539,Producer Price Index (2014-2016 = 100),2020,2020,7021,Annual value,,98.970000,E
BFA,2021-01-01,2021-12-31,233,'854,Burkina Faso,2044,'F2044,Livestock,5539,Producer Price Index (2014-2016 = 100),2021,2021,7021,Annual value,,95.290000,E
BFA,2022-01-01,2022-12-31,233,'854,Burkina Faso,2044,'F2044,Livestock,5539,Producer Price Index (2014-2016 = 100),2022,2022,7021,Annual value,,125.250000,E
BFA,2023-01-01,2023-12-31,233,'854,Burkina Faso,2044,'F2044,Livestock,5539,Producer Price Index (2014-2016 = 100),2023,2023,7021,Annual value,,103.180000,E
BFA,2024-01-01,2024-12-31,233,'854,Burkina Faso,2044,'F2044,Livestock,5539,Producer Price Index (2014-2016 = 100),2024,2024,7021,Annual value,,117.830000,E
BFA,2025-01-01,2025-12-31,233,'854,Burkina Faso,2044,'F2044,Livestock,5539,Producer Price Index (2014-2016 = 100),2025,2025,7021,Annual value,,120.180000,E
BFA,1991-01-01,1991-12-31,233,'854,Burkina Faso,1765,'F1765,"Meat, Total",5539,Producer Price Index (2014-2016 = 100),1991,1991,7021,Annual value,,55.780000,E
BFA,1992-01-01,1992-12-31,233,'854,Burkina Faso,1765,'F1765,"Meat, Total",5539,Producer Price Index (2014-2016 = 100),1992,1992,7021,Annual value,,56.670000,E
BFA,1993-01-01,1993-12-31,233,'854,Burkina Faso,1765,'F1765,"Meat, Total",5539,Producer Price Index (2014-2016 = 100),1993,1993,7021,Annual value,,54.610000,E
BFA,1994-01-01,1994-12-31,233,'854,Burkina Faso,1765,'F1765,"Meat, Total",5539,Producer Price Index (2014-2016 = 100),1994,1994,7021,Annual value,,63.730000,E
BFA,1995-01-01,1995-12-31,233,'854,Burkina Faso,1765,'F1765,"Meat, Total",5539,Producer Price Index (2014-2016 = 100),1995,1995,7021,Annual value,,67.510000,E
BFA,1996-01-01,1996-12-31,233,'854,Burkina Faso,1765,'F1765,"Meat, Total",5539,Producer Price Index (2014-2016 = 100),1996,1996,7021,Annual value,,70.910000,E
BFA,1997-01-01,1997-12-31,233,'854,Burkina Faso,1765,'F1765,"Meat, Total",5539,Producer Price Index (2014-2016 = 100),1997,1997,7021,Annual value,,72.030000,E
BFA,1998-01-01,1998-12-31,233,'854,Burkina Faso,1765,'F1765,"Meat, Total",5539,Producer Price Index (2014-2016 = 100),1998,1998,7021,Annual value,,79.270000,E
BFA,1999-01-01,1999-12-31,233,'854,Burkina Faso,1765,'F1765,"Meat, Total",5539,Producer Price Index (2014-2016 = 100),1999,1999,7021,Annual value,,79.150000,E
BFA,2000-01-01,2000-12-31,233,'854,Burkina Faso,1765,'F1765,"Meat, Total",5539,Producer Price Index (2014-2016 = 100),2000,2000,7021,Annual value,,65.710000,E
BFA,2001-01-01,2001-12-31,233,'854,Burkina Faso,1765,'F1765,"Meat, Total",5539,Producer Price Index (2014-2016 = 100),2001,2001,7021,Annual value,,67.480000,E
BFA,2002-01-01,2002-12-31,233,'854,Burkina Faso,1765,'F1765,"Meat, Total",5539,Producer Price Index (2014-2016 = 100),2002,2002,7021,Annual value,,70.890000,E
BFA,2003-01-01,2003-12-31,233,'854,Burkina Faso,1765,'F1765,"Meat, Total",5539,Producer Price Index (2014-2016 = 100),2003,2003,7021,Annual value,,68.290000,E
BFA,2004-01-01,2004-12-31,233,'854,Burkina Faso,1765,'F1765,"Meat, Total",5539,Producer Price Index (2014-2016 = 100),2004,2004,7021,Annual value,,67.570000,E
BFA,2005-01-01,2005-12-31,233,'854,Burkina Faso,1765,'F1765,"Meat, Total",5539,Producer Price Index (2014-2016 = 100),2005,2005,7021,Annual value,,80.690000,E
BFA,2006-01-01,2006-12-31,233,'854,Burkina Faso,1765,'F1765,"Meat, Total",5539,Producer Price Index (2014-2016 = 100),2006,2006,7021,Annual value,,75.820000,E
BFA,2007-01-01,2007-12-31,233,'854,Burkina Faso,1765,'F1765,"Meat, Total",5539,Producer Price Index (2014-2016 = 100),2007,2007,7021,Annual value,,84.850000,E
BFA,2008-01-01,2008-12-31,233,'854,Burkina Faso,1765,'F1765,"Meat, Total",5539,Producer Price Index (2014-2016 = 100),2008,2008,7021,Annual value,,87.230000,E
BFA,2009-01-01,2009-12-31,233,'854,Burkina Faso,1765,'F1765,"Meat, Total",5539,Producer Price Index (2014-2016 = 100),2009,2009,7021,Annual value,,90.930000,E
BFA,2010-01-01,2010-12-31,233,'854,Burkina Faso,1765,'F1765,"Meat, Total",5539,Producer Price Index (2014-2016 = 100),2010,2010,7021,Annual value,,94.420000,E
BFA,2011-01-01,2011-12-31,233,'854,Burkina Faso,1765,'F1765,"Meat, Total",5539,Producer Price Index (2014-2016 = 100),2011,2011,7021,Annual value,,97.680000,E
BFA,2012-01-01,2012-12-31,233,'854,Burkina Faso,1765,'F1765,"Meat, Total",5539,Producer Price Index (2014-2016 = 100),2012,2012,7021,Annual value,,100.730000,E
BFA,2013-01-01,2013-12-31,233,'854,Burkina Faso,1765,'F1765,"Meat, Total",5539,Producer Price Index (2014-2016 = 100),2013,2013,7021,Annual value,,97.000000,E
BFA,2014-01-01,2014-12-31,233,'854,Burkina Faso,1765,'F1765,"Meat, Total",5539,Producer Price Index (2014-2016 = 100),2014,2014,7021,Annual value,,98.520000,E
BFA,2015-01-01,2015-12-31,233,'854,Burkina Faso,1765,'F1765,"Meat, Total",5539,Producer Price Index (2014-2016 = 100),2015,2015,7021,Annual value,,100.220000,E
BFA,2016-01-01,2016-12-31,233,'854,Burkina Faso,1765,'F1765,"Meat, Total",5539,Producer Price Index (2014-2016 = 100),2016,2016,7021,Annual value,,101.260000,E
BFA,2017-01-01,2017-12-31,233,'854,Burkina Faso,1765,'F1765,"Meat, Total",5539,Producer Price Index (2014-2016 = 100),2017,2017,7021,Annual value,,102.270000,E
BFA,2018-01-01,2018-12-31,233,'854,Burkina Faso,1765,'F1765,"Meat, Total",5539,Producer Price Index (2014-2016 = 100),2018,2018,7021,Annual value,,103.310000,E
BFA,2019-01-01,2019-12-31,233,'854,Burkina Faso,1765,'F1765,"Meat, Total",5539,Producer Price Index (2014-2016 = 100),2019,2019,7021,Annual value,,104.450000,E
BFA,2020-01-01,2020-12-31,233,'854,Burkina Faso,1765,'F1765,"Meat, Total",5539,Producer Price Index (2014-2016 = 100),2020,2020,7021,Annual value,,104.420000,E
BFA,2021-01-01,2021-12-31,233,'854,Burkina Faso,1765,'F1765,"Meat, Total",5539,Producer Price Index (2014-2016 = 100),2021,2021,7021,Annual value,,103.400000,E
BFA,2022-01-01,2022-12-31,233,'854,Burkina Faso,1765,'F1765,"Meat, Total",5539,Producer Price Index (2014-2016 = 100),2022,2022,7021,Annual value,,112.990000,E
BFA,2023-01-01,2023-12-31,233,'854,Burkina Faso,1765,'F1765,"Meat, Total",5539,Producer Price Index (2014-2016 = 100),2023,2023,7021,Annual value,,104.640000,E
BFA,2024-01-01,2024-12-31,233,'854,Burkina Faso,1765,'F1765,"Meat, Total",5539,Producer Price Index (2014-2016 = 100),2024,2024,7021,Annual value,,111.990000,E
BFA,2025-01-01,2025-12-31,233,'854,Burkina Faso,1765,'F1765,"Meat, Total",5539,Producer Price Index (2014-2016 = 100),2025,2025,7021,Annual value,,111.200000,E
BFA,1991-01-01,1991-12-31,233,'854,Burkina Faso,1780,'F1780,"Milk, Total",5539,Producer Price Index (2014-2016 = 100),1991,1991,7021,Annual value,,45.240000,E
BFA,1992-01-01,1992-12-31,233,'854,Burkina Faso,1780,'F1780,"Milk, Total",5539,Producer Price Index (2014-2016 = 100),1992,1992,7021,Annual value,,46.740000,E
BFA,1993-01-01,1993-12-31,233,'854,Burkina Faso,1780,'F1780,"Milk, Total",5539,Producer Price Index (2014-2016 = 100),1993,1993,7021,Annual value,,38.100000,E
BFA,1994-01-01,1994-12-31,233,'854,Burkina Faso,1780,'F1780,"Milk, Total",5539,Producer Price Index (2014-2016 = 100),1994,1994,7021,Annual value,,50.920000,E
BFA,1995-01-01,1995-12-31,233,'854,Burkina Faso,1780,'F1780,"Milk, Total",5539,Producer Price Index (2014-2016 = 100),1995,1995,7021,Annual value,,50.920000,E
BFA,1996-01-01,1996-12-31,233,'854,Burkina Faso,1780,'F1780,"Milk, Total",5539,Producer Price Index (2014-2016 = 100),1996,1996,7021,Annual value,,71.380000,E
BFA,1997-01-01,1997-12-31,233,'854,Burkina Faso,1780,'F1780,"Milk, Total",5539,Producer Price Index (2014-2016 = 100),1997,1997,7021,Annual value,,72.560000,E
BFA,1998-01-01,1998-12-31,233,'854,Burkina Faso,1780,'F1780,"Milk, Total",5539,Producer Price Index (2014-2016 = 100),1998,1998,7021,Annual value,,88.100000,E
BFA,1999-01-01,1999-12-31,233,'854,Burkina Faso,1780,'F1780,"Milk, Total",5539,Producer Price Index (2014-2016 = 100),1999,1999,7021,Annual value,,68.690000,E
BFA,2000-01-01,2000-12-31,233,'854,Burkina Faso,1780,'F1780,"Milk, Total",5539,Producer Price Index (2014-2016 = 100),2000,2000,7021,Annual value,,52.590000,E
BFA,2001-01-01,2001-12-31,233,'854,Burkina Faso,1780,'F1780,"Milk, Total",5539,Producer Price Index (2014-2016 = 100),2001,2001,7021,Annual value,,81.690000,E
BFA,2002-01-01,2002-12-31,233,'854,Burkina Faso,1780,'F1780,"Milk, Total",5539,Producer Price Index (2014-2016 = 100),2002,2002,7021,Annual value,,92.910000,E
BFA,2003-01-01,2003-12-31,233,'854,Burkina Faso,1780,'F1780,"Milk, Total",5539,Producer Price Index (2014-2016 = 100),2003,2003,7021,Annual value,,64.050000,E
BFA,2004-01-01,2004-12-31,233,'854,Burkina Faso,1780,'F1780,"Milk, Total",5539,Producer Price Index (2014-2016 = 100),2004,2004,7021,Annual value,,71.590000,E
BFA,2005-01-01,2005-12-31,233,'854,Burkina Faso,1780,'F1780,"Milk, Total",5539,Producer Price Index (2014-2016 = 100),2005,2005,7021,Annual value,,82.220000,E
BFA,2006-01-01,2006-12-31,233,'854,Burkina Faso,1780,'F1780,"Milk, Total",5539,Producer Price Index (2014-2016 = 100),2006,2006,7021,Annual value,,70.810000,E
BFA,2007-01-01,2007-12-31,233,'854,Burkina Faso,1780,'F1780,"Milk, Total",5539,Producer Price Index (2014-2016 = 100),2007,2007,7021,Annual value,,77.650000,E
BFA,2008-01-01,2008-12-31,233,'854,Burkina Faso,1780,'F1780,"Milk, Total",5539,Producer Price Index (2014-2016 = 100),2008,2008,7021,Annual value,,83.160000,E
BFA,2009-01-01,2009-12-31,233,'854,Burkina Faso,1780,'F1780,"Milk, Total",5539,Producer Price Index (2014-2016 = 100),2009,2009,7021,Annual value,,86.950000,E
BFA,2010-01-01,2010-12-31,233,'854,Burkina Faso,1780,'F1780,"Milk, Total",5539,Producer Price Index (2014-2016 = 100),2010,2010,7021,Annual value,,90.500000,E
BFA,2011-01-01,2011-12-31,233,'854,Burkina Faso,1780,'F1780,"Milk, Total",5539,Producer Price Index (2014-2016 = 100),2011,2011,7021,Annual value,,93.750000,E
BFA,2012-01-01,2012-12-31,233,'854,Burkina Faso,1780,'F1780,"Milk, Total",5539,Producer Price Index (2014-2016 = 100),2012,2012,7021,Annual value,,96.690000,E
BFA,2013-01-01,2013-12-31,233,'854,Burkina Faso,1780,'F1780,"Milk, Total",5539,Producer Price Index (2014-2016 = 100),2013,2013,7021,Annual value,,98.440000,E
BFA,2014-01-01,2014-12-31,233,'854,Burkina Faso,1780,'F1780,"Milk, Total",5539,Producer Price Index (2014-2016 = 100),2014,2014,7021,Annual value,,100.380000,E
BFA,2015-01-01,2015-12-31,233,'854,Burkina Faso,1780,'F1780,"Milk, Total",5539,Producer Price Index (2014-2016 = 100),2015,2015,7021,Annual value,,99.110000,E
BFA,2016-01-01,2016-12-31,233,'854,Burkina Faso,1780,'F1780,"Milk, Total",5539,Producer Price Index (2014-2016 = 100),2016,2016,7021,Annual value,,100.510000,E
BFA,2017-01-01,2017-12-31,233,'854,Burkina Faso,1780,'F1780,"Milk, Total",5539,Producer Price Index (2014-2016 = 100),2017,2017,7021,Annual value,,101.520000,E
BFA,2018-01-01,2018-12-31,233,'854,Burkina Faso,1780,'F1780,"Milk, Total",5539,Producer Price Index (2014-2016 = 100),2018,2018,7021,Annual value,,102.160000,E
BFA,2019-01-01,2019-12-31,233,'854,Burkina Faso,1780,'F1780,"Milk, Total",5539,Producer Price Index (2014-2016 = 100),2019,2019,7021,Annual value,,102.480000,E
BFA,2020-01-01,2020-12-31,233,'854,Burkina Faso,1780,'F1780,"Milk, Total",5539,Producer Price Index (2014-2016 = 100),2020,2020,7021,Annual value,,97.610000,E
BFA,2021-01-01,2021-12-31,233,'854,Burkina Faso,1780,'F1780,"Milk, Total",5539,Producer Price Index (2014-2016 = 100),2021,2021,7021,Annual value,,93.970000,E
BFA,2022-01-01,2022-12-31,233,'854,Burkina Faso,1780,'F1780,"Milk, Total",5539,Producer Price Index (2014-2016 = 100),2022,2022,7021,Annual value,,123.480000,E
BFA,2023-01-01,2023-12-31,233,'854,Burkina Faso,1780,'F1780,"Milk, Total",5539,Producer Price Index (2014-2016 = 100),2023,2023,7021,Annual value,,102.550000,E
BFA,2024-01-01,2024-12-31,233,'854,Burkina Faso,1780,'F1780,"Milk, Total",5539,Producer Price Index (2014-2016 = 100),2024,2024,7021,Annual value,,116.760000,E
BFA,2025-01-01,2025-12-31,233,'854,Burkina Faso,1780,'F1780,"Milk, Total",5539,Producer Price Index (2014-2016 = 100),2025,2025,7021,Annual value,,119.610000,E
BFA,1991-01-01,1991-12-31,233,'854,Burkina Faso,1732,'F1732,"Oilcrops, Oil Equivalent",5539,Producer Price Index (2014-2016 = 100),1991,1991,7021,Annual value,,54.390000,E
BFA,1992-01-01,1992-12-31,233,'854,Burkina Faso,1732,'F1732,"Oilcrops, Oil Equivalent",5539,Producer Price Index (2014-2016 = 100),1992,1992,7021,Annual value,,55.130000,E
BFA,1993-01-01,1993-12-31,233,'854,Burkina Faso,1732,'F1732,"Oilcrops, Oil Equivalent",5539,Producer Price Index (2014-2016 = 100),1993,1993,7021,Annual value,,51.870000,E
BFA,1994-01-01,1994-12-31,233,'854,Burkina Faso,1732,'F1732,"Oilcrops, Oil Equivalent",5539,Producer Price Index (2014-2016 = 100),1994,1994,7021,Annual value,,56.700000,E
BFA,1995-01-01,1995-12-31,233,'854,Burkina Faso,1732,'F1732,"Oilcrops, Oil Equivalent",5539,Producer Price Index (2014-2016 = 100),1995,1995,7021,Annual value,,56.700000,E
BFA,1996-01-01,1996-12-31,233,'854,Burkina Faso,1732,'F1732,"Oilcrops, Oil Equivalent",5539,Producer Price Index (2014-2016 = 100),1996,1996,7021,Annual value,,64.400000,E
BFA,1997-01-01,1997-12-31,233,'854,Burkina Faso,1732,'F1732,"Oilcrops, Oil Equivalent",5539,Producer Price Index (2014-2016 = 100),1997,1997,7021,Annual value,,60.360000,E
BFA,1998-01-01,1998-12-31,233,'854,Burkina Faso,1732,'F1732,"Oilcrops, Oil Equivalent",5539,Producer Price Index (2014-2016 = 100),1998,1998,7021,Annual value,,60.240000,E
BFA,1999-01-01,1999-12-31,233,'854,Burkina Faso,1732,'F1732,"Oilcrops, Oil Equivalent",5539,Producer Price Index (2014-2016 = 100),1999,1999,7021,Annual value,,60.550000,E
BFA,2000-01-01,2000-12-31,233,'854,Burkina Faso,1732,'F1732,"Oilcrops, Oil Equivalent",5539,Producer Price Index (2014-2016 = 100),2000,2000,7021,Annual value,,64.200000,E
BFA,2001-01-01,2001-12-31,233,'854,Burkina Faso,1732,'F1732,"Oilcrops, Oil Equivalent",5539,Producer Price Index (2014-2016 = 100),2001,2001,7021,Annual value,,78.890000,E
BFA,2002-01-01,2002-12-31,233,'854,Burkina Faso,1732,'F1732,"Oilcrops, Oil Equivalent",5539,Producer Price Index (2014-2016 = 100),2002,2002,7021,Annual value,,71.390000,E
BFA,2003-01-01,2003-12-31,233,'854,Burkina Faso,1732,'F1732,"Oilcrops, Oil Equivalent",5539,Producer Price Index (2014-2016 = 100),2003,2003,7021,Annual value,,69.840000,E
BFA,2004-01-01,2004-12-31,233,'854,Burkina Faso,1732,'F1732,"Oilcrops, Oil Equivalent",5539,Producer Price Index (2014-2016 = 100),2004,2004,7021,Annual value,,72.090000,E
BFA,2005-01-01,2005-12-31,233,'854,Burkina Faso,1732,'F1732,"Oilcrops, Oil Equivalent",5539,Producer Price Index (2014-2016 = 100),2005,2005,7021,Annual value,,70.890000,E
BFA,2006-01-01,2006-12-31,233,'854,Burkina Faso,1732,'F1732,"Oilcrops, Oil Equivalent",5539,Producer Price Index (2014-2016 = 100),2006,2006,7021,Annual value,,77.700000,E
BFA,2007-01-01,2007-12-31,233,'854,Burkina Faso,1732,'F1732,"Oilcrops, Oil Equivalent",5539,Producer Price Index (2014-2016 = 100),2007,2007,7021,Annual value,,80.390000,E
BFA,2008-01-01,2008-12-31,233,'854,Burkina Faso,1732,'F1732,"Oilcrops, Oil Equivalent",5539,Producer Price Index (2014-2016 = 100),2008,2008,7021,Annual value,,83.320000,E
BFA,2009-01-01,2009-12-31,233,'854,Burkina Faso,1732,'F1732,"Oilcrops, Oil Equivalent",5539,Producer Price Index (2014-2016 = 100),2009,2009,7021,Annual value,,86.010000,E
BFA,2010-01-01,2010-12-31,233,'854,Burkina Faso,1732,'F1732,"Oilcrops, Oil Equivalent",5539,Producer Price Index (2014-2016 = 100),2010,2010,7021,Annual value,,88.280000,E
BFA,2011-01-01,2011-12-31,233,'854,Burkina Faso,1732,'F1732,"Oilcrops, Oil Equivalent",5539,Producer Price Index (2014-2016 = 100),2011,2011,7021,Annual value,,90.390000,E
BFA,2012-01-01,2012-12-31,233,'854,Burkina Faso,1732,'F1732,"Oilcrops, Oil Equivalent",5539,Producer Price Index (2014-2016 = 100),2012,2012,7021,Annual value,,92.430000,E
BFA,2013-01-01,2013-12-31,233,'854,Burkina Faso,1732,'F1732,"Oilcrops, Oil Equivalent",5539,Producer Price Index (2014-2016 = 100),2013,2013,7021,Annual value,,94.710000,E
BFA,2014-01-01,2014-12-31,233,'854,Burkina Faso,1732,'F1732,"Oilcrops, Oil Equivalent",5539,Producer Price Index (2014-2016 = 100),2014,2014,7021,Annual value,,96.630000,E
BFA,2015-01-01,2015-12-31,233,'854,Burkina Faso,1732,'F1732,"Oilcrops, Oil Equivalent",5539,Producer Price Index (2014-2016 = 100),2015,2015,7021,Annual value,,101.010000,E
BFA,2016-01-01,2016-12-31,233,'854,Burkina Faso,1732,'F1732,"Oilcrops, Oil Equivalent",5539,Producer Price Index (2014-2016 = 100),2016,2016,7021,Annual value,,102.360000,E
BFA,2017-01-01,2017-12-31,233,'854,Burkina Faso,1732,'F1732,"Oilcrops, Oil Equivalent",5539,Producer Price Index (2014-2016 = 100),2017,2017,7021,Annual value,,103.670000,E
BFA,2018-01-01,2018-12-31,233,'854,Burkina Faso,1732,'F1732,"Oilcrops, Oil Equivalent",5539,Producer Price Index (2014-2016 = 100),2018,2018,7021,Annual value,,104.950000,E
BFA,2019-01-01,2019-12-31,233,'854,Burkina Faso,1732,'F1732,"Oilcrops, Oil Equivalent",5539,Producer Price Index (2014-2016 = 100),2019,2019,7021,Annual value,,106.190000,E
BFA,2020-01-01,2020-12-31,233,'854,Burkina Faso,1732,'F1732,"Oilcrops, Oil Equivalent",5539,Producer Price Index (2014-2016 = 100),2020,2020,7021,Annual value,,109.140000,E
BFA,2021-01-01,2021-12-31,233,'854,Burkina Faso,1732,'F1732,"Oilcrops, Oil Equivalent",5539,Producer Price Index (2014-2016 = 100),2021,2021,7021,Annual value,,108.130000,E
BFA,2022-01-01,2022-12-31,233,'854,Burkina Faso,1732,'F1732,"Oilcrops, Oil Equivalent",5539,Producer Price Index (2014-2016 = 100),2022,2022,7021,Annual value,,109.100000,E
BFA,2023-01-01,2023-12-31,233,'854,Burkina Faso,1732,'F1732,"Oilcrops, Oil Equivalent",5539,Producer Price Index (2014-2016 = 100),2023,2023,7021,Annual value,,111.070000,E
BFA,2024-01-01,2024-12-31,233,'854,Burkina Faso,1732,'F1732,"Oilcrops, Oil Equivalent",5539,Producer Price Index (2014-2016 = 100),2024,2024,7021,Annual value,,115.940000,E
BFA,2025-01-01,2025-12-31,233,'854,Burkina Faso,1732,'F1732,"Oilcrops, Oil Equivalent",5539,Producer Price Index (2014-2016 = 100),2025,2025,7021,Annual value,,120.350000,E
BFA,1991-01-01,1991-12-31,233,'854,Burkina Faso,1726,'F1726,"Pulses, Total",5539,Producer Price Index (2014-2016 = 100),1991,1991,7021,Annual value,,46.050000,E
BFA,1992-01-01,1992-12-31,233,'854,Burkina Faso,1726,'F1726,"Pulses, Total",5539,Producer Price Index (2014-2016 = 100),1992,1992,7021,Annual value,,47.250000,E
BFA,1993-01-01,1993-12-31,233,'854,Burkina Faso,1726,'F1726,"Pulses, Total",5539,Producer Price Index (2014-2016 = 100),1993,1993,7021,Annual value,,38.510000,E
BFA,1994-01-01,1994-12-31,233,'854,Burkina Faso,1726,'F1726,"Pulses, Total",5539,Producer Price Index (2014-2016 = 100),1994,1994,7021,Annual value,,51.470000,E
BFA,1995-01-01,1995-12-31,233,'854,Burkina Faso,1726,'F1726,"Pulses, Total",5539,Producer Price Index (2014-2016 = 100),1995,1995,7021,Annual value,,51.470000,E
BFA,1996-01-01,1996-12-31,233,'854,Burkina Faso,1726,'F1726,"Pulses, Total",5539,Producer Price Index (2014-2016 = 100),1996,1996,7021,Annual value,,72.150000,E
BFA,1997-01-01,1997-12-31,233,'854,Burkina Faso,1726,'F1726,"Pulses, Total",5539,Producer Price Index (2014-2016 = 100),1997,1997,7021,Annual value,,74.330000,E
BFA,1998-01-01,1998-12-31,233,'854,Burkina Faso,1726,'F1726,"Pulses, Total",5539,Producer Price Index (2014-2016 = 100),1998,1998,7021,Annual value,,88.950000,E
BFA,1999-01-01,1999-12-31,233,'854,Burkina Faso,1726,'F1726,"Pulses, Total",5539,Producer Price Index (2014-2016 = 100),1999,1999,7021,Annual value,,73.130000,E
BFA,2000-01-01,2000-12-31,233,'854,Burkina Faso,1726,'F1726,"Pulses, Total",5539,Producer Price Index (2014-2016 = 100),2000,2000,7021,Annual value,,75.530000,E
BFA,2001-01-01,2001-12-31,233,'854,Burkina Faso,1726,'F1726,"Pulses, Total",5539,Producer Price Index (2014-2016 = 100),2001,2001,7021,Annual value,,102.480000,E
BFA,2002-01-01,2002-12-31,233,'854,Burkina Faso,1726,'F1726,"Pulses, Total",5539,Producer Price Index (2014-2016 = 100),2002,2002,7021,Annual value,,115.580000,E
BFA,2003-01-01,2003-12-31,233,'854,Burkina Faso,1726,'F1726,"Pulses, Total",5539,Producer Price Index (2014-2016 = 100),2003,2003,7021,Annual value,,76.680000,E
BFA,2004-01-01,2004-12-31,233,'854,Burkina Faso,1726,'F1726,"Pulses, Total",5539,Producer Price Index (2014-2016 = 100),2004,2004,7021,Annual value,,78.920000,E
BFA,2005-01-01,2005-12-31,233,'854,Burkina Faso,1726,'F1726,"Pulses, Total",5539,Producer Price Index (2014-2016 = 100),2005,2005,7021,Annual value,,77.530000,E
BFA,2006-01-01,2006-12-31,233,'854,Burkina Faso,1726,'F1726,"Pulses, Total",5539,Producer Price Index (2014-2016 = 100),2006,2006,7021,Annual value,,74.750000,E
BFA,2007-01-01,2007-12-31,233,'854,Burkina Faso,1726,'F1726,"Pulses, Total",5539,Producer Price Index (2014-2016 = 100),2007,2007,7021,Annual value,,81.710000,E
BFA,2008-01-01,2008-12-31,233,'854,Burkina Faso,1726,'F1726,"Pulses, Total",5539,Producer Price Index (2014-2016 = 100),2008,2008,7021,Annual value,,86.740000,E
BFA,2009-01-01,2009-12-31,233,'854,Burkina Faso,1726,'F1726,"Pulses, Total",5539,Producer Price Index (2014-2016 = 100),2009,2009,7021,Annual value,,89.510000,E
BFA,2010-01-01,2010-12-31,233,'854,Burkina Faso,1726,'F1726,"Pulses, Total",5539,Producer Price Index (2014-2016 = 100),2010,2010,7021,Annual value,,92.290000,E
BFA,2011-01-01,2011-12-31,233,'854,Burkina Faso,1726,'F1726,"Pulses, Total",5539,Producer Price Index (2014-2016 = 100),2011,2011,7021,Annual value,,95.070000,E
BFA,2012-01-01,2012-12-31,233,'854,Burkina Faso,1726,'F1726,"Pulses, Total",5539,Producer Price Index (2014-2016 = 100),2012,2012,7021,Annual value,,97.810000,E
BFA,2013-01-01,2013-12-31,233,'854,Burkina Faso,1726,'F1726,"Pulses, Total",5539,Producer Price Index (2014-2016 = 100),2013,2013,7021,Annual value,,96.930000,E
BFA,2014-01-01,2014-12-31,233,'854,Burkina Faso,1726,'F1726,"Pulses, Total",5539,Producer Price Index (2014-2016 = 100),2014,2014,7021,Annual value,,98.810000,E
BFA,2015-01-01,2015-12-31,233,'854,Burkina Faso,1726,'F1726,"Pulses, Total",5539,Producer Price Index (2014-2016 = 100),2015,2015,7021,Annual value,,99.860000,E
BFA,2016-01-01,2016-12-31,233,'854,Burkina Faso,1726,'F1726,"Pulses, Total",5539,Producer Price Index (2014-2016 = 100),2016,2016,7021,Annual value,,101.330000,E
BFA,2017-01-01,2017-12-31,233,'854,Burkina Faso,1726,'F1726,"Pulses, Total",5539,Producer Price Index (2014-2016 = 100),2017,2017,7021,Annual value,,102.690000,E
BFA,2018-01-01,2018-12-31,233,'854,Burkina Faso,1726,'F1726,"Pulses, Total",5539,Producer Price Index (2014-2016 = 100),2018,2018,7021,Annual value,,103.950000,E
BFA,2019-01-01,2019-12-31,233,'854,Burkina Faso,1726,'F1726,"Pulses, Total",5539,Producer Price Index (2014-2016 = 100),2019,2019,7021,Annual value,,105.180000,E
BFA,2020-01-01,2020-12-31,233,'854,Burkina Faso,1726,'F1726,"Pulses, Total",5539,Producer Price Index (2014-2016 = 100),2020,2020,7021,Annual value,,104.760000,E
BFA,2021-01-01,2021-12-31,233,'854,Burkina Faso,1726,'F1726,"Pulses, Total",5539,Producer Price Index (2014-2016 = 100),2021,2021,7021,Annual value,,99.230000,E
BFA,2022-01-01,2022-12-31,233,'854,Burkina Faso,1726,'F1726,"Pulses, Total",5539,Producer Price Index (2014-2016 = 100),2022,2022,7021,Annual value,,125.070000,E
BFA,2023-01-01,2023-12-31,233,'854,Burkina Faso,1726,'F1726,"Pulses, Total",5539,Producer Price Index (2014-2016 = 100),2023,2023,7021,Annual value,,105.870000,E
BFA,2024-01-01,2024-12-31,233,'854,Burkina Faso,1726,'F1726,"Pulses, Total",5539,Producer Price Index (2014-2016 = 100),2024,2024,7021,Annual value,,117.610000,E
BFA,2025-01-01,2025-12-31,233,'854,Burkina Faso,1726,'F1726,"Pulses, Total",5539,Producer Price Index (2014-2016 = 100),2025,2025,7021,Annual value,,119.860000,E
BFA,1991-01-01,1991-12-31,233,'854,Burkina Faso,1720,'F1720,"Roots and Tubers, Total",5539,Producer Price Index (2014-2016 = 100),1991,1991,7021,Annual value,,37.120000,E
BFA,1992-01-01,1992-12-31,233,'854,Burkina Faso,1720,'F1720,"Roots and Tubers, Total",5539,Producer Price Index (2014-2016 = 100),1992,1992,7021,Annual value,,37.800000,E
BFA,1993-01-01,1993-12-31,233,'854,Burkina Faso,1720,'F1720,"Roots and Tubers, Total",5539,Producer Price Index (2014-2016 = 100),1993,1993,7021,Annual value,,33.090000,E
BFA,1994-01-01,1994-12-31,233,'854,Burkina Faso,1720,'F1720,"Roots and Tubers, Total",5539,Producer Price Index (2014-2016 = 100),1994,1994,7021,Annual value,,40.080000,E
BFA,1995-01-01,1995-12-31,233,'854,Burkina Faso,1720,'F1720,"Roots and Tubers, Total",5539,Producer Price Index (2014-2016 = 100),1995,1995,7021,Annual value,,40.080000,E
BFA,1996-01-01,1996-12-31,233,'854,Burkina Faso,1720,'F1720,"Roots and Tubers, Total",5539,Producer Price Index (2014-2016 = 100),1996,1996,7021,Annual value,,51.240000,E
BFA,1997-01-01,1997-12-31,233,'854,Burkina Faso,1720,'F1720,"Roots and Tubers, Total",5539,Producer Price Index (2014-2016 = 100),1997,1997,7021,Annual value,,41.090000,E
BFA,1998-01-01,1998-12-31,233,'854,Burkina Faso,1720,'F1720,"Roots and Tubers, Total",5539,Producer Price Index (2014-2016 = 100),1998,1998,7021,Annual value,,46.270000,E
BFA,1999-01-01,1999-12-31,233,'854,Burkina Faso,1720,'F1720,"Roots and Tubers, Total",5539,Producer Price Index (2014-2016 = 100),1999,1999,7021,Annual value,,42.990000,E
BFA,2000-01-01,2000-12-31,233,'854,Burkina Faso,1720,'F1720,"Roots and Tubers, Total",5539,Producer Price Index (2014-2016 = 100),2000,2000,7021,Annual value,,39.740000,E
BFA,2001-01-01,2001-12-31,233,'854,Burkina Faso,1720,'F1720,"Roots and Tubers, Total",5539,Producer Price Index (2014-2016 = 100),2001,2001,7021,Annual value,,52.760000,E
BFA,2002-01-01,2002-12-31,233,'854,Burkina Faso,1720,'F1720,"Roots and Tubers, Total",5539,Producer Price Index (2014-2016 = 100),2002,2002,7021,Annual value,,51.280000,E
BFA,2003-01-01,2003-12-31,233,'854,Burkina Faso,1720,'F1720,"Roots and Tubers, Total",5539,Producer Price Index (2014-2016 = 100),2003,2003,7021,Annual value,,45.880000,E
BFA,2004-01-01,2004-12-31,233,'854,Burkina Faso,1720,'F1720,"Roots and Tubers, Total",5539,Producer Price Index (2014-2016 = 100),2004,2004,7021,Annual value,,48.640000,E
BFA,2005-01-01,2005-12-31,233,'854,Burkina Faso,1720,'F1720,"Roots and Tubers, Total",5539,Producer Price Index (2014-2016 = 100),2005,2005,7021,Annual value,,44.780000,E
BFA,2006-01-01,2006-12-31,233,'854,Burkina Faso,1720,'F1720,"Roots and Tubers, Total",5539,Producer Price Index (2014-2016 = 100),2006,2006,7021,Annual value,,49.510000,E
BFA,2007-01-01,2007-12-31,233,'854,Burkina Faso,1720,'F1720,"Roots and Tubers, Total",5539,Producer Price Index (2014-2016 = 100),2007,2007,7021,Annual value,,79.260000,E
BFA,2008-01-01,2008-12-31,233,'854,Burkina Faso,1720,'F1720,"Roots and Tubers, Total",5539,Producer Price Index (2014-2016 = 100),2008,2008,7021,Annual value,,83.240000,E
BFA,2009-01-01,2009-12-31,233,'854,Burkina Faso,1720,'F1720,"Roots and Tubers, Total",5539,Producer Price Index (2014-2016 = 100),2009,2009,7021,Annual value,,90.130000,E
BFA,2010-01-01,2010-12-31,233,'854,Burkina Faso,1720,'F1720,"Roots and Tubers, Total",5539,Producer Price Index (2014-2016 = 100),2010,2010,7021,Annual value,,96.450000,E
BFA,2011-01-01,2011-12-31,233,'854,Burkina Faso,1720,'F1720,"Roots and Tubers, Total",5539,Producer Price Index (2014-2016 = 100),2011,2011,7021,Annual value,,102.280000,E
BFA,2012-01-01,2012-12-31,233,'854,Burkina Faso,1720,'F1720,"Roots and Tubers, Total",5539,Producer Price Index (2014-2016 = 100),2012,2012,7021,Annual value,,107.680000,E
BFA,2013-01-01,2013-12-31,233,'854,Burkina Faso,1720,'F1720,"Roots and Tubers, Total",5539,Producer Price Index (2014-2016 = 100),2013,2013,7021,Annual value,,96.780000,E
BFA,2014-01-01,2014-12-31,233,'854,Burkina Faso,1720,'F1720,"Roots and Tubers, Total",5539,Producer Price Index (2014-2016 = 100),2014,2014,7021,Annual value,,98.940000,E
BFA,2015-01-01,2015-12-31,233,'854,Burkina Faso,1720,'F1720,"Roots and Tubers, Total",5539,Producer Price Index (2014-2016 = 100),2015,2015,7021,Annual value,,99.640000,E
BFA,2016-01-01,2016-12-31,233,'854,Burkina Faso,1720,'F1720,"Roots and Tubers, Total",5539,Producer Price Index (2014-2016 = 100),2016,2016,7021,Annual value,,101.420000,E
BFA,2017-01-01,2017-12-31,233,'854,Burkina Faso,1720,'F1720,"Roots and Tubers, Total",5539,Producer Price Index (2014-2016 = 100),2017,2017,7021,Annual value,,103.140000,E
BFA,2018-01-01,2018-12-31,233,'854,Burkina Faso,1720,'F1720,"Roots and Tubers, Total",5539,Producer Price Index (2014-2016 = 100),2018,2018,7021,Annual value,,104.900000,E
BFA,2019-01-01,2019-12-31,233,'854,Burkina Faso,1720,'F1720,"Roots and Tubers, Total",5539,Producer Price Index (2014-2016 = 100),2019,2019,7021,Annual value,,106.770000,E
BFA,2020-01-01,2020-12-31,233,'854,Burkina Faso,1720,'F1720,"Roots and Tubers, Total",5539,Producer Price Index (2014-2016 = 100),2020,2020,7021,Annual value,,108.790000,E
BFA,2021-01-01,2021-12-31,233,'854,Burkina Faso,1720,'F1720,"Roots and Tubers, Total",5539,Producer Price Index (2014-2016 = 100),2021,2021,7021,Annual value,,111.390000,E
BFA,2022-01-01,2022-12-31,233,'854,Burkina Faso,1720,'F1720,"Roots and Tubers, Total",5539,Producer Price Index (2014-2016 = 100),2022,2022,7021,Annual value,,118.370000,E
BFA,2023-01-01,2023-12-31,233,'854,Burkina Faso,1720,'F1720,"Roots and Tubers, Total",5539,Producer Price Index (2014-2016 = 100),2023,2023,7021,Annual value,,111.000000,E
BFA,2024-01-01,2024-12-31,233,'854,Burkina Faso,1720,'F1720,"Roots and Tubers, Total",5539,Producer Price Index (2014-2016 = 100),2024,2024,7021,Annual value,,118.010000,E
BFA,2025-01-01,2025-12-31,233,'854,Burkina Faso,1720,'F1720,"Roots and Tubers, Total",5539,Producer Price Index (2014-2016 = 100),2025,2025,7021,Annual value,,120.200000,E
BFA,1991-01-01,1991-12-31,233,'854,Burkina Faso,1729,'F1729,"Treenuts, Total",5539,Producer Price Index (2014-2016 = 100),1991,1991,7021,Annual value,,46.020000,E
BFA,1992-01-01,1992-12-31,233,'854,Burkina Faso,1729,'F1729,"Treenuts, Total",5539,Producer Price Index (2014-2016 = 100),1992,1992,7021,Annual value,,47.240000,E
BFA,1993-01-01,1993-12-31,233,'854,Burkina Faso,1729,'F1729,"Treenuts, Total",5539,Producer Price Index (2014-2016 = 100),1993,1993,7021,Annual value,,38.500000,E
BFA,1994-01-01,1994-12-31,233,'854,Burkina Faso,1729,'F1729,"Treenuts, Total",5539,Producer Price Index (2014-2016 = 100),1994,1994,7021,Annual value,,51.460000,E
BFA,1995-01-01,1995-12-31,233,'854,Burkina Faso,1729,'F1729,"Treenuts, Total",5539,Producer Price Index (2014-2016 = 100),1995,1995,7021,Annual value,,51.460000,E
BFA,1996-01-01,1996-12-31,233,'854,Burkina Faso,1729,'F1729,"Treenuts, Total",5539,Producer Price Index (2014-2016 = 100),1996,1996,7021,Annual value,,72.130000,E
BFA,1997-01-01,1997-12-31,233,'854,Burkina Faso,1729,'F1729,"Treenuts, Total",5539,Producer Price Index (2014-2016 = 100),1997,1997,7021,Annual value,,73.330000,E
BFA,1998-01-01,1998-12-31,233,'854,Burkina Faso,1729,'F1729,"Treenuts, Total",5539,Producer Price Index (2014-2016 = 100),1998,1998,7021,Annual value,,89.030000,E
BFA,1999-01-01,1999-12-31,233,'854,Burkina Faso,1729,'F1729,"Treenuts, Total",5539,Producer Price Index (2014-2016 = 100),1999,1999,7021,Annual value,,69.420000,E
BFA,2000-01-01,2000-12-31,233,'854,Burkina Faso,1729,'F1729,"Treenuts, Total",5539,Producer Price Index (2014-2016 = 100),2000,2000,7021,Annual value,,53.150000,E
BFA,2001-01-01,2001-12-31,233,'854,Burkina Faso,1729,'F1729,"Treenuts, Total",5539,Producer Price Index (2014-2016 = 100),2001,2001,7021,Annual value,,82.550000,E
BFA,2002-01-01,2002-12-31,233,'854,Burkina Faso,1729,'F1729,"Treenuts, Total",5539,Producer Price Index (2014-2016 = 100),2002,2002,7021,Annual value,,93.900000,E
BFA,2003-01-01,2003-12-31,233,'854,Burkina Faso,1729,'F1729,"Treenuts, Total",5539,Producer Price Index (2014-2016 = 100),2003,2003,7021,Annual value,,64.730000,E
BFA,2004-01-01,2004-12-31,233,'854,Burkina Faso,1729,'F1729,"Treenuts, Total",5539,Producer Price Index (2014-2016 = 100),2004,2004,7021,Annual value,,72.350000,E
BFA,2005-01-01,2005-12-31,233,'854,Burkina Faso,1729,'F1729,"Treenuts, Total",5539,Producer Price Index (2014-2016 = 100),2005,2005,7021,Annual value,,83.090000,E
BFA,2006-01-01,2006-12-31,233,'854,Burkina Faso,1729,'F1729,"Treenuts, Total",5539,Producer Price Index (2014-2016 = 100),2006,2006,7021,Annual value,,71.560000,E
BFA,2007-01-01,2007-12-31,233,'854,Burkina Faso,1729,'F1729,"Treenuts, Total",5539,Producer Price Index (2014-2016 = 100),2007,2007,7021,Annual value,,78.470000,E
BFA,2008-01-01,2008-12-31,233,'854,Burkina Faso,1729,'F1729,"Treenuts, Total",5539,Producer Price Index (2014-2016 = 100),2008,2008,7021,Annual value,,83.850000,E
BFA,2009-01-01,2009-12-31,233,'854,Burkina Faso,1729,'F1729,"Treenuts, Total",5539,Producer Price Index (2014-2016 = 100),2009,2009,7021,Annual value,,87.160000,E
BFA,2010-01-01,2010-12-31,233,'854,Burkina Faso,1729,'F1729,"Treenuts, Total",5539,Producer Price Index (2014-2016 = 100),2010,2010,7021,Annual value,,90.290000,E
BFA,2011-01-01,2011-12-31,233,'854,Burkina Faso,1729,'F1729,"Treenuts, Total",5539,Producer Price Index (2014-2016 = 100),2011,2011,7021,Annual value,,93.220000,E
BFA,2012-01-01,2012-12-31,233,'854,Burkina Faso,1729,'F1729,"Treenuts, Total",5539,Producer Price Index (2014-2016 = 100),2012,2012,7021,Annual value,,95.920000,E
BFA,2013-01-01,2013-12-31,233,'854,Burkina Faso,1729,'F1729,"Treenuts, Total",5539,Producer Price Index (2014-2016 = 100),2013,2013,7021,Annual value,,97.760000,E
BFA,2014-01-01,2014-12-31,233,'854,Burkina Faso,1729,'F1729,"Treenuts, Total",5539,Producer Price Index (2014-2016 = 100),2014,2014,7021,Annual value,,99.730000,E
BFA,2015-01-01,2015-12-31,233,'854,Burkina Faso,1729,'F1729,"Treenuts, Total",5539,Producer Price Index (2014-2016 = 100),2015,2015,7021,Annual value,,99.340000,E
BFA,2016-01-01,2016-12-31,233,'854,Burkina Faso,1729,'F1729,"Treenuts, Total",5539,Producer Price Index (2014-2016 = 100),2016,2016,7021,Annual value,,100.930000,E
BFA,2017-01-01,2017-12-31,233,'854,Burkina Faso,1729,'F1729,"Treenuts, Total",5539,Producer Price Index (2014-2016 = 100),2017,2017,7021,Annual value,,102.260000,E
BFA,2018-01-01,2018-12-31,233,'854,Burkina Faso,1729,'F1729,"Treenuts, Total",5539,Producer Price Index (2014-2016 = 100),2018,2018,7021,Annual value,,103.310000,E
BFA,2019-01-01,2019-12-31,233,'854,Burkina Faso,1729,'F1729,"Treenuts, Total",5539,Producer Price Index (2014-2016 = 100),2019,2019,7021,Annual value,,104.130000,E
BFA,2020-01-01,2020-12-31,233,'854,Burkina Faso,1729,'F1729,"Treenuts, Total",5539,Producer Price Index (2014-2016 = 100),2020,2020,7021,Annual value,,98.650000,E
BFA,2021-01-01,2021-12-31,233,'854,Burkina Faso,1729,'F1729,"Treenuts, Total",5539,Producer Price Index (2014-2016 = 100),2021,2021,7021,Annual value,,94.970000,E
BFA,2022-01-01,2022-12-31,233,'854,Burkina Faso,1729,'F1729,"Treenuts, Total",5539,Producer Price Index (2014-2016 = 100),2022,2022,7021,Annual value,,124.790000,E
BFA,2023-01-01,2023-12-31,233,'854,Burkina Faso,1729,'F1729,"Treenuts, Total",5539,Producer Price Index (2014-2016 = 100),2023,2023,7021,Annual value,,102.900000,E
BFA,2024-01-01,2024-12-31,233,'854,Burkina Faso,1729,'F1729,"Treenuts, Total",5539,Producer Price Index (2014-2016 = 100),2024,2024,7021,Annual value,,117.300000,E
BFA,2025-01-01,2025-12-31,233,'854,Burkina Faso,1729,'F1729,"Treenuts, Total",5539,Producer Price Index (2014-2016 = 100),2025,2025,7021,Annual value,,119.730000,E
BFA,1991-01-01,1991-12-31,233,'854,Burkina Faso,1800,'F1800,"Vegetables and Melons, Total",5539,Producer Price Index (2014-2016 = 100),1991,1991,7021,Annual value,,73.870000,E
BFA,1992-01-01,1992-12-31,233,'854,Burkina Faso,1800,'F1800,"Vegetables and Melons, Total",5539,Producer Price Index (2014-2016 = 100),1992,1992,7021,Annual value,,73.890000,E
BFA,1993-01-01,1993-12-31,233,'854,Burkina Faso,1800,'F1800,"Vegetables and Melons, Total",5539,Producer Price Index (2014-2016 = 100),1993,1993,7021,Annual value,,73.710000,E
BFA,1994-01-01,1994-12-31,233,'854,Burkina Faso,1800,'F1800,"Vegetables and Melons, Total",5539,Producer Price Index (2014-2016 = 100),1994,1994,7021,Annual value,,73.980000,E
BFA,1995-01-01,1995-12-31,233,'854,Burkina Faso,1800,'F1800,"Vegetables and Melons, Total",5539,Producer Price Index (2014-2016 = 100),1995,1995,7021,Annual value,,73.980000,E
BFA,1996-01-01,1996-12-31,233,'854,Burkina Faso,1800,'F1800,"Vegetables and Melons, Total",5539,Producer Price Index (2014-2016 = 100),1996,1996,7021,Annual value,,74.410000,E
BFA,1997-01-01,1997-12-31,233,'854,Burkina Faso,1800,'F1800,"Vegetables and Melons, Total",5539,Producer Price Index (2014-2016 = 100),1997,1997,7021,Annual value,,74.430000,E
BFA,1998-01-01,1998-12-31,233,'854,Burkina Faso,1800,'F1800,"Vegetables and Melons, Total",5539,Producer Price Index (2014-2016 = 100),1998,1998,7021,Annual value,,62.160000,E
BFA,1999-01-01,1999-12-31,233,'854,Burkina Faso,1800,'F1800,"Vegetables and Melons, Total",5539,Producer Price Index (2014-2016 = 100),1999,1999,7021,Annual value,,70.640000,E
BFA,2000-01-01,2000-12-31,233,'854,Burkina Faso,1800,'F1800,"Vegetables and Melons, Total",5539,Producer Price Index (2014-2016 = 100),2000,2000,7021,Annual value,,75.320000,E
BFA,2001-01-01,2001-12-31,233,'854,Burkina Faso,1800,'F1800,"Vegetables and Melons, Total",5539,Producer Price Index (2014-2016 = 100),2001,2001,7021,Annual value,,73.790000,E
BFA,2002-01-01,2002-12-31,233,'854,Burkina Faso,1800,'F1800,"Vegetables and Melons, Total",5539,Producer Price Index (2014-2016 = 100),2002,2002,7021,Annual value,,69.690000,E
BFA,2003-01-01,2003-12-31,233,'854,Burkina Faso,1800,'F1800,"Vegetables and Melons, Total",5539,Producer Price Index (2014-2016 = 100),2003,2003,7021,Annual value,,71.940000,E
BFA,2004-01-01,2004-12-31,233,'854,Burkina Faso,1800,'F1800,"Vegetables and Melons, Total",5539,Producer Price Index (2014-2016 = 100),2004,2004,7021,Annual value,,83.500000,E
BFA,2005-01-01,2005-12-31,233,'854,Burkina Faso,1800,'F1800,"Vegetables and Melons, Total",5539,Producer Price Index (2014-2016 = 100),2005,2005,7021,Annual value,,89.070000,E
BFA,2006-01-01,2006-12-31,233,'854,Burkina Faso,1800,'F1800,"Vegetables and Melons, Total",5539,Producer Price Index (2014-2016 = 100),2006,2006,7021,Annual value,,77.170000,E
BFA,2007-01-01,2007-12-31,233,'854,Burkina Faso,1800,'F1800,"Vegetables and Melons, Total",5539,Producer Price Index (2014-2016 = 100),2007,2007,7021,Annual value,,80.410000,E
BFA,2008-01-01,2008-12-31,233,'854,Burkina Faso,1800,'F1800,"Vegetables and Melons, Total",5539,Producer Price Index (2014-2016 = 100),2008,2008,7021,Annual value,,82.700000,E
BFA,2009-01-01,2009-12-31,233,'854,Burkina Faso,1800,'F1800,"Vegetables and Melons, Total",5539,Producer Price Index (2014-2016 = 100),2009,2009,7021,Annual value,,84.160000,E
BFA,2010-01-01,2010-12-31,233,'854,Burkina Faso,1800,'F1800,"Vegetables and Melons, Total",5539,Producer Price Index (2014-2016 = 100),2010,2010,7021,Annual value,,85.750000,E
BFA,2011-01-01,2011-12-31,233,'854,Burkina Faso,1800,'F1800,"Vegetables and Melons, Total",5539,Producer Price Index (2014-2016 = 100),2011,2011,7021,Annual value,,87.430000,E
BFA,2012-01-01,2012-12-31,233,'854,Burkina Faso,1800,'F1800,"Vegetables and Melons, Total",5539,Producer Price Index (2014-2016 = 100),2012,2012,7021,Annual value,,89.160000,E
BFA,2013-01-01,2013-12-31,233,'854,Burkina Faso,1800,'F1800,"Vegetables and Melons, Total",5539,Producer Price Index (2014-2016 = 100),2013,2013,7021,Annual value,,94.940000,E
BFA,2014-01-01,2014-12-31,233,'854,Burkina Faso,1800,'F1800,"Vegetables and Melons, Total",5539,Producer Price Index (2014-2016 = 100),2014,2014,7021,Annual value,,97.240000,E
BFA,2015-01-01,2015-12-31,233,'854,Burkina Faso,1800,'F1800,"Vegetables and Melons, Total",5539,Producer Price Index (2014-2016 = 100),2015,2015,7021,Annual value,,100.340000,E
BFA,2016-01-01,2016-12-31,233,'854,Burkina Faso,1800,'F1800,"Vegetables and Melons, Total",5539,Producer Price Index (2014-2016 = 100),2016,2016,7021,Annual value,,102.420000,E
BFA,2017-01-01,2017-12-31,233,'854,Burkina Faso,1800,'F1800,"Vegetables and Melons, Total",5539,Producer Price Index (2014-2016 = 100),2017,2017,7021,Annual value,,104.460000,E
BFA,2018-01-01,2018-12-31,233,'854,Burkina Faso,1800,'F1800,"Vegetables and Melons, Total",5539,Producer Price Index (2014-2016 = 100),2018,2018,7021,Annual value,,106.440000,E
BFA,2019-01-01,2019-12-31,233,'854,Burkina Faso,1800,'F1800,"Vegetables and Melons, Total",5539,Producer Price Index (2014-2016 = 100),2019,2019,7021,Annual value,,108.350000,E
BFA,2020-01-01,2020-12-31,233,'854,Burkina Faso,1800,'F1800,"Vegetables and Melons, Total",5539,Producer Price Index (2014-2016 = 100),2020,2020,7021,Annual value,,111.110000,E
BFA,2021-01-01,2021-12-31,233,'854,Burkina Faso,1800,'F1800,"Vegetables and Melons, Total",5539,Producer Price Index (2014-2016 = 100),2021,2021,7021,Annual value,,110.670000,E
BFA,2022-01-01,2022-12-31,233,'854,Burkina Faso,1800,'F1800,"Vegetables and Melons, Total",5539,Producer Price Index (2014-2016 = 100),2022,2022,7021,Annual value,,116.520000,E
BFA,2023-01-01,2023-12-31,233,'854,Burkina Faso,1800,'F1800,"Vegetables and Melons, Total",5539,Producer Price Index (2014-2016 = 100),2023,2023,7021,Annual value,,114.990000,E
BFA,2024-01-01,2024-12-31,233,'854,Burkina Faso,1800,'F1800,"Vegetables and Melons, Total",5539,Producer Price Index (2014-2016 = 100),2024,2024,7021,Annual value,,121.800000,E
BFA,2025-01-01,2025-12-31,233,'854,Burkina Faso,1800,'F1800,"Vegetables and Melons, Total",5539,Producer Price Index (2014-2016 = 100),2025,2025,7021,Annual value,,124.530000,E
BFA,1991-01-01,1991-12-31,233,'854,Burkina Faso,1735,'F1735,Vegetables Primary,5539,Producer Price Index (2014-2016 = 100),1991,1991,7021,Annual value,,73.870000,E
BFA,1992-01-01,1992-12-31,233,'854,Burkina Faso,1735,'F1735,Vegetables Primary,5539,Producer Price Index (2014-2016 = 100),1992,1992,7021,Annual value,,73.890000,E
BFA,1993-01-01,1993-12-31,233,'854,Burkina Faso,1735,'F1735,Vegetables Primary,5539,Producer Price Index (2014-2016 = 100),1993,1993,7021,Annual value,,73.710000,E
BFA,1994-01-01,1994-12-31,233,'854,Burkina Faso,1735,'F1735,Vegetables Primary,5539,Producer Price Index (2014-2016 = 100),1994,1994,7021,Annual value,,73.980000,E
BFA,1995-01-01,1995-12-31,233,'854,Burkina Faso,1735,'F1735,Vegetables Primary,5539,Producer Price Index (2014-2016 = 100),1995,1995,7021,Annual value,,73.980000,E
BFA,1996-01-01,1996-12-31,233,'854,Burkina Faso,1735,'F1735,Vegetables Primary,5539,Producer Price Index (2014-2016 = 100),1996,1996,7021,Annual value,,74.410000,E
BFA,1997-01-01,1997-12-31,233,'854,Burkina Faso,1735,'F1735,Vegetables Primary,5539,Producer Price Index (2014-2016 = 100),1997,1997,7021,Annual value,,74.430000,E
BFA,1998-01-01,1998-12-31,233,'854,Burkina Faso,1735,'F1735,Vegetables Primary,5539,Producer Price Index (2014-2016 = 100),1998,1998,7021,Annual value,,62.160000,E
BFA,1999-01-01,1999-12-31,233,'854,Burkina Faso,1735,'F1735,Vegetables Primary,5539,Producer Price Index (2014-2016 = 100),1999,1999,7021,Annual value,,70.640000,E
BFA,2000-01-01,2000-12-31,233,'854,Burkina Faso,1735,'F1735,Vegetables Primary,5539,Producer Price Index (2014-2016 = 100),2000,2000,7021,Annual value,,75.320000,E
BFA,2001-01-01,2001-12-31,233,'854,Burkina Faso,1735,'F1735,Vegetables Primary,5539,Producer Price Index (2014-2016 = 100),2001,2001,7021,Annual value,,73.790000,E
BFA,2002-01-01,2002-12-31,233,'854,Burkina Faso,1735,'F1735,Vegetables Primary,5539,Producer Price Index (2014-2016 = 100),2002,2002,7021,Annual value,,69.690000,E
BFA,2003-01-01,2003-12-31,233,'854,Burkina Faso,1735,'F1735,Vegetables Primary,5539,Producer Price Index (2014-2016 = 100),2003,2003,7021,Annual value,,71.940000,E
BFA,2004-01-01,2004-12-31,233,'854,Burkina Faso,1735,'F1735,Vegetables Primary,5539,Producer Price Index (2014-2016 = 100),2004,2004,7021,Annual value,,83.500000,E
BFA,2005-01-01,2005-12-31,233,'854,Burkina Faso,1735,'F1735,Vegetables Primary,5539,Producer Price Index (2014-2016 = 100),2005,2005,7021,Annual value,,89.070000,E
BFA,2006-01-01,2006-12-31,233,'854,Burkina Faso,1735,'F1735,Vegetables Primary,5539,Producer Price Index (2014-2016 = 100),2006,2006,7021,Annual value,,77.170000,E
BFA,2007-01-01,2007-12-31,233,'854,Burkina Faso,1735,'F1735,Vegetables Primary,5539,Producer Price Index (2014-2016 = 100),2007,2007,7021,Annual value,,80.410000,E
BFA,2008-01-01,2008-12-31,233,'854,Burkina Faso,1735,'F1735,Vegetables Primary,5539,Producer Price Index (2014-2016 = 100),2008,2008,7021,Annual value,,82.700000,E
BFA,2009-01-01,2009-12-31,233,'854,Burkina Faso,1735,'F1735,Vegetables Primary,5539,Producer Price Index (2014-2016 = 100),2009,2009,7021,Annual value,,84.160000,E
BFA,2010-01-01,2010-12-31,233,'854,Burkina Faso,1735,'F1735,Vegetables Primary,5539,Producer Price Index (2014-2016 = 100),2010,2010,7021,Annual value,,85.750000,E
BFA,2011-01-01,2011-12-31,233,'854,Burkina Faso,1735,'F1735,Vegetables Primary,5539,Producer Price Index (2014-2016 = 100),2011,2011,7021,Annual value,,87.430000,E
BFA,2012-01-01,2012-12-31,233,'854,Burkina Faso,1735,'F1735,Vegetables Primary,5539,Producer Price Index (2014-2016 = 100),2012,2012,7021,Annual value,,89.160000,E
BFA,2013-01-01,2013-12-31,233,'854,Burkina Faso,1735,'F1735,Vegetables Primary,5539,Producer Price Index (2014-2016 = 100),2013,2013,7021,Annual value,,94.940000,E
BFA,2014-01-01,2014-12-31,233,'854,Burkina Faso,1735,'F1735,Vegetables Primary,5539,Producer Price Index (2014-2016 = 100),2014,2014,7021,Annual value,,97.240000,E
BFA,2015-01-01,2015-12-31,233,'854,Burkina Faso,1735,'F1735,Vegetables Primary,5539,Producer Price Index (2014-2016 = 100),2015,2015,7021,Annual value,,100.340000,E
BFA,2016-01-01,2016-12-31,233,'854,Burkina Faso,1735,'F1735,Vegetables Primary,5539,Producer Price Index (2014-2016 = 100),2016,2016,7021,Annual value,,102.420000,E
BFA,2017-01-01,2017-12-31,233,'854,Burkina Faso,1735,'F1735,Vegetables Primary,5539,Producer Price Index (2014-2016 = 100),2017,2017,7021,Annual value,,104.460000,E
BFA,2018-01-01,2018-12-31,233,'854,Burkina Faso,1735,'F1735,Vegetables Primary,5539,Producer Price Index (2014-2016 = 100),2018,2018,7021,Annual value,,106.440000,E
BFA,2019-01-01,2019-12-31,233,'854,Burkina Faso,1735,'F1735,Vegetables Primary,5539,Producer Price Index (2014-2016 = 100),2019,2019,7021,Annual value,,108.350000,E
BFA,2020-01-01,2020-12-31,233,'854,Burkina Faso,1735,'F1735,Vegetables Primary,5539,Producer Price Index (2014-2016 = 100),2020,2020,7021,Annual value,,111.110000,E
BFA,2021-01-01,2021-12-31,233,'854,Burkina Faso,1735,'F1735,Vegetables Primary,5539,Producer Price Index (2014-2016 = 100),2021,2021,7021,Annual value,,110.670000,E
BFA,2022-01-01,2022-12-31,233,'854,Burkina Faso,1735,'F1735,Vegetables Primary,5539,Producer Price Index (2014-2016 = 100),2022,2022,7021,Annual value,,116.520000,E
BFA,2023-01-01,2023-12-31,233,'854,Burkina Faso,1735,'F1735,Vegetables Primary,5539,Producer Price Index (2014-2016 = 100),2023,2023,7021,Annual value,,114.990000,E
BFA,2024-01-01,2024-12-31,233,'854,Burkina Faso,1735,'F1735,Vegetables Primary,5539,Producer Price Index (2014-2016 = 100),2024,2024,7021,Annual value,,121.800000,E
BFA,2025-01-01,2025-12-31,233,'854,Burkina Faso,1735,'F1735,Vegetables Primary,5539,Producer Price Index (2014-2016 = 100),2025,2025,7021,Annual value,,124.530000,E
