Country Name,Country ISO3,Year,Indicator Name,Indicator Code,Value
Burkina Faso,BFA,2023,Agricultural land (sq. km),AG.LND.AGRI.K2,146107.887
Burkina Faso,BFA,2022,Agricultural land (sq. km),AG.LND.AGRI.K2,145964.887
Burkina Faso,BFA,2021,Agricultural land (sq. km),AG.LND.AGRI.K2,144107.582
Burkina Faso,BFA,2020,Agricultural land (sq. km),AG.LND.AGRI.K2,142708.277
Burkina Faso,BFA,2019,Agricultural land (sq. km),AG.LND.AGRI.K2,141387.972
Burkina Faso,BFA,2018,Agricultural land (sq. km),AG.LND.AGRI.K2,140072.668
Burkina Faso,BFA,2017,Agricultural land (sq. km),AG.LND.AGRI.K2,137782.363
Burkina Faso,BFA,2016,Agricultural land (sq. km),AG.LND.AGRI.K2,136324.058
Burkina Faso,BFA,2015,Agricultural land (sq. km),AG.LND.AGRI.K2,134865.753
Burkina Faso,BFA,2014,Agricultural land (sq. km),AG.LND.AGRI.K2,133207.448
Burkina Faso,BFA,2013,Agricultural land (sq. km),AG.LND.AGRI.K2,131649.143
Burkina Faso,BFA,2012,Agricultural land (sq. km),AG.LND.AGRI.K2,129490.839
Burkina Faso,BFA,2011,Agricultural land (sq. km),AG.LND.AGRI.K2,127932.534
Burkina Faso,BFA,2010,Agricultural land (sq. km),AG.LND.AGRI.K2,125914.229
Burkina Faso,BFA,2009,Agricultural land (sq. km),AG.LND.AGRI.K2,124315.924
Burkina Faso,BFA,2008,Agricultural land (sq. km),AG.LND.AGRI.K2,122882.62
Burkina Faso,BFA,2007,Agricultural land (sq. km),AG.LND.AGRI.K2,121499.315
Burkina Faso,BFA,2006,Agricultural land (sq. km),AG.LND.AGRI.K2,120191.01
Burkina Faso,BFA,2005,Agricultural land (sq. km),AG.LND.AGRI.K2,118812.705
Burkina Faso,BFA,2004,Agricultural land (sq. km),AG.LND.AGRI.K2,117394.4
Burkina Faso,BFA,2003,Agricultural land (sq. km),AG.LND.AGRI.K2,115966.096
Burkina Faso,BFA,2002,Agricultural land (sq. km),AG.LND.AGRI.K2,114687.791
Burkina Faso,BFA,2001,Agricultural land (sq. km),AG.LND.AGRI.K2,113409.486
Burkina Faso,BFA,2000,Agricultural land (sq. km),AG.LND.AGRI.K2,112111.181
Burkina Faso,BFA,1999,Agricultural land (sq. km),AG.LND.AGRI.K2,110832.877
Burkina Faso,BFA,1998,Agricultural land (sq. km),AG.LND.AGRI.K2,109574.572
Burkina Faso,BFA,1997,Agricultural land (sq. km),AG.LND.AGRI.K2,108316.267
Burkina Faso,BFA,1996,Agricultural land (sq. km),AG.LND.AGRI.K2,107057.962
Burkina Faso,BFA,1995,Agricultural land (sq. km),AG.LND.AGRI.K2,105799.657
Burkina Faso,BFA,1994,Agricultural land (sq. km),AG.LND.AGRI.K2,104541.353
Burkina Faso,BFA,1993,Agricultural land (sq. km),AG.LND.AGRI.K2,103283.048
Burkina Faso,BFA,1992,Agricultural land (sq. km),AG.LND.AGRI.K2,102024.743
Burkina Faso,BFA,1991,Agricultural land (sq. km),AG.LND.AGRI.K2,100766.438
Burkina Faso,BFA,1990,Agricultural land (sq. km),AG.LND.AGRI.K2,99508.133
Burkina Faso,BFA,1989,Agricultural land (sq. km),AG.LND.AGRI.K2,98249.829
Burkina Faso,BFA,1988,Agricultural land (sq. km),AG.LND.AGRI.K2,96991.524
Burkina Faso,BFA,1987,Agricultural land (sq. km),AG.LND.AGRI.K2,95683.219
Burkina Faso,BFA,1986,Agricultural land (sq. km),AG.LND.AGRI.K2,94374.914
Burkina Faso,BFA,1985,Agricultural land (sq. km),AG.LND.AGRI.K2,93066.61
Burkina Faso,BFA,1984,Agricultural land (sq. km),AG.LND.AGRI.K2,91808.305
Burkina Faso,BFA,1983,Agricultural land (sq. km),AG.LND.AGRI.K2,90500
Burkina Faso,BFA,1982,Agricultural land (sq. km),AG.LND.AGRI.K2,90450
Burkina Faso,BFA,1981,Agricultural land (sq. km),AG.LND.AGRI.K2,90450
Burkina Faso,BFA,1980,Agricultural land (sq. km),AG.LND.AGRI.K2,90400
Burkina Faso,BFA,1979,Agricultural land (sq. km),AG.LND.AGRI.K2,90350
Burkina Faso,BFA,1978,Agricultural land (sq. km),AG.LND.AGRI.K2,90350
Burkina Faso,BFA,1977,Agricultural land (sq. km),AG.LND.AGRI.K2,90350
Burkina Faso,BFA,1976,Agricultural land (sq. km),AG.LND.AGRI.K2,90350
Burkina Faso,BFA,1975,Agricultural land (sq. km),AG.LND.AGRI.K2,90300
Burkina Faso,BFA,1974,Agricultural land (sq. km),AG.LND.AGRI.K2,90200
Burkina Faso,BFA,1973,Agricultural land (sq. km),AG.LND.AGRI.K2,90200
Burkina Faso,BFA,1972,Agricultural land (sq. km),AG.LND.AGRI.K2,90200
Burkina Faso,BFA,1971,Agricultural land (sq. km),AG.LND.AGRI.K2,90200
Burkina Faso,BFA,1970,Agricultural land (sq. km),AG.LND.AGRI.K2,90200
Burkina Faso,BFA,1969,Agricultural land (sq. km),AG.LND.AGRI.K2,90200
Burkina Faso,BFA,1968,Agricultural land (sq. km),AG.LND.AGRI.K2,90200
Burkina Faso,BFA,1967,Agricultural land (sq. km),AG.LND.AGRI.K2,90200
Burkina Faso,BFA,1966,Agricultural land (sq. km),AG.LND.AGRI.K2,90200
Burkina Faso,BFA,1965,Agricultural land (sq. km),AG.LND.AGRI.K2,90200
Burkina Faso,BFA,1964,Agricultural land (sq. km),AG.LND.AGRI.K2,90200
Burkina Faso,BFA,1963,Agricultural land (sq. km),AG.LND.AGRI.K2,90150
Burkina Faso,BFA,1962,Agricultural land (sq. km),AG.LND.AGRI.K2,90150
Burkina Faso,BFA,1961,Agricultural land (sq. km),AG.LND.AGRI.K2,90150
Burkina Faso,BFA,2023,Agricultural land (% of land area),AG.LND.AGRI.ZS,53.4020054824561
Burkina Faso,BFA,2022,Agricultural land (% of land area),AG.LND.AGRI.ZS,53.3497394005848
Burkina Faso,BFA,2021,Agricultural land (% of land area),AG.LND.AGRI.ZS,52.6708998538012
Burkina Faso,BFA,2020,Agricultural land (% of land area),AG.LND.AGRI.ZS,52.1594579678363
Burkina Faso,BFA,2019,Agricultural land (% of land area),AG.LND.AGRI.ZS,51.6768903508772
Burkina Faso,BFA,2018,Agricultural land (% of land area),AG.LND.AGRI.ZS,51.1961505847953
Burkina Faso,BFA,2017,Agricultural land (% of land area),AG.LND.AGRI.ZS,50.3590508040936
Burkina Faso,BFA,2016,Agricultural land (% of land area),AG.LND.AGRI.ZS,49.8260445906433
Burkina Faso,BFA,2015,Agricultural land (% of land area),AG.LND.AGRI.ZS,49.293038377193
Burkina Faso,BFA,2014,Agricultural land (% of land area),AG.LND.AGRI.ZS,48.686932748538
Burkina Faso,BFA,2013,Agricultural land (% of land area),AG.LND.AGRI.ZS,48.1173768274854
Burkina Faso,BFA,2012,Agricultural land (% of land area),AG.LND.AGRI.ZS,47.3285230263158
Burkina Faso,BFA,2011,Agricultural land (% of land area),AG.LND.AGRI.ZS,46.7589671052632
Burkina Faso,BFA,2010,Agricultural land (% of land area),AG.LND.AGRI.ZS,46.0212825292398
Burkina Faso,BFA,2009,Agricultural land (% of land area),AG.LND.AGRI.ZS,45.4371067251462
Burkina Faso,BFA,2008,Agricultural land (% of land area),AG.LND.AGRI.ZS,44.9132383040936
Burkina Faso,BFA,2007,Agricultural land (% of land area),AG.LND.AGRI.ZS,44.407644371345
Burkina Faso,BFA,2006,Agricultural land (% of land area),AG.LND.AGRI.ZS,43.9294627192982
Burkina Faso,BFA,2005,Agricultural land (% of land area),AG.LND.AGRI.ZS,43.4256962719298
Burkina Faso,BFA,2004,Agricultural land (% of land area),AG.LND.AGRI.ZS,42.9073099415205
Burkina Faso,BFA,2003,Agricultural land (% of land area),AG.LND.AGRI.ZS,42.385269005848
Burkina Faso,BFA,2002,Agricultural land (% of land area),AG.LND.AGRI.ZS,41.9180522660819
Burkina Faso,BFA,2001,Agricultural land (% of land area),AG.LND.AGRI.ZS,41.4508355263158
Burkina Faso,BFA,2000,Agricultural land (% of land area),AG.LND.AGRI.ZS,40.9763088450292
Burkina Faso,BFA,1999,Agricultural land (% of land area),AG.LND.AGRI.ZS,40.5090924707602
Burkina Faso,BFA,1998,Agricultural land (% of land area),AG.LND.AGRI.ZS,40.0491856725146
Burkina Faso,BFA,1997,Agricultural land (% of land area),AG.LND.AGRI.ZS,39.589278874269
Burkina Faso,BFA,1996,Agricultural land (% of land area),AG.LND.AGRI.ZS,39.1293720760234
Burkina Faso,BFA,1995,Agricultural land (% of land area),AG.LND.AGRI.ZS,38.6694652777778
Burkina Faso,BFA,1994,Agricultural land (% of land area),AG.LND.AGRI.ZS,38.2095588450292
Burkina Faso,BFA,1993,Agricultural land (% of land area),AG.LND.AGRI.ZS,37.7496520467836
Burkina Faso,BFA,1992,Agricultural land (% of land area),AG.LND.AGRI.ZS,37.289745248538
Burkina Faso,BFA,1991,Agricultural land (% of land area),AG.LND.AGRI.ZS,36.8298384502924
Burkina Faso,BFA,1990,Agricultural land (% of land area),AG.LND.AGRI.ZS,36.3699316520468
Burkina Faso,BFA,1989,Agricultural land (% of land area),AG.LND.AGRI.ZS,35.9100252192982
Burkina Faso,BFA,1988,Agricultural land (% of land area),AG.LND.AGRI.ZS,35.4501184210526
Burkina Faso,BFA,1987,Agricultural land (% of land area),AG.LND.AGRI.ZS,34.9719367690059
Burkina Faso,BFA,1986,Agricultural land (% of land area),AG.LND.AGRI.ZS,34.4937551169591
Burkina Faso,BFA,1985,Agricultural land (% of land area),AG.LND.AGRI.ZS,34.0155738304094
Burkina Faso,BFA,1984,Agricultural land (% of land area),AG.LND.AGRI.ZS,33.5556670321637
Burkina Faso,BFA,1983,Agricultural land (% of land area),AG.LND.AGRI.ZS,33.077485380117
Burkina Faso,BFA,1982,Agricultural land (% of land area),AG.LND.AGRI.ZS,33.0592105263158
Burkina Faso,BFA,1981,Agricultural land (% of land area),AG.LND.AGRI.ZS,33.0592105263158
Burkina Faso,BFA,1980,Agricultural land (% of land area),AG.LND.AGRI.ZS,33.0409356725146
Burkina Faso,BFA,1979,Agricultural land (% of land area),AG.LND.AGRI.ZS,33.0226608187134
Burkina Faso,BFA,1978,Agricultural land (% of land area),AG.LND.AGRI.ZS,33.0226608187134
Burkina Faso,BFA,1977,Agricultural land (% of land area),AG.LND.AGRI.ZS,33.0226608187134
Burkina Faso,BFA,1976,Agricultural land (% of land area),AG.LND.AGRI.ZS,33.0226608187134
Burkina Faso,BFA,1975,Agricultural land (% of land area),AG.LND.AGRI.ZS,33.0043859649123
Burkina Faso,BFA,1974,Agricultural land (% of land area),AG.LND.AGRI.ZS,32.9678362573099
Burkina Faso,BFA,1973,Agricultural land (% of land area),AG.LND.AGRI.ZS,32.9678362573099
Burkina Faso,BFA,1972,Agricultural land (% of land area),AG.LND.AGRI.ZS,32.9678362573099
Burkina Faso,BFA,1971,Agricultural land (% of land area),AG.LND.AGRI.ZS,32.9678362573099
Burkina Faso,BFA,1970,Agricultural land (% of land area),AG.LND.AGRI.ZS,32.9678362573099
Burkina Faso,BFA,1969,Agricultural land (% of land area),AG.LND.AGRI.ZS,32.9678362573099
Burkina Faso,BFA,1968,Agricultural land (% of land area),AG.LND.AGRI.ZS,32.9678362573099
Burkina Faso,BFA,1967,Agricultural land (% of land area),AG.LND.AGRI.ZS,32.9678362573099
Burkina Faso,BFA,1966,Agricultural land (% of land area),AG.LND.AGRI.ZS,32.9678362573099
Burkina Faso,BFA,1965,Agricultural land (% of land area),AG.LND.AGRI.ZS,32.9678362573099
Burkina Faso,BFA,1964,Agricultural land (% of land area),AG.LND.AGRI.ZS,32.9678362573099
Burkina Faso,BFA,1963,Agricultural land (% of land area),AG.LND.AGRI.ZS,32.9495614035088
Burkina Faso,BFA,1962,Agricultural land (% of land area),AG.LND.AGRI.ZS,32.9495614035088
Burkina Faso,BFA,1961,Agricultural land (% of land area),AG.LND.AGRI.ZS,32.9495614035088
Burkina Faso,BFA,2023,Arable land (% of land area),AG.LND.ARBL.ZS,28.9012744883041
Burkina Faso,BFA,2022,Arable land (% of land area),AG.LND.ARBL.ZS,28.9012744883041
Burkina Faso,BFA,2021,Arable land (% of land area),AG.LND.ARBL.ZS,28.4413676900585
Burkina Faso,BFA,2020,Arable land (% of land area),AG.LND.ARBL.ZS,27.9814608918129
Burkina Faso,BFA,2019,Arable land (% of land area),AG.LND.ARBL.ZS,27.5215540935673
Burkina Faso,BFA,2018,Arable land (% of land area),AG.LND.ARBL.ZS,27.0616472953216
Burkina Faso,BFA,2017,Arable land (% of land area),AG.LND.ARBL.ZS,26.6017408625731
Burkina Faso,BFA,2016,Arable land (% of land area),AG.LND.ARBL.ZS,26.1418340643275
Burkina Faso,BFA,2015,Arable land (% of land area),AG.LND.ARBL.ZS,25.6819272660819
Burkina Faso,BFA,2014,Arable land (% of land area),AG.LND.ARBL.ZS,25.2220204678363
Burkina Faso,BFA,2013,Arable land (% of land area),AG.LND.ARBL.ZS,24.7621140350877
Burkina Faso,BFA,2012,Arable land (% of land area),AG.LND.ARBL.ZS,24.3022072368421
Burkina Faso,BFA,2011,Arable land (% of land area),AG.LND.ARBL.ZS,23.8423004385965
Burkina Faso,BFA,2010,Arable land (% of land area),AG.LND.ARBL.ZS,23.3823936403509
Burkina Faso,BFA,2009,Arable land (% of land area),AG.LND.ARBL.ZS,22.9224868421053
Burkina Faso,BFA,2008,Arable land (% of land area),AG.LND.ARBL.ZS,22.4625804093567
Burkina Faso,BFA,2007,Arable land (% of land area),AG.LND.ARBL.ZS,22.0026736111111
Burkina Faso,BFA,2006,Arable land (% of land area),AG.LND.ARBL.ZS,21.5427668128655
Burkina Faso,BFA,2005,Arable land (% of land area),AG.LND.ARBL.ZS,21.0828600146199
Burkina Faso,BFA,2004,Arable land (% of land area),AG.LND.ARBL.ZS,20.6229532163743
Burkina Faso,BFA,2003,Arable land (% of land area),AG.LND.ARBL.ZS,20.1630467836257
Burkina Faso,BFA,2002,Arable land (% of land area),AG.LND.ARBL.ZS,19.7031399853801
Burkina Faso,BFA,2001,Arable land (% of land area),AG.LND.ARBL.ZS,19.2432331871345
Burkina Faso,BFA,2000,Arable land (% of land area),AG.LND.ARBL.ZS,18.7833263888889
Burkina Faso,BFA,1999,Arable land (% of land area),AG.LND.ARBL.ZS,18.3234199561404
Burkina Faso,BFA,1998,Arable land (% of land area),AG.LND.ARBL.ZS,17.8635131578947
Burkina Faso,BFA,1997,Arable land (% of land area),AG.LND.ARBL.ZS,17.4036063596491
Burkina Faso,BFA,1996,Arable land (% of land area),AG.LND.ARBL.ZS,16.9436995614035
Burkina Faso,BFA,1995,Arable land (% of land area),AG.LND.ARBL.ZS,16.4837927631579
Burkina Faso,BFA,1994,Arable land (% of land area),AG.LND.ARBL.ZS,16.0238863304094
Burkina Faso,BFA,1993,Arable land (% of land area),AG.LND.ARBL.ZS,15.5639795321637
Burkina Faso,BFA,1992,Arable land (% of land area),AG.LND.ARBL.ZS,15.1040727339181
Burkina Faso,BFA,1991,Arable land (% of land area),AG.LND.ARBL.ZS,14.6441659356725
Burkina Faso,BFA,1990,Arable land (% of land area),AG.LND.ARBL.ZS,14.1842591374269
Burkina Faso,BFA,1989,Arable land (% of land area),AG.LND.ARBL.ZS,13.7243527046784
Burkina Faso,BFA,1988,Arable land (% of land area),AG.LND.ARBL.ZS,13.2644459064327
Burkina Faso,BFA,1987,Arable land (% of land area),AG.LND.ARBL.ZS,12.8045391081871
Burkina Faso,BFA,1986,Arable land (% of land area),AG.LND.ARBL.ZS,12.3446323099415
Burkina Faso,BFA,1985,Arable land (% of land area),AG.LND.ARBL.ZS,11.884725877193
Burkina Faso,BFA,1984,Arable land (% of land area),AG.LND.ARBL.ZS,11.4248190789474
Burkina Faso,BFA,1983,Arable land (% of land area),AG.LND.ARBL.ZS,10.9649122807018
Burkina Faso,BFA,1982,Arable land (% of land area),AG.LND.ARBL.ZS,10.9649122807018
Burkina Faso,BFA,1981,Arable land (% of land area),AG.LND.ARBL.ZS,10.9649122807018
Burkina Faso,BFA,1980,Arable land (% of land area),AG.LND.ARBL.ZS,10.9649122807018
Burkina Faso,BFA,1979,Arable land (% of land area),AG.LND.ARBL.ZS,10.9649122807018
Burkina Faso,BFA,1978,Arable land (% of land area),AG.LND.ARBL.ZS,10.9649122807018
Burkina Faso,BFA,1977,Arable land (% of land area),AG.LND.ARBL.ZS,10.9649122807018
Burkina Faso,BFA,1976,Arable land (% of land area),AG.LND.ARBL.ZS,10.9649122807018
Burkina Faso,BFA,1975,Arable land (% of land area),AG.LND.ARBL.ZS,10.9649122807018
Burkina Faso,BFA,1974,Arable land (% of land area),AG.LND.ARBL.ZS,10.9649122807018
Burkina Faso,BFA,1973,Arable land (% of land area),AG.LND.ARBL.ZS,10.9649122807018
Burkina Faso,BFA,1972,Arable land (% of land area),AG.LND.ARBL.ZS,10.9649122807018
Burkina Faso,BFA,1971,Arable land (% of land area),AG.LND.ARBL.ZS,10.9649122807018
Burkina Faso,BFA,1970,Arable land (% of land area),AG.LND.ARBL.ZS,10.9649122807018
Burkina Faso,BFA,1969,Arable land (% of land area),AG.LND.ARBL.ZS,10.9649122807018
Burkina Faso,BFA,1968,Arable land (% of land area),AG.LND.ARBL.ZS,10.9649122807018
Burkina Faso,BFA,1967,Arable land (% of land area),AG.LND.ARBL.ZS,10.9649122807018
Burkina Faso,BFA,1966,Arable land (% of land area),AG.LND.ARBL.ZS,10.9649122807018
Burkina Faso,BFA,1965,Arable land (% of land area),AG.LND.ARBL.ZS,10.9649122807018
Burkina Faso,BFA,1964,Arable land (% of land area),AG.LND.ARBL.ZS,10.9649122807018
Burkina Faso,BFA,1963,Arable land (% of land area),AG.LND.ARBL.ZS,10.9649122807018
Burkina Faso,BFA,1962,Arable land (% of land area),AG.LND.ARBL.ZS,10.9649122807018
Burkina Faso,BFA,1961,Arable land (% of land area),AG.LND.ARBL.ZS,10.9649122807018
Burkina Faso,BFA,2015,Rural land area where elevation is below 5 meters (sq. km),AG.LND.EL5M.RU.K2,0
Burkina Faso,BFA,2000,Rural land area where elevation is below 5 meters (sq. km),AG.LND.EL5M.RU.K2,0
Burkina Faso,BFA,1990,Rural land area where elevation is below 5 meters (sq. km),AG.LND.EL5M.RU.K2,0
Burkina Faso,BFA,2015,Rural land area where elevation is below 5 meters (% of total land area),AG.LND.EL5M.RU.ZS,0
Burkina Faso,BFA,2000,Rural land area where elevation is below 5 meters (% of total land area),AG.LND.EL5M.RU.ZS,0
Burkina Faso,BFA,1990,Rural land area where elevation is below 5 meters (% of total land area),AG.LND.EL5M.RU.ZS,0
Burkina Faso,BFA,2015,Urban land area where elevation is below 5 meters (sq. km),AG.LND.EL5M.UR.K2,0
Burkina Faso,BFA,2000,Urban land area where elevation is below 5 meters (sq. km),AG.LND.EL5M.UR.K2,0
Burkina Faso,BFA,1990,Urban land area where elevation is below 5 meters (sq. km),AG.LND.EL5M.UR.K2,0
Burkina Faso,BFA,2015,Urban land area where elevation is below 5 meters (% of total land area),AG.LND.EL5M.UR.ZS,0
Burkina Faso,BFA,2000,Urban land area where elevation is below 5 meters (% of total land area),AG.LND.EL5M.UR.ZS,0
Burkina Faso,BFA,1990,Urban land area where elevation is below 5 meters (% of total land area),AG.LND.EL5M.UR.ZS,0
Burkina Faso,BFA,2015,Land area where elevation is below 5 meters (% of total land area),AG.LND.EL5M.ZS,0
Burkina Faso,BFA,2000,Land area where elevation is below 5 meters (% of total land area),AG.LND.EL5M.ZS,0
Burkina Faso,BFA,1990,Land area where elevation is below 5 meters (% of total land area),AG.LND.EL5M.ZS,0
Burkina Faso,BFA,2023,Forest area (sq. km),AG.LND.FRST.K2,60664
Burkina Faso,BFA,2022,Forest area (sq. km),AG.LND.FRST.K2,61164
Burkina Faso,BFA,2021,Forest area (sq. km),AG.LND.FRST.K2,61664
Burkina Faso,BFA,2020,Forest area (sq. km),AG.LND.FRST.K2,62164
Burkina Faso,BFA,2019,Forest area (sq. km),AG.LND.FRST.K2,62664
Burkina Faso,BFA,2018,Forest area (sq. km),AG.LND.FRST.K2,63164
Burkina Faso,BFA,2017,Forest area (sq. km),AG.LND.FRST.K2,63664
Burkina Faso,BFA,2016,Forest area (sq. km),AG.LND.FRST.K2,64164
Burkina Faso,BFA,2015,Forest area (sq. km),AG.LND.FRST.K2,64664
Burkina Faso,BFA,2014,Forest area (sq. km),AG.LND.FRST.K2,65164.2
Burkina Faso,BFA,2013,Forest area (sq. km),AG.LND.FRST.K2,65664.4
Burkina Faso,BFA,2012,Forest area (sq. km),AG.LND.FRST.K2,66164.6
Burkina Faso,BFA,2011,Forest area (sq. km),AG.LND.FRST.K2,66664.8
Burkina Faso,BFA,2010,Forest area (sq. km),AG.LND.FRST.K2,67165
Burkina Faso,BFA,2009,Forest area (sq. km),AG.LND.FRST.K2,67665
Burkina Faso,BFA,2008,Forest area (sq. km),AG.LND.FRST.K2,68165
Burkina Faso,BFA,2007,Forest area (sq. km),AG.LND.FRST.K2,68665
Burkina Faso,BFA,2006,Forest area (sq. km),AG.LND.FRST.K2,69165
Burkina Faso,BFA,2005,Forest area (sq. km),AG.LND.FRST.K2,69665
Burkina Faso,BFA,2004,Forest area (sq. km),AG.LND.FRST.K2,70165
Burkina Faso,BFA,2003,Forest area (sq. km),AG.LND.FRST.K2,70665
Burkina Faso,BFA,2002,Forest area (sq. km),AG.LND.FRST.K2,71165
Burkina Faso,BFA,2001,Forest area (sq. km),AG.LND.FRST.K2,71665
Burkina Faso,BFA,2000,Forest area (sq. km),AG.LND.FRST.K2,72165
Burkina Faso,BFA,1999,Forest area (sq. km),AG.LND.FRST.K2,72665.1
Burkina Faso,BFA,1998,Forest area (sq. km),AG.LND.FRST.K2,73165.2
Burkina Faso,BFA,1997,Forest area (sq. km),AG.LND.FRST.K2,73665.3
Burkina Faso,BFA,1996,Forest area (sq. km),AG.LND.FRST.K2,74165.4
Burkina Faso,BFA,1995,Forest area (sq. km),AG.LND.FRST.K2,74665.5
Burkina Faso,BFA,1994,Forest area (sq. km),AG.LND.FRST.K2,75165.6
Burkina Faso,BFA,1993,Forest area (sq. km),AG.LND.FRST.K2,75665.7
Burkina Faso,BFA,1992,Forest area (sq. km),AG.LND.FRST.K2,76165.8
Burkina Faso,BFA,1991,Forest area (sq. km),AG.LND.FRST.K2,76665.9
Burkina Faso,BFA,1990,Forest area (sq. km),AG.LND.FRST.K2,77166
Burkina Faso,BFA,2023,Forest area (% of land area),AG.LND.FRST.ZS,22.172514619883
Burkina Faso,BFA,2022,Forest area (% of land area),AG.LND.FRST.ZS,22.3552631578947
Burkina Faso,BFA,2021,Forest area (% of land area),AG.LND.FRST.ZS,22.5380116959064
Burkina Faso,BFA,2020,Forest area (% of land area),AG.LND.FRST.ZS,22.7207602339181
Burkina Faso,BFA,2019,Forest area (% of land area),AG.LND.FRST.ZS,22.9035087719298
Burkina Faso,BFA,2018,Forest area (% of land area),AG.LND.FRST.ZS,23.0862573099415
Burkina Faso,BFA,2017,Forest area (% of land area),AG.LND.FRST.ZS,23.2690058479532
Burkina Faso,BFA,2016,Forest area (% of land area),AG.LND.FRST.ZS,23.4517543859649
Burkina Faso,BFA,2015,Forest area (% of land area),AG.LND.FRST.ZS,23.6345029239766
Burkina Faso,BFA,2014,Forest area (% of land area),AG.LND.FRST.ZS,23.8173245614035
Burkina Faso,BFA,2013,Forest area (% of land area),AG.LND.FRST.ZS,24.0001461988304
Burkina Faso,BFA,2012,Forest area (% of land area),AG.LND.FRST.ZS,24.1829678362573
Burkina Faso,BFA,2011,Forest area (% of land area),AG.LND.FRST.ZS,24.3657894736842
Burkina Faso,BFA,2010,Forest area (% of land area),AG.LND.FRST.ZS,24.5486111111111
Burkina Faso,BFA,2009,Forest area (% of land area),AG.LND.FRST.ZS,24.7313596491228
Burkina Faso,BFA,2008,Forest area (% of land area),AG.LND.FRST.ZS,24.9141081871345
Burkina Faso,BFA,2007,Forest area (% of land area),AG.LND.FRST.ZS,25.0968567251462
Burkina Faso,BFA,2006,Forest area (% of land area),AG.LND.FRST.ZS,25.2796052631579
Burkina Faso,BFA,2005,Forest area (% of land area),AG.LND.FRST.ZS,25.4623538011696
Burkina Faso,BFA,2004,Forest area (% of land area),AG.LND.FRST.ZS,25.6451023391813
Burkina Faso,BFA,2003,Forest area (% of land area),AG.LND.FRST.ZS,25.827850877193
Burkina Faso,BFA,2002,Forest area (% of land area),AG.LND.FRST.ZS,26.0105994152047
Burkina Faso,BFA,2001,Forest area (% of land area),AG.LND.FRST.ZS,26.1933479532164
Burkina Faso,BFA,2000,Forest area (% of land area),AG.LND.FRST.ZS,26.3760964912281
Burkina Faso,BFA,1999,Forest area (% of land area),AG.LND.FRST.ZS,26.5588815789474
Burkina Faso,BFA,1998,Forest area (% of land area),AG.LND.FRST.ZS,26.7416666666667
Burkina Faso,BFA,1997,Forest area (% of land area),AG.LND.FRST.ZS,26.924451754386
Burkina Faso,BFA,1996,Forest area (% of land area),AG.LND.FRST.ZS,27.1072368421053
Burkina Faso,BFA,1995,Forest area (% of land area),AG.LND.FRST.ZS,27.2900219298246
Burkina Faso,BFA,1994,Forest area (% of land area),AG.LND.FRST.ZS,27.4728070175439
Burkina Faso,BFA,1993,Forest area (% of land area),AG.LND.FRST.ZS,27.6555921052632
Burkina Faso,BFA,1992,Forest area (% of land area),AG.LND.FRST.ZS,27.8383771929825
Burkina Faso,BFA,1991,Forest area (% of land area),AG.LND.FRST.ZS,28.0211622807018
Burkina Faso,BFA,1990,Forest area (% of land area),AG.LND.FRST.ZS,28.2039473684211
Burkina Faso,BFA,2022,Average precipitation in depth (mm per year),AG.LND.PRCP.MM,748
Burkina Faso,BFA,2021,Average precipitation in depth (mm per year),AG.LND.PRCP.MM,748
Burkina Faso,BFA,2020,Average precipitation in depth (mm per year),AG.LND.PRCP.MM,748
Burkina Faso,BFA,2019,Average precipitation in depth (mm per year),AG.LND.PRCP.MM,748
Burkina Faso,BFA,2018,Average precipitation in depth (mm per year),AG.LND.PRCP.MM,748
Burkina Faso,BFA,2017,Average precipitation in depth (mm per year),AG.LND.PRCP.MM,748
Burkina Faso,BFA,2016,Average precipitation in depth (mm per year),AG.LND.PRCP.MM,748
Burkina Faso,BFA,2015,Average precipitation in depth (mm per year),AG.LND.PRCP.MM,748
Burkina Faso,BFA,2014,Average precipitation in depth (mm per year),AG.LND.PRCP.MM,748
Burkina Faso,BFA,2013,Average precipitation in depth (mm per year),AG.LND.PRCP.MM,748
Burkina Faso,BFA,2012,Average precipitation in depth (mm per year),AG.LND.PRCP.MM,748
Burkina Faso,BFA,2011,Average precipitation in depth (mm per year),AG.LND.PRCP.MM,748
Burkina Faso,BFA,2010,Average precipitation in depth (mm per year),AG.LND.PRCP.MM,748
Burkina Faso,BFA,2009,Average precipitation in depth (mm per year),AG.LND.PRCP.MM,748
Burkina Faso,BFA,2008,Average precipitation in depth (mm per year),AG.LND.PRCP.MM,748
Burkina Faso,BFA,2007,Average precipitation in depth (mm per year),AG.LND.PRCP.MM,748
Burkina Faso,BFA,2006,Average precipitation in depth (mm per year),AG.LND.PRCP.MM,748
Burkina Faso,BFA,2005,Average precipitation in depth (mm per year),AG.LND.PRCP.MM,748
Burkina Faso,BFA,2004,Average precipitation in depth (mm per year),AG.LND.PRCP.MM,748
Burkina Faso,BFA,2003,Average precipitation in depth (mm per year),AG.LND.PRCP.MM,748
Burkina Faso,BFA,2002,Average precipitation in depth (mm per year),AG.LND.PRCP.MM,748
Burkina Faso,BFA,2001,Average precipitation in depth (mm per year),AG.LND.PRCP.MM,748
Burkina Faso,BFA,2000,Average precipitation in depth (mm per year),AG.LND.PRCP.MM,748
Burkina Faso,BFA,1999,Average precipitation in depth (mm per year),AG.LND.PRCP.MM,748
Burkina Faso,BFA,1998,Average precipitation in depth (mm per year),AG.LND.PRCP.MM,748
Burkina Faso,BFA,1997,Average precipitation in depth (mm per year),AG.LND.PRCP.MM,748
Burkina Faso,BFA,1996,Average precipitation in depth (mm per year),AG.LND.PRCP.MM,748
Burkina Faso,BFA,1995,Average precipitation in depth (mm per year),AG.LND.PRCP.MM,748
Burkina Faso,BFA,1994,Average precipitation in depth (mm per year),AG.LND.PRCP.MM,748
Burkina Faso,BFA,1993,Average precipitation in depth (mm per year),AG.LND.PRCP.MM,748
Burkina Faso,BFA,1992,Average precipitation in depth (mm per year),AG.LND.PRCP.MM,748
Burkina Faso,BFA,1991,Average precipitation in depth (mm per year),AG.LND.PRCP.MM,748
Burkina Faso,BFA,1990,Average precipitation in depth (mm per year),AG.LND.PRCP.MM,748
Burkina Faso,BFA,1989,Average precipitation in depth (mm per year),AG.LND.PRCP.MM,748
Burkina Faso,BFA,1988,Average precipitation in depth (mm per year),AG.LND.PRCP.MM,748
Burkina Faso,BFA,1987,Average precipitation in depth (mm per year),AG.LND.PRCP.MM,748
Burkina Faso,BFA,1986,Average precipitation in depth (mm per year),AG.LND.PRCP.MM,748
Burkina Faso,BFA,1985,Average precipitation in depth (mm per year),AG.LND.PRCP.MM,748
Burkina Faso,BFA,1984,Average precipitation in depth (mm per year),AG.LND.PRCP.MM,748
Burkina Faso,BFA,1983,Average precipitation in depth (mm per year),AG.LND.PRCP.MM,748
Burkina Faso,BFA,1982,Average precipitation in depth (mm per year),AG.LND.PRCP.MM,748
Burkina Faso,BFA,1981,Average precipitation in depth (mm per year),AG.LND.PRCP.MM,748
Burkina Faso,BFA,1980,Average precipitation in depth (mm per year),AG.LND.PRCP.MM,748
Burkina Faso,BFA,1979,Average precipitation in depth (mm per year),AG.LND.PRCP.MM,748
Burkina Faso,BFA,1978,Average precipitation in depth (mm per year),AG.LND.PRCP.MM,748
Burkina Faso,BFA,1977,Average precipitation in depth (mm per year),AG.LND.PRCP.MM,748
Burkina Faso,BFA,1976,Average precipitation in depth (mm per year),AG.LND.PRCP.MM,748
Burkina Faso,BFA,1975,Average precipitation in depth (mm per year),AG.LND.PRCP.MM,748
Burkina Faso,BFA,1974,Average precipitation in depth (mm per year),AG.LND.PRCP.MM,748
Burkina Faso,BFA,1973,Average precipitation in depth (mm per year),AG.LND.PRCP.MM,748
Burkina Faso,BFA,1972,Average precipitation in depth (mm per year),AG.LND.PRCP.MM,748
Burkina Faso,BFA,1971,Average precipitation in depth (mm per year),AG.LND.PRCP.MM,748
Burkina Faso,BFA,1970,Average precipitation in depth (mm per year),AG.LND.PRCP.MM,748
Burkina Faso,BFA,1969,Average precipitation in depth (mm per year),AG.LND.PRCP.MM,748
Burkina Faso,BFA,1968,Average precipitation in depth (mm per year),AG.LND.PRCP.MM,748
Burkina Faso,BFA,1967,Average precipitation in depth (mm per year),AG.LND.PRCP.MM,748
Burkina Faso,BFA,1966,Average precipitation in depth (mm per year),AG.LND.PRCP.MM,748
Burkina Faso,BFA,1965,Average precipitation in depth (mm per year),AG.LND.PRCP.MM,748
Burkina Faso,BFA,1964,Average precipitation in depth (mm per year),AG.LND.PRCP.MM,748
Burkina Faso,BFA,1963,Average precipitation in depth (mm per year),AG.LND.PRCP.MM,748
Burkina Faso,BFA,1962,Average precipitation in depth (mm per year),AG.LND.PRCP.MM,748
Burkina Faso,BFA,1961,Average precipitation in depth (mm per year),AG.LND.PRCP.MM,748
Burkina Faso,BFA,2024,Cereal yield (kg per hectare),AG.YLD.CREL.KG,1197.9
Burkina Faso,BFA,2023,Cereal yield (kg per hectare),AG.YLD.CREL.KG,1221.1
Burkina Faso,BFA,2022,Cereal yield (kg per hectare),AG.YLD.CREL.KG,1204.1
Burkina Faso,BFA,2021,Cereal yield (kg per hectare),AG.YLD.CREL.KG,1095.7
Burkina Faso,BFA,2020,Cereal yield (kg per hectare),AG.YLD.CREL.KG,1261.7
Burkina Faso,BFA,2019,Cereal yield (kg per hectare),AG.YLD.CREL.KG,1156.1
Burkina Faso,BFA,2018,Cereal yield (kg per hectare),AG.YLD.CREL.KG,1152.3
Burkina Faso,BFA,2017,Cereal yield (kg per hectare),AG.YLD.CREL.KG,1009
Burkina Faso,BFA,2016,Cereal yield (kg per hectare),AG.YLD.CREL.KG,1136.8
Burkina Faso,BFA,2015,Cereal yield (kg per hectare),AG.YLD.CREL.KG,1168.9
Burkina Faso,BFA,2014,Cereal yield (kg per hectare),AG.YLD.CREL.KG,1225.8
Burkina Faso,BFA,2013,Cereal yield (kg per hectare),AG.YLD.CREL.KG,1156.5
Burkina Faso,BFA,2012,Cereal yield (kg per hectare),AG.YLD.CREL.KG,1203
Burkina Faso,BFA,2011,Cereal yield (kg per hectare),AG.YLD.CREL.KG,995.1
Burkina Faso,BFA,2010,Cereal yield (kg per hectare),AG.YLD.CREL.KG,1062.7
Burkina Faso,BFA,2009,Cereal yield (kg per hectare),AG.YLD.CREL.KG,1002
Burkina Faso,BFA,2008,Cereal yield (kg per hectare),AG.YLD.CREL.KG,1039.9
Burkina Faso,BFA,2007,Cereal yield (kg per hectare),AG.YLD.CREL.KG,936.1
Burkina Faso,BFA,2006,Cereal yield (kg per hectare),AG.YLD.CREL.KG,1203.9
Burkina Faso,BFA,2005,Cereal yield (kg per hectare),AG.YLD.CREL.KG,1127.2
Burkina Faso,BFA,2004,Cereal yield (kg per hectare),AG.YLD.CREL.KG,940.7
Burkina Faso,BFA,2003,Cereal yield (kg per hectare),AG.YLD.CREL.KG,996.3
Burkina Faso,BFA,2002,Cereal yield (kg per hectare),AG.YLD.CREL.KG,942.7
Burkina Faso,BFA,2001,Cereal yield (kg per hectare),AG.YLD.CREL.KG,967.8
Burkina Faso,BFA,2000,Cereal yield (kg per hectare),AG.YLD.CREL.KG,856.4
Burkina Faso,BFA,1999,Cereal yield (kg per hectare),AG.YLD.CREL.KG,912.9
Burkina Faso,BFA,1998,Cereal yield (kg per hectare),AG.YLD.CREL.KG,889
Burkina Faso,BFA,1997,Cereal yield (kg per hectare),AG.YLD.CREL.KG,704.5
Burkina Faso,BFA,1996,Cereal yield (kg per hectare),AG.YLD.CREL.KG,916.5
Burkina Faso,BFA,1995,Cereal yield (kg per hectare),AG.YLD.CREL.KG,851.1
Burkina Faso,BFA,1994,Cereal yield (kg per hectare),AG.YLD.CREL.KG,787.9
Burkina Faso,BFA,1993,Cereal yield (kg per hectare),AG.YLD.CREL.KG,936.2
Burkina Faso,BFA,1992,Cereal yield (kg per hectare),AG.YLD.CREL.KG,871.5
Burkina Faso,BFA,1991,Cereal yield (kg per hectare),AG.YLD.CREL.KG,876.6
Burkina Faso,BFA,1990,Cereal yield (kg per hectare),AG.YLD.CREL.KG,600.2
Burkina Faso,BFA,1989,Cereal yield (kg per hectare),AG.YLD.CREL.KG,672.9
Burkina Faso,BFA,1988,Cereal yield (kg per hectare),AG.YLD.CREL.KG,726.9
Burkina Faso,BFA,1987,Cereal yield (kg per hectare),AG.YLD.CREL.KG,641.7
Burkina Faso,BFA,1986,Cereal yield (kg per hectare),AG.YLD.CREL.KG,699.5
Burkina Faso,BFA,1985,Cereal yield (kg per hectare),AG.YLD.CREL.KG,708.8
Burkina Faso,BFA,1984,Cereal yield (kg per hectare),AG.YLD.CREL.KG,589.9
Burkina Faso,BFA,1983,Cereal yield (kg per hectare),AG.YLD.CREL.KG,514.9
Burkina Faso,BFA,1982,Cereal yield (kg per hectare),AG.YLD.CREL.KG,568.3
Burkina Faso,BFA,1981,Cereal yield (kg per hectare),AG.YLD.CREL.KG,576.6
Burkina Faso,BFA,1980,Cereal yield (kg per hectare),AG.YLD.CREL.KG,569.8
Burkina Faso,BFA,1979,Cereal yield (kg per hectare),AG.YLD.CREL.KG,580.1
Burkina Faso,BFA,1978,Cereal yield (kg per hectare),AG.YLD.CREL.KG,576.4
Burkina Faso,BFA,1977,Cereal yield (kg per hectare),AG.YLD.CREL.KG,528.8
Burkina Faso,BFA,1976,Cereal yield (kg per hectare),AG.YLD.CREL.KG,499.4
Burkina Faso,BFA,1975,Cereal yield (kg per hectare),AG.YLD.CREL.KG,558.1
Burkina Faso,BFA,1974,Cereal yield (kg per hectare),AG.YLD.CREL.KG,488.2
Burkina Faso,BFA,1973,Cereal yield (kg per hectare),AG.YLD.CREL.KG,436.6
Burkina Faso,BFA,1972,Cereal yield (kg per hectare),AG.YLD.CREL.KG,461.2
Burkina Faso,BFA,1971,Cereal yield (kg per hectare),AG.YLD.CREL.KG,444.5
Burkina Faso,BFA,1970,Cereal yield (kg per hectare),AG.YLD.CREL.KG,516.6
Burkina Faso,BFA,1969,Cereal yield (kg per hectare),AG.YLD.CREL.KG,484.5
Burkina Faso,BFA,1968,Cereal yield (kg per hectare),AG.YLD.CREL.KG,625.8
Burkina Faso,BFA,1967,Cereal yield (kg per hectare),AG.YLD.CREL.KG,452.3
Burkina Faso,BFA,1966,Cereal yield (kg per hectare),AG.YLD.CREL.KG,495.4
Burkina Faso,BFA,1965,Cereal yield (kg per hectare),AG.YLD.CREL.KG,485.7
Burkina Faso,BFA,1964,Cereal yield (kg per hectare),AG.YLD.CREL.KG,522.5
Burkina Faso,BFA,1963,Cereal yield (kg per hectare),AG.YLD.CREL.KG,473.1
Burkina Faso,BFA,1962,Cereal yield (kg per hectare),AG.YLD.CREL.KG,477.9
Burkina Faso,BFA,1961,Cereal yield (kg per hectare),AG.YLD.CREL.KG,408.5
Burkina Faso,BFA,2024,"Foreign direct investment, net inflows (% of GDP)",BX.KLT.DINV.WD.GD.ZS,0.358681465803854
Burkina Faso,BFA,2023,"Foreign direct investment, net inflows (% of GDP)",BX.KLT.DINV.WD.GD.ZS,0.544129932348491
Burkina Faso,BFA,2022,"Foreign direct investment, net inflows (% of GDP)",BX.KLT.DINV.WD.GD.ZS,3.59640793567206
Burkina Faso,BFA,2021,"Foreign direct investment, net inflows (% of GDP)",BX.KLT.DINV.WD.GD.ZS,-0.405926078113797
Burkina Faso,BFA,2020,"Foreign direct investment, net inflows (% of GDP)",BX.KLT.DINV.WD.GD.ZS,-0.557279533533573
Burkina Faso,BFA,2019,"Foreign direct investment, net inflows (% of GDP)",BX.KLT.DINV.WD.GD.ZS,1.0164787373679
Burkina Faso,BFA,2018,"Foreign direct investment, net inflows (% of GDP)",BX.KLT.DINV.WD.GD.ZS,1.68919942943091
Burkina Faso,BFA,2017,"Foreign direct investment, net inflows (% of GDP)",BX.KLT.DINV.WD.GD.ZS,0.0182370342122821
Burkina Faso,BFA,2016,"Foreign direct investment, net inflows (% of GDP)",BX.KLT.DINV.WD.GD.ZS,3.04380349897538
Burkina Faso,BFA,2015,"Foreign direct investment, net inflows (% of GDP)",BX.KLT.DINV.WD.GD.ZS,1.95992715697747
Burkina Faso,BFA,2014,"Foreign direct investment, net inflows (% of GDP)",BX.KLT.DINV.WD.GD.ZS,2.56255154786841
Burkina Faso,BFA,2013,"Foreign direct investment, net inflows (% of GDP)",BX.KLT.DINV.WD.GD.ZS,3.64766773141753
Burkina Faso,BFA,2012,"Foreign direct investment, net inflows (% of GDP)",BX.KLT.DINV.WD.GD.ZS,2.62145990530181
Burkina Faso,BFA,2011,"Foreign direct investment, net inflows (% of GDP)",BX.KLT.DINV.WD.GD.ZS,1.19074493368624
Burkina Faso,BFA,2010,"Foreign direct investment, net inflows (% of GDP)",BX.KLT.DINV.WD.GD.ZS,0.384492219825665
Burkina Faso,BFA,2009,"Foreign direct investment, net inflows (% of GDP)",BX.KLT.DINV.WD.GD.ZS,0.599468939611006
Burkina Faso,BFA,2008,"Foreign direct investment, net inflows (% of GDP)",BX.KLT.DINV.WD.GD.ZS,0.351169723487995
Burkina Faso,BFA,2007,"Foreign direct investment, net inflows (% of GDP)",BX.KLT.DINV.WD.GD.ZS,0.284717939080865
Burkina Faso,BFA,2006,"Foreign direct investment, net inflows (% of GDP)",BX.KLT.DINV.WD.GD.ZS,1.28064578676022
Burkina Faso,BFA,2005,"Foreign direct investment, net inflows (% of GDP)",BX.KLT.DINV.WD.GD.ZS,0.848145874654018
Burkina Faso,BFA,2004,"Foreign direct investment, net inflows (% of GDP)",BX.KLT.DINV.WD.GD.ZS,0.263190384062024
Burkina Faso,BFA,2003,"Foreign direct investment, net inflows (% of GDP)",BX.KLT.DINV.WD.GD.ZS,0.614299394603336
Burkina Faso,BFA,2002,"Foreign direct investment, net inflows (% of GDP)",BX.KLT.DINV.WD.GD.ZS,0.414815789165315
Burkina Faso,BFA,2001,"Foreign direct investment, net inflows (% of GDP)",BX.KLT.DINV.WD.GD.ZS,0.196436710369704
Burkina Faso,BFA,2000,"Foreign direct investment, net inflows (% of GDP)",BX.KLT.DINV.WD.GD.ZS,0.778458188099508
Burkina Faso,BFA,1999,"Foreign direct investment, net inflows (% of GDP)",BX.KLT.DINV.WD.GD.ZS,0.233833721885331
Burkina Faso,BFA,1998,"Foreign direct investment, net inflows (% of GDP)",BX.KLT.DINV.WD.GD.ZS,0.157122759480677
Burkina Faso,BFA,1997,"Foreign direct investment, net inflows (% of GDP)",BX.KLT.DINV.WD.GD.ZS,0.398984078044402
Burkina Faso,BFA,1996,"Foreign direct investment, net inflows (% of GDP)",BX.KLT.DINV.WD.GD.ZS,0.627288328664118
Burkina Faso,BFA,1995,"Foreign direct investment, net inflows (% of GDP)",BX.KLT.DINV.WD.GD.ZS,0.412551201629083
Burkina Faso,BFA,1994,"Foreign direct investment, net inflows (% of GDP)",BX.KLT.DINV.WD.GD.ZS,0.969328378478066
Burkina Faso,BFA,1993,"Foreign direct investment, net inflows (% of GDP)",BX.KLT.DINV.WD.GD.ZS,0.0993387646784723
Burkina Faso,BFA,1992,"Foreign direct investment, net inflows (% of GDP)",BX.KLT.DINV.WD.GD.ZS,0.0927415899786328
Burkina Faso,BFA,1991,"Foreign direct investment, net inflows (% of GDP)",BX.KLT.DINV.WD.GD.ZS,0.0181815538151598
Burkina Faso,BFA,1990,"Foreign direct investment, net inflows (% of GDP)",BX.KLT.DINV.WD.GD.ZS,0.0148324858775218
Burkina Faso,BFA,1989,"Foreign direct investment, net inflows (% of GDP)",BX.KLT.DINV.WD.GD.ZS,0.216777278252004
Burkina Faso,BFA,1988,"Foreign direct investment, net inflows (% of GDP)",BX.KLT.DINV.WD.GD.ZS,0.141817377437063
Burkina Faso,BFA,1987,"Foreign direct investment, net inflows (% of GDP)",BX.KLT.DINV.WD.GD.ZS,0.0561220518817235
Burkina Faso,BFA,1986,"Foreign direct investment, net inflows (% of GDP)",BX.KLT.DINV.WD.GD.ZS,0.154200993096417
Burkina Faso,BFA,1985,"Foreign direct investment, net inflows (% of GDP)",BX.KLT.DINV.WD.GD.ZS,-0.092109898028705
Burkina Faso,BFA,1984,"Foreign direct investment, net inflows (% of GDP)",BX.KLT.DINV.WD.GD.ZS,0.114392946601086
Burkina Faso,BFA,1983,"Foreign direct investment, net inflows (% of GDP)",BX.KLT.DINV.WD.GD.ZS,0.123728455376364
Burkina Faso,BFA,1982,"Foreign direct investment, net inflows (% of GDP)",BX.KLT.DINV.WD.GD.ZS,0.111145937076363
Burkina Faso,BFA,1981,"Foreign direct investment, net inflows (% of GDP)",BX.KLT.DINV.WD.GD.ZS,0.136836472138513
Burkina Faso,BFA,1980,"Foreign direct investment, net inflows (% of GDP)",BX.KLT.DINV.WD.GD.ZS,0.0010369572130349
Burkina Faso,BFA,1979,"Foreign direct investment, net inflows (% of GDP)",BX.KLT.DINV.WD.GD.ZS,0.0852168438420259
Burkina Faso,BFA,1978,"Foreign direct investment, net inflows (% of GDP)",BX.KLT.DINV.WD.GD.ZS,0.0786129545404523
Burkina Faso,BFA,1977,"Foreign direct investment, net inflows (% of GDP)",BX.KLT.DINV.WD.GD.ZS,0.439346764363786
Burkina Faso,BFA,1976,"Foreign direct investment, net inflows (% of GDP)",BX.KLT.DINV.WD.GD.ZS,0.209923281237794
Burkina Faso,BFA,1975,"Foreign direct investment, net inflows (% of GDP)",BX.KLT.DINV.WD.GD.ZS,0.0319158204163534
Burkina Faso,BFA,1974,"Foreign direct investment, net inflows (% of GDP)",BX.KLT.DINV.WD.GD.ZS,0.355462796856599
Burkina Faso,BFA,1973,"Foreign direct investment, net inflows (% of GDP)",BX.KLT.DINV.WD.GD.ZS,0.652070590257185
Burkina Faso,BFA,1972,"Foreign direct investment, net inflows (% of GDP)",BX.KLT.DINV.WD.GD.ZS,-0.120982616248443
Burkina Faso,BFA,1971,"Foreign direct investment, net inflows (% of GDP)",BX.KLT.DINV.WD.GD.ZS,0.207292045309092
Burkina Faso,BFA,1970,"Foreign direct investment, net inflows (% of GDP)",BX.KLT.DINV.WD.GD.ZS,0.0872592223192629
Burkina Faso,BFA,2023,Access to electricity (% of population),EG.ELC.ACCS.ZS,21.7
Burkina Faso,BFA,2022,Access to electricity (% of population),EG.ELC.ACCS.ZS,19.5
Burkina Faso,BFA,2021,Access to electricity (% of population),EG.ELC.ACCS.ZS,19
Burkina Faso,BFA,2020,Access to electricity (% of population),EG.ELC.ACCS.ZS,18.5
Burkina Faso,BFA,2019,Access to electricity (% of population),EG.ELC.ACCS.ZS,17.6
Burkina Faso,BFA,2018,Access to electricity (% of population),EG.ELC.ACCS.ZS,14.4
Burkina Faso,BFA,2017,Access to electricity (% of population),EG.ELC.ACCS.ZS,17
Burkina Faso,BFA,2016,Access to electricity (% of population),EG.ELC.ACCS.ZS,16.6
Burkina Faso,BFA,2015,Access to electricity (% of population),EG.ELC.ACCS.ZS,16.2
Burkina Faso,BFA,2014,Access to electricity (% of population),EG.ELC.ACCS.ZS,19.2
Burkina Faso,BFA,2013,Access to electricity (% of population),EG.ELC.ACCS.ZS,15.4
Burkina Faso,BFA,2012,Access to electricity (% of population),EG.ELC.ACCS.ZS,15.1
Burkina Faso,BFA,2011,Access to electricity (% of population),EG.ELC.ACCS.ZS,14.8
Burkina Faso,BFA,2010,Access to electricity (% of population),EG.ELC.ACCS.ZS,13.1
Burkina Faso,BFA,2009,Access to electricity (% of population),EG.ELC.ACCS.ZS,12.6
Burkina Faso,BFA,2008,Access to electricity (% of population),EG.ELC.ACCS.ZS,12.5
Burkina Faso,BFA,2007,Access to electricity (% of population),EG.ELC.ACCS.ZS,12
Burkina Faso,BFA,2006,Access to electricity (% of population),EG.ELC.ACCS.ZS,11.6
Burkina Faso,BFA,2005,Access to electricity (% of population),EG.ELC.ACCS.ZS,11.1
Burkina Faso,BFA,2004,Access to electricity (% of population),EG.ELC.ACCS.ZS,10.7
Burkina Faso,BFA,2003,Access to electricity (% of population),EG.ELC.ACCS.ZS,11.4
Burkina Faso,BFA,2002,Access to electricity (% of population),EG.ELC.ACCS.ZS,9.9
Burkina Faso,BFA,2001,Access to electricity (% of population),EG.ELC.ACCS.ZS,9.5
Burkina Faso,BFA,2000,Access to electricity (% of population),EG.ELC.ACCS.ZS,9.1
Burkina Faso,BFA,1999,Access to electricity (% of population),EG.ELC.ACCS.ZS,6.9
Burkina Faso,BFA,1998,Access to electricity (% of population),EG.ELC.ACCS.ZS,8.10726451873779
Burkina Faso,BFA,1997,Access to electricity (% of population),EG.ELC.ACCS.ZS,7.61713981628418
Burkina Faso,BFA,1996,Access to electricity (% of population),EG.ELC.ACCS.ZS,7.1229362487793
Burkina Faso,BFA,1995,Access to electricity (% of population),EG.ELC.ACCS.ZS,6.62533283233643
Burkina Faso,BFA,1994,Access to electricity (% of population),EG.ELC.ACCS.ZS,6.12501001358032
Burkina Faso,BFA,1993,Access to electricity (% of population),EG.ELC.ACCS.ZS,6.1
Burkina Faso,BFA,2021,Electricity production from coal sources (% of total),EG.ELC.COAL.ZS,0
Burkina Faso,BFA,2020,Electricity production from coal sources (% of total),EG.ELC.COAL.ZS,0
Burkina Faso,BFA,2019,Electricity production from coal sources (% of total),EG.ELC.COAL.ZS,0
Burkina Faso,BFA,2018,Electricity production from coal sources (% of total),EG.ELC.COAL.ZS,0
Burkina Faso,BFA,2017,Electricity production from coal sources (% of total),EG.ELC.COAL.ZS,0
Burkina Faso,BFA,2016,Electricity production from coal sources (% of total),EG.ELC.COAL.ZS,0
Burkina Faso,BFA,2015,Electricity production from coal sources (% of total),EG.ELC.COAL.ZS,0
Burkina Faso,BFA,2014,Electricity production from coal sources (% of total),EG.ELC.COAL.ZS,0
Burkina Faso,BFA,2013,Electricity production from coal sources (% of total),EG.ELC.COAL.ZS,0
Burkina Faso,BFA,2012,Electricity production from coal sources (% of total),EG.ELC.COAL.ZS,0
Burkina Faso,BFA,2011,Electricity production from coal sources (% of total),EG.ELC.COAL.ZS,0
Burkina Faso,BFA,2010,Electricity production from coal sources (% of total),EG.ELC.COAL.ZS,0
Burkina Faso,BFA,2009,Electricity production from coal sources (% of total),EG.ELC.COAL.ZS,0
Burkina Faso,BFA,2008,Electricity production from coal sources (% of total),EG.ELC.COAL.ZS,0
Burkina Faso,BFA,2007,Electricity production from coal sources (% of total),EG.ELC.COAL.ZS,0
Burkina Faso,BFA,2006,Electricity production from coal sources (% of total),EG.ELC.COAL.ZS,0
Burkina Faso,BFA,2005,Electricity production from coal sources (% of total),EG.ELC.COAL.ZS,0
Burkina Faso,BFA,2004,Electricity production from coal sources (% of total),EG.ELC.COAL.ZS,0
Burkina Faso,BFA,2003,Electricity production from coal sources (% of total),EG.ELC.COAL.ZS,0
Burkina Faso,BFA,2002,Electricity production from coal sources (% of total),EG.ELC.COAL.ZS,0
Burkina Faso,BFA,2001,Electricity production from coal sources (% of total),EG.ELC.COAL.ZS,0
Burkina Faso,BFA,2000,Electricity production from coal sources (% of total),EG.ELC.COAL.ZS,0
Burkina Faso,BFA,2023,Electricity production from hydroelectric sources (% of total),EG.ELC.HYRO.ZS,4.95821727019499
Burkina Faso,BFA,2022,Electricity production from hydroelectric sources (% of total),EG.ELC.HYRO.ZS,5.03685503685504
Burkina Faso,BFA,2021,Electricity production from hydroelectric sources (% of total),EG.ELC.HYRO.ZS,7.55952380952381
Burkina Faso,BFA,2020,Electricity production from hydroelectric sources (% of total),EG.ELC.HYRO.ZS,7.0440251572327
Burkina Faso,BFA,2019,Electricity production from hydroelectric sources (% of total),EG.ELC.HYRO.ZS,6.61209068010076
Burkina Faso,BFA,2018,Electricity production from hydroelectric sources (% of total),EG.ELC.HYRO.ZS,4.97539639147075
Burkina Faso,BFA,2017,Electricity production from hydroelectric sources (% of total),EG.ELC.HYRO.ZS,6.96653867251783
Burkina Faso,BFA,2016,Electricity production from hydroelectric sources (% of total),EG.ELC.HYRO.ZS,8.03004043905257
Burkina Faso,BFA,2015,Electricity production from hydroelectric sources (% of total),EG.ELC.HYRO.ZS,4.9154334038055
Burkina Faso,BFA,2014,Electricity production from hydroelectric sources (% of total),EG.ELC.HYRO.ZS,6
Burkina Faso,BFA,2013,Electricity production from hydroelectric sources (% of total),EG.ELC.HYRO.ZS,8.26833073322933
Burkina Faso,BFA,2012,Electricity production from hydroelectric sources (% of total),EG.ELC.HYRO.ZS,8.57648099027409
Burkina Faso,BFA,2011,Electricity production from hydroelectric sources (% of total),EG.ELC.HYRO.ZS,8.98138006571742
Burkina Faso,BFA,2010,Electricity production from hydroelectric sources (% of total),EG.ELC.HYRO.ZS,13.8823529411765
Burkina Faso,BFA,2009,Electricity production from hydroelectric sources (% of total),EG.ELC.HYRO.ZS,18.8571428571429
Burkina Faso,BFA,2008,Electricity production from hydroelectric sources (% of total),EG.ELC.HYRO.ZS,21.9354838709677
Burkina Faso,BFA,2007,Electricity production from hydroelectric sources (% of total),EG.ELC.HYRO.ZS,18.1372549019608
Burkina Faso,BFA,2006,Electricity production from hydroelectric sources (% of total),EG.ELC.HYRO.ZS,14.5985401459854
Burkina Faso,BFA,2005,Electricity production from hydroelectric sources (% of total),EG.ELC.HYRO.ZS,19.5357833655706
Burkina Faso,BFA,2004,Electricity production from hydroelectric sources (% of total),EG.ELC.HYRO.ZS,21.5189873417722
Burkina Faso,BFA,2003,Electricity production from hydroelectric sources (% of total),EG.ELC.HYRO.ZS,21.5730337078652
Burkina Faso,BFA,2002,Electricity production from hydroelectric sources (% of total),EG.ELC.HYRO.ZS,17.5342465753425
Burkina Faso,BFA,2001,Electricity production from hydroelectric sources (% of total),EG.ELC.HYRO.ZS,14.7540983606557
Burkina Faso,BFA,2000,Electricity production from hydroelectric sources (% of total),EG.ELC.HYRO.ZS,25.1282051282051
Burkina Faso,BFA,1999,Electricity production from hydroelectric sources (% of total),EG.ELC.HYRO.ZS,34.7222222222222
Burkina Faso,BFA,1998,Electricity production from hydroelectric sources (% of total),EG.ELC.HYRO.ZS,23.0769230769231
Burkina Faso,BFA,1997,Electricity production from hydroelectric sources (% of total),EG.ELC.HYRO.ZS,20.1954397394137
Burkina Faso,BFA,1996,Electricity production from hydroelectric sources (% of total),EG.ELC.HYRO.ZS,27.007299270073
Burkina Faso,BFA,1995,Electricity production from hydroelectric sources (% of total),EG.ELC.HYRO.ZS,38.6831275720165
Burkina Faso,BFA,1994,Electricity production from hydroelectric sources (% of total),EG.ELC.HYRO.ZS,33.7962962962963
Burkina Faso,BFA,1993,Electricity production from hydroelectric sources (% of total),EG.ELC.HYRO.ZS,21.8604651162791
Burkina Faso,BFA,1992,Electricity production from hydroelectric sources (% of total),EG.ELC.HYRO.ZS,9.95024875621891
Burkina Faso,BFA,1991,Electricity production from hydroelectric sources (% of total),EG.ELC.HYRO.ZS,6.70103092783505
Burkina Faso,BFA,1990,Electricity production from hydroelectric sources (% of total),EG.ELC.HYRO.ZS,4.89130434782609
Burkina Faso,BFA,2021,Electricity production from natural gas sources (% of total),EG.ELC.NGAS.ZS,0
Burkina Faso,BFA,2020,Electricity production from natural gas sources (% of total),EG.ELC.NGAS.ZS,0
Burkina Faso,BFA,2019,Electricity production from natural gas sources (% of total),EG.ELC.NGAS.ZS,0
Burkina Faso,BFA,2018,Electricity production from natural gas sources (% of total),EG.ELC.NGAS.ZS,0
Burkina Faso,BFA,2017,Electricity production from natural gas sources (% of total),EG.ELC.NGAS.ZS,0
Burkina Faso,BFA,2016,Electricity production from natural gas sources (% of total),EG.ELC.NGAS.ZS,0
Burkina Faso,BFA,2015,Electricity production from natural gas sources (% of total),EG.ELC.NGAS.ZS,0
Burkina Faso,BFA,2014,Electricity production from natural gas sources (% of total),EG.ELC.NGAS.ZS,0
Burkina Faso,BFA,2013,Electricity production from natural gas sources (% of total),EG.ELC.NGAS.ZS,0
Burkina Faso,BFA,2012,Electricity production from natural gas sources (% of total),EG.ELC.NGAS.ZS,0
Burkina Faso,BFA,2011,Electricity production from natural gas sources (% of total),EG.ELC.NGAS.ZS,0
Burkina Faso,BFA,2010,Electricity production from natural gas sources (% of total),EG.ELC.NGAS.ZS,0
Burkina Faso,BFA,2009,Electricity production from natural gas sources (% of total),EG.ELC.NGAS.ZS,0
Burkina Faso,BFA,2008,Electricity production from natural gas sources (% of total),EG.ELC.NGAS.ZS,0
Burkina Faso,BFA,2007,Electricity production from natural gas sources (% of total),EG.ELC.NGAS.ZS,0
Burkina Faso,BFA,2006,Electricity production from natural gas sources (% of total),EG.ELC.NGAS.ZS,0
Burkina Faso,BFA,2005,Electricity production from natural gas sources (% of total),EG.ELC.NGAS.ZS,0
Burkina Faso,BFA,2004,Electricity production from natural gas sources (% of total),EG.ELC.NGAS.ZS,0
Burkina Faso,BFA,2003,Electricity production from natural gas sources (% of total),EG.ELC.NGAS.ZS,0
Burkina Faso,BFA,2002,Electricity production from natural gas sources (% of total),EG.ELC.NGAS.ZS,0
Burkina Faso,BFA,2001,Electricity production from natural gas sources (% of total),EG.ELC.NGAS.ZS,0
Burkina Faso,BFA,2000,Electricity production from natural gas sources (% of total),EG.ELC.NGAS.ZS,0
Burkina Faso,BFA,2021,Electricity production from nuclear sources (% of total),EG.ELC.NUCL.ZS,0
Burkina Faso,BFA,2020,Electricity production from nuclear sources (% of total),EG.ELC.NUCL.ZS,0
Burkina Faso,BFA,2019,Electricity production from nuclear sources (% of total),EG.ELC.NUCL.ZS,0
Burkina Faso,BFA,2018,Electricity production from nuclear sources (% of total),EG.ELC.NUCL.ZS,0
Burkina Faso,BFA,2017,Electricity production from nuclear sources (% of total),EG.ELC.NUCL.ZS,0
Burkina Faso,BFA,2016,Electricity production from nuclear sources (% of total),EG.ELC.NUCL.ZS,0
Burkina Faso,BFA,2015,Electricity production from nuclear sources (% of total),EG.ELC.NUCL.ZS,0
Burkina Faso,BFA,2014,Electricity production from nuclear sources (% of total),EG.ELC.NUCL.ZS,0
Burkina Faso,BFA,2013,Electricity production from nuclear sources (% of total),EG.ELC.NUCL.ZS,0
Burkina Faso,BFA,2012,Electricity production from nuclear sources (% of total),EG.ELC.NUCL.ZS,0
Burkina Faso,BFA,2011,Electricity production from nuclear sources (% of total),EG.ELC.NUCL.ZS,0
Burkina Faso,BFA,2010,Electricity production from nuclear sources (% of total),EG.ELC.NUCL.ZS,0
Burkina Faso,BFA,2009,Electricity production from nuclear sources (% of total),EG.ELC.NUCL.ZS,0
Burkina Faso,BFA,2008,Electricity production from nuclear sources (% of total),EG.ELC.NUCL.ZS,0
Burkina Faso,BFA,2007,Electricity production from nuclear sources (% of total),EG.ELC.NUCL.ZS,0
Burkina Faso,BFA,2006,Electricity production from nuclear sources (% of total),EG.ELC.NUCL.ZS,0
Burkina Faso,BFA,2005,Electricity production from nuclear sources (% of total),EG.ELC.NUCL.ZS,0
Burkina Faso,BFA,2004,Electricity production from nuclear sources (% of total),EG.ELC.NUCL.ZS,0
Burkina Faso,BFA,2003,Electricity production from nuclear sources (% of total),EG.ELC.NUCL.ZS,0
Burkina Faso,BFA,2002,Electricity production from nuclear sources (% of total),EG.ELC.NUCL.ZS,0
Burkina Faso,BFA,2001,Electricity production from nuclear sources (% of total),EG.ELC.NUCL.ZS,0
Burkina Faso,BFA,2000,Electricity production from nuclear sources (% of total),EG.ELC.NUCL.ZS,0
Burkina Faso,BFA,2023,Electricity production from oil sources (% of total),EG.ELC.PETR.ZS,79.0529247910864
Burkina Faso,BFA,2022,Electricity production from oil sources (% of total),EG.ELC.PETR.ZS,83.2309582309582
Burkina Faso,BFA,2021,Electricity production from oil sources (% of total),EG.ELC.PETR.ZS,81.7261904761905
Burkina Faso,BFA,2020,Electricity production from oil sources (% of total),EG.ELC.PETR.ZS,81.1949685534591
Burkina Faso,BFA,2019,Electricity production from oil sources (% of total),EG.ELC.PETR.ZS,84.1309823677582
Burkina Faso,BFA,2018,Electricity production from oil sources (% of total),EG.ELC.PETR.ZS,87.4248223072717
Burkina Faso,BFA,2017,Electricity production from oil sources (% of total),EG.ELC.PETR.ZS,91.6620954470653
Burkina Faso,BFA,2016,Electricity production from oil sources (% of total),EG.ELC.PETR.ZS,91.0456383593299
Burkina Faso,BFA,2015,Electricity production from oil sources (% of total),EG.ELC.PETR.ZS,94.1331923890063
Burkina Faso,BFA,2014,Electricity production from oil sources (% of total),EG.ELC.PETR.ZS,92.9333333333333
Burkina Faso,BFA,2013,Electricity production from oil sources (% of total),EG.ELC.PETR.ZS,91.4196567862714
Burkina Faso,BFA,2012,Electricity production from oil sources (% of total),EG.ELC.PETR.ZS,90.3625110521662
Burkina Faso,BFA,2011,Electricity production from oil sources (% of total),EG.ELC.PETR.ZS,89.9233296823658
Burkina Faso,BFA,2010,Electricity production from oil sources (% of total),EG.ELC.PETR.ZS,85.0588235294118
Burkina Faso,BFA,2009,Electricity production from oil sources (% of total),EG.ELC.PETR.ZS,81.1428571428571
Burkina Faso,BFA,2008,Electricity production from oil sources (% of total),EG.ELC.PETR.ZS,78.0645161290323
Burkina Faso,BFA,2007,Electricity production from oil sources (% of total),EG.ELC.PETR.ZS,81.8627450980392
Burkina Faso,BFA,2006,Electricity production from oil sources (% of total),EG.ELC.PETR.ZS,85.4014598540146
Burkina Faso,BFA,2005,Electricity production from oil sources (% of total),EG.ELC.PETR.ZS,80.4642166344294
Burkina Faso,BFA,2004,Electricity production from oil sources (% of total),EG.ELC.PETR.ZS,78.4810126582278
Burkina Faso,BFA,2003,Electricity production from oil sources (% of total),EG.ELC.PETR.ZS,78.4269662921348
Burkina Faso,BFA,2002,Electricity production from oil sources (% of total),EG.ELC.PETR.ZS,82.4657534246575
Burkina Faso,BFA,2001,Electricity production from oil sources (% of total),EG.ELC.PETR.ZS,85.2459016393443
Burkina Faso,BFA,2000,Electricity production from oil sources (% of total),EG.ELC.PETR.ZS,74.8717948717949
Burkina Faso,BFA,1999,Electricity production from oil sources (% of total),EG.ELC.PETR.ZS,65.2777777777778
Burkina Faso,BFA,1998,Electricity production from oil sources (% of total),EG.ELC.PETR.ZS,76.9230769230769
Burkina Faso,BFA,1997,Electricity production from oil sources (% of total),EG.ELC.PETR.ZS,79.8045602605863
Burkina Faso,BFA,1996,Electricity production from oil sources (% of total),EG.ELC.PETR.ZS,72.992700729927
Burkina Faso,BFA,1995,Electricity production from oil sources (% of total),EG.ELC.PETR.ZS,61.3168724279835
Burkina Faso,BFA,1994,Electricity production from oil sources (% of total),EG.ELC.PETR.ZS,66.2037037037037
Burkina Faso,BFA,1993,Electricity production from oil sources (% of total),EG.ELC.PETR.ZS,78.1395348837209
Burkina Faso,BFA,1992,Electricity production from oil sources (% of total),EG.ELC.PETR.ZS,90.0497512437811
Burkina Faso,BFA,1991,Electricity production from oil sources (% of total),EG.ELC.PETR.ZS,93.298969072165
Burkina Faso,BFA,1990,Electricity production from oil sources (% of total),EG.ELC.PETR.ZS,95.1086956521739
Burkina Faso,BFA,2021,Renewable electricity output (% of total electricity output),EG.ELC.RNEW.ZS,13.9238095238095
Burkina Faso,BFA,2020,Renewable electricity output (% of total electricity output),EG.ELC.RNEW.ZS,13.1798742138365
Burkina Faso,BFA,2019,Renewable electricity output (% of total electricity output),EG.ELC.RNEW.ZS,12.8828715365239
Burkina Faso,BFA,2018,Renewable electricity output (% of total electricity output),EG.ELC.RNEW.ZS,9.61946418808092
Burkina Faso,BFA,2017,Renewable electricity output (% of total electricity output),EG.ELC.RNEW.ZS,7.87602852441031
Burkina Faso,BFA,2016,Renewable electricity output (% of total electricity output),EG.ELC.RNEW.ZS,8.35297515886771
Burkina Faso,BFA,2015,Renewable electricity output (% of total electricity output),EG.ELC.RNEW.ZS,5.1723044397463
Burkina Faso,BFA,2014,Renewable electricity output (% of total electricity output),EG.ELC.RNEW.ZS,6.21466666666667
Burkina Faso,BFA,2013,Renewable electricity output (% of total electricity output),EG.ELC.RNEW.ZS,8.37675507020281
Burkina Faso,BFA,2012,Renewable electricity output (% of total electricity output),EG.ELC.RNEW.ZS,8.64279398762157
Burkina Faso,BFA,2011,Renewable electricity output (% of total electricity output),EG.ELC.RNEW.ZS,8.99780941949617
Burkina Faso,BFA,2010,Renewable electricity output (% of total electricity output),EG.ELC.RNEW.ZS,13.8517647058824
Burkina Faso,BFA,2009,Renewable electricity output (% of total electricity output),EG.ELC.RNEW.ZS,18.9
Burkina Faso,BFA,2008,Renewable electricity output (% of total electricity output),EG.ELC.RNEW.ZS,21.9241935483871
Burkina Faso,BFA,2007,Renewable electricity output (% of total electricity output),EG.ELC.RNEW.ZS,18.2058823529412
Burkina Faso,BFA,2006,Renewable electricity output (% of total electricity output),EG.ELC.RNEW.ZS,14.720802919708
Burkina Faso,BFA,2005,Renewable electricity output (% of total electricity output),EG.ELC.RNEW.ZS,19.4332688588008
Burkina Faso,BFA,2004,Renewable electricity output (% of total electricity output),EG.ELC.RNEW.ZS,21.4050632911392
Burkina Faso,BFA,2003,Renewable electricity output (% of total electricity output),EG.ELC.RNEW.ZS,21.5483146067416
Burkina Faso,BFA,2002,Renewable electricity output (% of total electricity output),EG.ELC.RNEW.ZS,17.4684931506849
Burkina Faso,BFA,2001,Renewable electricity output (% of total electricity output),EG.ELC.RNEW.ZS,14.6939890710383
Burkina Faso,BFA,2000,Renewable electricity output (% of total electricity output),EG.ELC.RNEW.ZS,25.1974358974359
Burkina Faso,BFA,2021,"Electricity production from renewable sources, excluding hydroelectric (kWh)",EG.ELC.RNWX.KH,106920000
Burkina Faso,BFA,2020,"Electricity production from renewable sources, excluding hydroelectric (kWh)",EG.ELC.RNWX.KH,97560000
Burkina Faso,BFA,2019,"Electricity production from renewable sources, excluding hydroelectric (kWh)",EG.ELC.RNWX.KH,99580000
Burkina Faso,BFA,2018,"Electricity production from renewable sources, excluding hydroelectric (kWh)",EG.ELC.RNWX.KH,84940000
Burkina Faso,BFA,2017,"Electricity production from renewable sources, excluding hydroelectric (kWh)",EG.ELC.RNWX.KH,16580000
Burkina Faso,BFA,2016,"Electricity production from renewable sources, excluding hydroelectric (kWh)",EG.ELC.RNWX.KH,5590000
Burkina Faso,BFA,2015,"Electricity production from renewable sources, excluding hydroelectric (kWh)",EG.ELC.RNWX.KH,4860000
Burkina Faso,BFA,2014,"Electricity production from renewable sources, excluding hydroelectric (kWh)",EG.ELC.RNWX.KH,3220000
Burkina Faso,BFA,2013,"Electricity production from renewable sources, excluding hydroelectric (kWh)",EG.ELC.RNWX.KH,1390000
Burkina Faso,BFA,2012,"Electricity production from renewable sources, excluding hydroelectric (kWh)",EG.ELC.RNWX.KH,750000
Burkina Faso,BFA,2011,"Electricity production from renewable sources, excluding hydroelectric (kWh)",EG.ELC.RNWX.KH,150000
Burkina Faso,BFA,2010,"Electricity production from renewable sources, excluding hydroelectric (kWh)",EG.ELC.RNWX.KH,-260000
Burkina Faso,BFA,2009,"Electricity production from renewable sources, excluding hydroelectric (kWh)",EG.ELC.RNWX.KH,300000
Burkina Faso,BFA,2008,"Electricity production from renewable sources, excluding hydroelectric (kWh)",EG.ELC.RNWX.KH,-70000
Burkina Faso,BFA,2007,"Electricity production from renewable sources, excluding hydroelectric (kWh)",EG.ELC.RNWX.KH,420000
Burkina Faso,BFA,2006,"Electricity production from renewable sources, excluding hydroelectric (kWh)",EG.ELC.RNWX.KH,670000
Burkina Faso,BFA,2005,"Electricity production from renewable sources, excluding hydroelectric (kWh)",EG.ELC.RNWX.KH,-530000
Burkina Faso,BFA,2004,"Electricity production from renewable sources, excluding hydroelectric (kWh)",EG.ELC.RNWX.KH,-540000
Burkina Faso,BFA,2003,"Electricity production from renewable sources, excluding hydroelectric (kWh)",EG.ELC.RNWX.KH,-110000
Burkina Faso,BFA,2002,"Electricity production from renewable sources, excluding hydroelectric (kWh)",EG.ELC.RNWX.KH,-240000
Burkina Faso,BFA,2001,"Electricity production from renewable sources, excluding hydroelectric (kWh)",EG.ELC.RNWX.KH,-220000
Burkina Faso,BFA,2000,"Electricity production from renewable sources, excluding hydroelectric (kWh)",EG.ELC.RNWX.KH,270000
Burkina Faso,BFA,2021,"Electricity production from renewable sources, excluding hydroelectric (% of total)",EG.ELC.RNWX.ZS,6.36428571428571
Burkina Faso,BFA,2020,"Electricity production from renewable sources, excluding hydroelectric (% of total)",EG.ELC.RNWX.ZS,6.13584905660377
Burkina Faso,BFA,2019,"Electricity production from renewable sources, excluding hydroelectric (% of total)",EG.ELC.RNWX.ZS,6.27078085642317
Burkina Faso,BFA,2018,"Electricity production from renewable sources, excluding hydroelectric (% of total)",EG.ELC.RNWX.ZS,4.64406779661017
Burkina Faso,BFA,2017,"Electricity production from renewable sources, excluding hydroelectric (% of total)",EG.ELC.RNWX.ZS,0.909489851892485
Burkina Faso,BFA,2016,"Electricity production from renewable sources, excluding hydroelectric (% of total)",EG.ELC.RNWX.ZS,0.322934719815136
Burkina Faso,BFA,2015,"Electricity production from renewable sources, excluding hydroelectric (% of total)",EG.ELC.RNWX.ZS,0.256871035940803
Burkina Faso,BFA,2014,"Electricity production from renewable sources, excluding hydroelectric (% of total)",EG.ELC.RNWX.ZS,0.214666666666667
Burkina Faso,BFA,2013,"Electricity production from renewable sources, excluding hydroelectric (% of total)",EG.ELC.RNWX.ZS,0.108424336973479
Burkina Faso,BFA,2012,"Electricity production from renewable sources, excluding hydroelectric (% of total)",EG.ELC.RNWX.ZS,0.0663129973474801
Burkina Faso,BFA,2011,"Electricity production from renewable sources, excluding hydroelectric (% of total)",EG.ELC.RNWX.ZS,0.0164293537787514
Burkina Faso,BFA,2010,"Electricity production from renewable sources, excluding hydroelectric (% of total)",EG.ELC.RNWX.ZS,-0.0305882352941176
Burkina Faso,BFA,2009,"Electricity production from renewable sources, excluding hydroelectric (% of total)",EG.ELC.RNWX.ZS,0.0428571428571429
Burkina Faso,BFA,2008,"Electricity production from renewable sources, excluding hydroelectric (% of total)",EG.ELC.RNWX.ZS,-0.0112903225806452
Burkina Faso,BFA,2007,"Electricity production from renewable sources, excluding hydroelectric (% of total)",EG.ELC.RNWX.ZS,0.0686274509803922
Burkina Faso,BFA,2006,"Electricity production from renewable sources, excluding hydroelectric (% of total)",EG.ELC.RNWX.ZS,0.122262773722628
Burkina Faso,BFA,2005,"Electricity production from renewable sources, excluding hydroelectric (% of total)",EG.ELC.RNWX.ZS,-0.102514506769826
Burkina Faso,BFA,2004,"Electricity production from renewable sources, excluding hydroelectric (% of total)",EG.ELC.RNWX.ZS,-0.113924050632911
Burkina Faso,BFA,2003,"Electricity production from renewable sources, excluding hydroelectric (% of total)",EG.ELC.RNWX.ZS,-0.0247191011235955
Burkina Faso,BFA,2002,"Electricity production from renewable sources, excluding hydroelectric (% of total)",EG.ELC.RNWX.ZS,-0.0657534246575343
Burkina Faso,BFA,2001,"Electricity production from renewable sources, excluding hydroelectric (% of total)",EG.ELC.RNWX.ZS,-0.0601092896174863
Burkina Faso,BFA,2000,"Electricity production from renewable sources, excluding hydroelectric (% of total)",EG.ELC.RNWX.ZS,0.0692307692307692
Burkina Faso,BFA,2022,Renewable energy consumption (% of total final energy consumption),EG.FEC.RNEW.ZS,71.4
Burkina Faso,BFA,2021,Renewable energy consumption (% of total final energy consumption),EG.FEC.RNEW.ZS,71.2
Burkina Faso,BFA,2020,Renewable energy consumption (% of total final energy consumption),EG.FEC.RNEW.ZS,73.1
Burkina Faso,BFA,2019,Renewable energy consumption (% of total final energy consumption),EG.FEC.RNEW.ZS,72.7
Burkina Faso,BFA,2018,Renewable energy consumption (% of total final energy consumption),EG.FEC.RNEW.ZS,73.7
Burkina Faso,BFA,2017,Renewable energy consumption (% of total final energy consumption),EG.FEC.RNEW.ZS,74.6
Burkina Faso,BFA,2016,Renewable energy consumption (% of total final energy consumption),EG.FEC.RNEW.ZS,77.1
Burkina Faso,BFA,2015,Renewable energy consumption (% of total final energy consumption),EG.FEC.RNEW.ZS,78.8
Burkina Faso,BFA,2014,Renewable energy consumption (% of total final energy consumption),EG.FEC.RNEW.ZS,78.9
Burkina Faso,BFA,2013,Renewable energy consumption (% of total final energy consumption),EG.FEC.RNEW.ZS,78.7
Burkina Faso,BFA,2012,Renewable energy consumption (% of total final energy consumption),EG.FEC.RNEW.ZS,79.2
Burkina Faso,BFA,2011,Renewable energy consumption (% of total final energy consumption),EG.FEC.RNEW.ZS,81.4
Burkina Faso,BFA,2010,Renewable energy consumption (% of total final energy consumption),EG.FEC.RNEW.ZS,82.1
Burkina Faso,BFA,2009,Renewable energy consumption (% of total final energy consumption),EG.FEC.RNEW.ZS,83.3
Burkina Faso,BFA,2008,Renewable energy consumption (% of total final energy consumption),EG.FEC.RNEW.ZS,83.5
Burkina Faso,BFA,2007,Renewable energy consumption (% of total final energy consumption),EG.FEC.RNEW.ZS,82.9
Burkina Faso,BFA,2006,Renewable energy consumption (% of total final energy consumption),EG.FEC.RNEW.ZS,84.8
Burkina Faso,BFA,2005,Renewable energy consumption (% of total final energy consumption),EG.FEC.RNEW.ZS,85.4
Burkina Faso,BFA,2004,Renewable energy consumption (% of total final energy consumption),EG.FEC.RNEW.ZS,82
Burkina Faso,BFA,2003,Renewable energy consumption (% of total final energy consumption),EG.FEC.RNEW.ZS,80.8
Burkina Faso,BFA,2002,Renewable energy consumption (% of total final energy consumption),EG.FEC.RNEW.ZS,81.8
Burkina Faso,BFA,2001,Renewable energy consumption (% of total final energy consumption),EG.FEC.RNEW.ZS,81.7
Burkina Faso,BFA,2000,Renewable energy consumption (% of total final energy consumption),EG.FEC.RNEW.ZS,83.9
Burkina Faso,BFA,1999,Renewable energy consumption (% of total final energy consumption),EG.FEC.RNEW.ZS,83.1
Burkina Faso,BFA,1998,Renewable energy consumption (% of total final energy consumption),EG.FEC.RNEW.ZS,84.1
Burkina Faso,BFA,1997,Renewable energy consumption (% of total final energy consumption),EG.FEC.RNEW.ZS,85.2
Burkina Faso,BFA,1996,Renewable energy consumption (% of total final energy consumption),EG.FEC.RNEW.ZS,85.8
Burkina Faso,BFA,1995,Renewable energy consumption (% of total final energy consumption),EG.FEC.RNEW.ZS,86.4
Burkina Faso,BFA,1994,Renewable energy consumption (% of total final energy consumption),EG.FEC.RNEW.ZS,86.2
Burkina Faso,BFA,1993,Renewable energy consumption (% of total final energy consumption),EG.FEC.RNEW.ZS,86.3
Burkina Faso,BFA,1992,Renewable energy consumption (% of total final energy consumption),EG.FEC.RNEW.ZS,86.4
Burkina Faso,BFA,1991,Renewable energy consumption (% of total final energy consumption),EG.FEC.RNEW.ZS,86.1
Burkina Faso,BFA,1990,Renewable energy consumption (% of total final energy consumption),EG.FEC.RNEW.ZS,86.3
Burkina Faso,BFA,2023,"Energy use (kg of oil equivalent) per $1,000 GDP (constant 2021 PPP)",EG.USE.COMM.GD.PP.KD,131.100886898053
Burkina Faso,BFA,2022,"Energy use (kg of oil equivalent) per $1,000 GDP (constant 2021 PPP)",EG.USE.COMM.GD.PP.KD,126.749336871053
Burkina Faso,BFA,2021,"Energy use (kg of oil equivalent) per $1,000 GDP (constant 2021 PPP)",EG.USE.COMM.GD.PP.KD,124.791987192662
Burkina Faso,BFA,2020,"Energy use (kg of oil equivalent) per $1,000 GDP (constant 2021 PPP)",EG.USE.COMM.GD.PP.KD,132.033068765127
Burkina Faso,BFA,2019,"Energy use (kg of oil equivalent) per $1,000 GDP (constant 2021 PPP)",EG.USE.COMM.GD.PP.KD,126.623237440333
Burkina Faso,BFA,2018,"Energy use (kg of oil equivalent) per $1,000 GDP (constant 2021 PPP)",EG.USE.COMM.GD.PP.KD,129.529249043062
Burkina Faso,BFA,2017,"Energy use (kg of oil equivalent) per $1,000 GDP (constant 2021 PPP)",EG.USE.COMM.GD.PP.KD,127.823038272587
Burkina Faso,BFA,2016,"Energy use (kg of oil equivalent) per $1,000 GDP (constant 2021 PPP)",EG.USE.COMM.GD.PP.KD,125.599746512462
Burkina Faso,BFA,2015,"Energy use (kg of oil equivalent) per $1,000 GDP (constant 2021 PPP)",EG.USE.COMM.GD.PP.KD,132.862652220599
Burkina Faso,BFA,2014,"Energy use (kg of oil equivalent) per $1,000 GDP (constant 2021 PPP)",EG.USE.COMM.GD.PP.KD,127.192994036852
Burkina Faso,BFA,2013,"Energy use (kg of oil equivalent) per $1,000 GDP (constant 2021 PPP)",EG.USE.COMM.GD.PP.KD,125.537738887895
Burkina Faso,BFA,2012,"Energy use (kg of oil equivalent) per $1,000 GDP (constant 2021 PPP)",EG.USE.COMM.GD.PP.KD,124.308837032437
Burkina Faso,BFA,2011,"Energy use (kg of oil equivalent) per $1,000 GDP (constant 2021 PPP)",EG.USE.COMM.GD.PP.KD,121.49026839026
Burkina Faso,BFA,2010,"Energy use (kg of oil equivalent) per $1,000 GDP (constant 2021 PPP)",EG.USE.COMM.GD.PP.KD,121.634202890264
Burkina Faso,BFA,2009,"Energy use (kg of oil equivalent) per $1,000 GDP (constant 2021 PPP)",EG.USE.COMM.GD.PP.KD,96.3568069851879
Burkina Faso,BFA,2008,"Energy use (kg of oil equivalent) per $1,000 GDP (constant 2021 PPP)",EG.USE.COMM.GD.PP.KD,94.8674979467491
Burkina Faso,BFA,2007,"Energy use (kg of oil equivalent) per $1,000 GDP (constant 2021 PPP)",EG.USE.COMM.GD.PP.KD,96.6438898880424
Burkina Faso,BFA,2006,"Energy use (kg of oil equivalent) per $1,000 GDP (constant 2021 PPP)",EG.USE.COMM.GD.PP.KD,93.337793320578
Burkina Faso,BFA,2005,"Energy use (kg of oil equivalent) per $1,000 GDP (constant 2021 PPP)",EG.USE.COMM.GD.PP.KD,91.5642544012137
Burkina Faso,BFA,2004,"Energy use (kg of oil equivalent) per $1,000 GDP (constant 2021 PPP)",EG.USE.COMM.GD.PP.KD,94.3566416624952
Burkina Faso,BFA,2003,"Energy use (kg of oil equivalent) per $1,000 GDP (constant 2021 PPP)",EG.USE.COMM.GD.PP.KD,93.1035478213161
Burkina Faso,BFA,2002,"Energy use (kg of oil equivalent) per $1,000 GDP (constant 2021 PPP)",EG.USE.COMM.GD.PP.KD,93.9109687783463
Burkina Faso,BFA,2001,"Energy use (kg of oil equivalent) per $1,000 GDP (constant 2021 PPP)",EG.USE.COMM.GD.PP.KD,93.9618367262157
Burkina Faso,BFA,2000,"Energy use (kg of oil equivalent) per $1,000 GDP (constant 2021 PPP)",EG.USE.COMM.GD.PP.KD,86.0132769352344
Burkina Faso,BFA,1999,"Energy use (kg of oil equivalent) per $1,000 GDP (constant 2021 PPP)",EG.USE.COMM.GD.PP.KD,83.2737327873961
Burkina Faso,BFA,1998,"Energy use (kg of oil equivalent) per $1,000 GDP (constant 2021 PPP)",EG.USE.COMM.GD.PP.KD,116.207784294302
Burkina Faso,BFA,1997,"Energy use (kg of oil equivalent) per $1,000 GDP (constant 2021 PPP)",EG.USE.COMM.GD.PP.KD,122.184557456485
Burkina Faso,BFA,1996,"Energy use (kg of oil equivalent) per $1,000 GDP (constant 2021 PPP)",EG.USE.COMM.GD.PP.KD,126.514427873096
Burkina Faso,BFA,1995,"Energy use (kg of oil equivalent) per $1,000 GDP (constant 2021 PPP)",EG.USE.COMM.GD.PP.KD,146.40673755208
Burkina Faso,BFA,1994,"Energy use (kg of oil equivalent) per $1,000 GDP (constant 2021 PPP)",EG.USE.COMM.GD.PP.KD,150.947217448868
Burkina Faso,BFA,1993,"Energy use (kg of oil equivalent) per $1,000 GDP (constant 2021 PPP)",EG.USE.COMM.GD.PP.KD,151.63362695908
Burkina Faso,BFA,1992,"Energy use (kg of oil equivalent) per $1,000 GDP (constant 2021 PPP)",EG.USE.COMM.GD.PP.KD,151.243403110207
Burkina Faso,BFA,1991,"Energy use (kg of oil equivalent) per $1,000 GDP (constant 2021 PPP)",EG.USE.COMM.GD.PP.KD,147.641789562815
Burkina Faso,BFA,1990,"Energy use (kg of oil equivalent) per $1,000 GDP (constant 2021 PPP)",EG.USE.COMM.GD.PP.KD,155.880408611446
Burkina Faso,BFA,2023,Electric power consumption (kWh per capita),EG.USE.ELEC.KH.PC,133.328839818471
Burkina Faso,BFA,2022,Electric power consumption (kWh per capita),EG.USE.ELEC.KH.PC,126.615806504036
Burkina Faso,BFA,2021,Electric power consumption (kWh per capita),EG.USE.ELEC.KH.PC,126.481894289597
Burkina Faso,BFA,2020,Electric power consumption (kWh per capita),EG.USE.ELEC.KH.PC,131.898174423114
Burkina Faso,BFA,2019,Electric power consumption (kWh per capita),EG.USE.ELEC.KH.PC,124.034250245397
Burkina Faso,BFA,2018,Electric power consumption (kWh per capita),EG.USE.ELEC.KH.PC,118.943426181293
Burkina Faso,BFA,2017,Electric power consumption (kWh per capita),EG.USE.ELEC.KH.PC,112.192336268178
Burkina Faso,BFA,2016,Electric power consumption (kWh per capita),EG.USE.ELEC.KH.PC,108.87073583584
Burkina Faso,BFA,2015,Electric power consumption (kWh per capita),EG.USE.ELEC.KH.PC,113.007667106892
Burkina Faso,BFA,2014,Electric power consumption (kWh per capita),EG.USE.ELEC.KH.PC,98.0829877526275
Burkina Faso,BFA,2013,Electric power consumption (kWh per capita),EG.USE.ELEC.KH.PC,92.1707997820226
Burkina Faso,BFA,2012,Electric power consumption (kWh per capita),EG.USE.ELEC.KH.PC,86.3018420318738
Burkina Faso,BFA,2011,Electric power consumption (kWh per capita),EG.USE.ELEC.KH.PC,75.6215914767985
Burkina Faso,BFA,2010,Electric power consumption (kWh per capita),EG.USE.ELEC.KH.PC,68.4326113105568
Burkina Faso,BFA,2009,Electric power consumption (kWh per capita),EG.USE.ELEC.KH.PC,47.294518049765
Burkina Faso,BFA,2008,Electric power consumption (kWh per capita),EG.USE.ELEC.KH.PC,43.3212721930585
Burkina Faso,BFA,2007,Electric power consumption (kWh per capita),EG.USE.ELEC.KH.PC,42.723196812809
Burkina Faso,BFA,2006,Electric power consumption (kWh per capita),EG.USE.ELEC.KH.PC,41.8820280669419
Burkina Faso,BFA,2005,Electric power consumption (kWh per capita),EG.USE.ELEC.KH.PC,40.194879129333
Burkina Faso,BFA,2004,Electric power consumption (kWh per capita),EG.USE.ELEC.KH.PC,36.5911479198636
Burkina Faso,BFA,2003,Electric power consumption (kWh per capita),EG.USE.ELEC.KH.PC,34.0148222071996
Burkina Faso,BFA,2002,Electric power consumption (kWh per capita),EG.USE.ELEC.KH.PC,33.0418266152623
Burkina Faso,BFA,2001,Electric power consumption (kWh per capita),EG.USE.ELEC.KH.PC,30.0121976403255
Burkina Faso,BFA,2000,Electric power consumption (kWh per capita),EG.USE.ELEC.KH.PC,28.5940786275111
Burkina Faso,BFA,1999,Electric power consumption (kWh per capita),EG.USE.ELEC.KH.PC,27.2139921734286
Burkina Faso,BFA,1998,Electric power consumption (kWh per capita),EG.USE.ELEC.KH.PC,25.7991876636469
Burkina Faso,BFA,1997,Electric power consumption (kWh per capita),EG.USE.ELEC.KH.PC,24.6016566517804
Burkina Faso,BFA,1996,Electric power consumption (kWh per capita),EG.USE.ELEC.KH.PC,21.9595789841949
Burkina Faso,BFA,1995,Electric power consumption (kWh per capita),EG.USE.ELEC.KH.PC,20.603227851867
Burkina Faso,BFA,1994,Electric power consumption (kWh per capita),EG.USE.ELEC.KH.PC,19.2615459138952
Burkina Faso,BFA,1993,Electric power consumption (kWh per capita),EG.USE.ELEC.KH.PC,19.6521110368585
Burkina Faso,BFA,1992,Electric power consumption (kWh per capita),EG.USE.ELEC.KH.PC,18.7968460761584
Burkina Faso,BFA,1991,Electric power consumption (kWh per capita),EG.USE.ELEC.KH.PC,18.6276588588036
Burkina Faso,BFA,1990,Electric power consumption (kWh per capita),EG.USE.ELEC.KH.PC,18.1235449304514
Burkina Faso,BFA,2023,Energy use (kg of oil equivalent per capita),EG.USE.PCAP.KG.OE,325.943903136553
Burkina Faso,BFA,2022,Energy use (kg of oil equivalent per capita),EG.USE.PCAP.KG.OE,312.969408025336
Burkina Faso,BFA,2021,Energy use (kg of oil equivalent per capita),EG.USE.PCAP.KG.OE,310.286656956393
Burkina Faso,BFA,2020,Energy use (kg of oil equivalent per capita),EG.USE.PCAP.KG.OE,314.361721282852
Burkina Faso,BFA,2019,Energy use (kg of oil equivalent per capita),EG.USE.PCAP.KG.OE,302.824064766459
Burkina Faso,BFA,2018,Energy use (kg of oil equivalent per capita),EG.USE.PCAP.KG.OE,300.040816859599
Burkina Faso,BFA,2017,Energy use (kg of oil equivalent per capita),EG.USE.PCAP.KG.OE,285.3378108006
Burkina Faso,BFA,2016,Energy use (kg of oil equivalent per capita),EG.USE.PCAP.KG.OE,271.637810972099
Burkina Faso,BFA,2015,Energy use (kg of oil equivalent per capita),EG.USE.PCAP.KG.OE,279.23778984182
Burkina Faso,BFA,2014,Energy use (kg of oil equivalent per capita),EG.USE.PCAP.KG.OE,264.968247644692
Burkina Faso,BFA,2013,Energy use (kg of oil equivalent per capita),EG.USE.PCAP.KG.OE,258.239154769277
Burkina Faso,BFA,2012,Energy use (kg of oil equivalent per capita),EG.USE.PCAP.KG.OE,249.073217705168
Burkina Faso,BFA,2011,Energy use (kg of oil equivalent per capita),EG.USE.PCAP.KG.OE,235.67491386243
Burkina Faso,BFA,2010,Energy use (kg of oil equivalent per capita),EG.USE.PCAP.KG.OE,227.93902505697
Burkina Faso,BFA,2009,Energy use (kg of oil equivalent per capita),EG.USE.PCAP.KG.OE,171.44988829824
Burkina Faso,BFA,2008,Energy use (kg of oil equivalent per capita),EG.USE.PCAP.KG.OE,168.80031087063
Burkina Faso,BFA,2007,Energy use (kg of oil equivalent per capita),EG.USE.PCAP.KG.OE,167.380496993818
Burkina Faso,BFA,2006,Energy use (kg of oil equivalent per capita),EG.USE.PCAP.KG.OE,160.051947053493
Burkina Faso,BFA,2005,Energy use (kg of oil equivalent per capita),EG.USE.PCAP.KG.OE,152.454065294215
Burkina Faso,BFA,2004,Energy use (kg of oil equivalent per capita),EG.USE.PCAP.KG.OE,149.202025520624
Burkina Faso,BFA,2003,Energy use (kg of oil equivalent per capita),EG.USE.PCAP.KG.OE,145.412202886927
Burkina Faso,BFA,2002,Energy use (kg of oil equivalent per capita),EG.USE.PCAP.KG.OE,140.366660183959
Burkina Faso,BFA,2001,Energy use (kg of oil equivalent per capita),EG.USE.PCAP.KG.OE,138.808404306933
Burkina Faso,BFA,2000,Energy use (kg of oil equivalent per capita),EG.USE.PCAP.KG.OE,122.87633161526
Burkina Faso,BFA,1999,Energy use (kg of oil equivalent per capita),EG.USE.PCAP.KG.OE,120.294478166027
Burkina Faso,BFA,1998,Energy use (kg of oil equivalent per capita),EG.USE.PCAP.KG.OE,160.958600981487
Burkina Faso,BFA,1997,Energy use (kg of oil equivalent per capita),EG.USE.PCAP.KG.OE,162.131858709877
Burkina Faso,BFA,1996,Energy use (kg of oil equivalent per capita),EG.USE.PCAP.KG.OE,162.026532515962
Burkina Faso,BFA,1995,Energy use (kg of oil equivalent per capita),EG.USE.PCAP.KG.OE,173.276562601483
Burkina Faso,BFA,1994,Energy use (kg of oil equivalent per capita),EG.USE.PCAP.KG.OE,173.37906285031
Burkina Faso,BFA,1993,Energy use (kg of oil equivalent per capita),EG.USE.PCAP.KG.OE,176.296720313514
Burkina Faso,BFA,1992,Energy use (kg of oil equivalent per capita),EG.USE.PCAP.KG.OE,174.239170181508
Burkina Faso,BFA,1991,Energy use (kg of oil equivalent per capita),EG.USE.PCAP.KG.OE,173.933403371987
Burkina Faso,BFA,1990,Energy use (kg of oil equivalent per capita),EG.USE.PCAP.KG.OE,172.693031083803
Burkina Faso,BFA,2009,"Droughts, floods, extreme temperatures (% of population, average 1990-2009)",EN.CLC.MDAT.ZS,1.250036827358
Burkina Faso,BFA,2015,Rural population living in areas where elevation is below 5 meters (% of total population),EN.POP.EL5M.RU.ZS,0
Burkina Faso,BFA,2000,Rural population living in areas where elevation is below 5 meters (% of total population),EN.POP.EL5M.RU.ZS,0
Burkina Faso,BFA,1990,Rural population living in areas where elevation is below 5 meters (% of total population),EN.POP.EL5M.RU.ZS,0
Burkina Faso,BFA,2015,Urban population living in areas where elevation is below 5 meters (% of total population),EN.POP.EL5M.UR.ZS,0
Burkina Faso,BFA,2000,Urban population living in areas where elevation is below 5 meters (% of total population),EN.POP.EL5M.UR.ZS,0
Burkina Faso,BFA,1990,Urban population living in areas where elevation is below 5 meters (% of total population),EN.POP.EL5M.UR.ZS,0
Burkina Faso,BFA,2015,Population living in areas where elevation is below 5 meters (% of total population),EN.POP.EL5M.ZS,0
Burkina Faso,BFA,2000,Population living in areas where elevation is below 5 meters (% of total population),EN.POP.EL5M.ZS,0
Burkina Faso,BFA,1990,Population living in areas where elevation is below 5 meters (% of total population),EN.POP.EL5M.ZS,0
Burkina Faso,BFA,2025,Population in urban agglomerations of more than 1 million (% of total population),EN.URB.MCTY.TL.ZS,14.6246414267663
Burkina Faso,BFA,2024,Population in urban agglomerations of more than 1 million (% of total population),EN.URB.MCTY.TL.ZS,14.2637277063301
Burkina Faso,BFA,2023,Population in urban agglomerations of more than 1 million (% of total population),EN.URB.MCTY.TL.ZS,13.9145060735412
Burkina Faso,BFA,2022,Population in urban agglomerations of more than 1 million (% of total population),EN.URB.MCTY.TL.ZS,13.5758267412406
Burkina Faso,BFA,2021,Population in urban agglomerations of more than 1 million (% of total population),EN.URB.MCTY.TL.ZS,13.2511334382621
Burkina Faso,BFA,2020,Population in urban agglomerations of more than 1 million (% of total population),EN.URB.MCTY.TL.ZS,12.9446023011645
Burkina Faso,BFA,2019,Population in urban agglomerations of more than 1 million (% of total population),EN.URB.MCTY.TL.ZS,12.6549283196527
Burkina Faso,BFA,2018,Population in urban agglomerations of more than 1 million (% of total population),EN.URB.MCTY.TL.ZS,12.3854845376482
Burkina Faso,BFA,2017,Population in urban agglomerations of more than 1 million (% of total population),EN.URB.MCTY.TL.ZS,12.1433677314433
Burkina Faso,BFA,2016,Population in urban agglomerations of more than 1 million (% of total population),EN.URB.MCTY.TL.ZS,11.9245418740124
Burkina Faso,BFA,2015,Population in urban agglomerations of more than 1 million (% of total population),EN.URB.MCTY.TL.ZS,11.7181175521517
Burkina Faso,BFA,2014,Population in urban agglomerations of more than 1 million (% of total population),EN.URB.MCTY.TL.ZS,11.5195122883776
Burkina Faso,BFA,2013,Population in urban agglomerations of more than 1 million (% of total population),EN.URB.MCTY.TL.ZS,11.3255703781698
Burkina Faso,BFA,2012,Population in urban agglomerations of more than 1 million (% of total population),EN.URB.MCTY.TL.ZS,11.1386619615663
Burkina Faso,BFA,2011,Population in urban agglomerations of more than 1 million (% of total population),EN.URB.MCTY.TL.ZS,10.9552219349669
Burkina Faso,BFA,2010,Population in urban agglomerations of more than 1 million (% of total population),EN.URB.MCTY.TL.ZS,10.7689624787763
Burkina Faso,BFA,2009,Population in urban agglomerations of more than 1 million (% of total population),EN.URB.MCTY.TL.ZS,10.5826162665389
Burkina Faso,BFA,2008,Population in urban agglomerations of more than 1 million (% of total population),EN.URB.MCTY.TL.ZS,10.3994778377612
Burkina Faso,BFA,2007,Population in urban agglomerations of more than 1 million (% of total population),EN.URB.MCTY.TL.ZS,10.220131102845
Burkina Faso,BFA,2006,Population in urban agglomerations of more than 1 million (% of total population),EN.URB.MCTY.TL.ZS,9.93730427369919
Burkina Faso,BFA,2005,Population in urban agglomerations of more than 1 million (% of total population),EN.URB.MCTY.TL.ZS,9.52872006656846
Burkina Faso,BFA,2004,Population in urban agglomerations of more than 1 million (% of total population),EN.URB.MCTY.TL.ZS,9.14028357250784
Burkina Faso,BFA,2003,Population in urban agglomerations of more than 1 million (% of total population),EN.URB.MCTY.TL.ZS,8.76575727084023
Burkina Faso,BFA,2002,Population in urban agglomerations of more than 1 million (% of total population),EN.URB.MCTY.TL.ZS,8.40516250545998
Burkina Faso,BFA,2001,Population in urban agglomerations of more than 1 million (% of total population),EN.URB.MCTY.TL.ZS,8.05716079242287
Burkina Faso,BFA,2000,Population in urban agglomerations of more than 1 million (% of total population),EN.URB.MCTY.TL.ZS,7.72130684834053
Burkina Faso,BFA,1999,Population in urban agglomerations of more than 1 million (% of total population),EN.URB.MCTY.TL.ZS,7.39302222873438
Burkina Faso,BFA,1998,Population in urban agglomerations of more than 1 million (% of total population),EN.URB.MCTY.TL.ZS,7.07559624591572
Burkina Faso,BFA,1997,Population in urban agglomerations of more than 1 million (% of total population),EN.URB.MCTY.TL.ZS,6.76054439350652
Burkina Faso,BFA,1996,Population in urban agglomerations of more than 1 million (% of total population),EN.URB.MCTY.TL.ZS,6.53446687303666
Burkina Faso,BFA,1995,Population in urban agglomerations of more than 1 million (% of total population),EN.URB.MCTY.TL.ZS,6.42032202267472
Burkina Faso,BFA,1994,Population in urban agglomerations of more than 1 million (% of total population),EN.URB.MCTY.TL.ZS,6.30885760462625
Burkina Faso,BFA,1993,Population in urban agglomerations of more than 1 million (% of total population),EN.URB.MCTY.TL.ZS,6.19670567813307
Burkina Faso,BFA,1992,Population in urban agglomerations of more than 1 million (% of total population),EN.URB.MCTY.TL.ZS,6.08477792980261
Burkina Faso,BFA,1991,Population in urban agglomerations of more than 1 million (% of total population),EN.URB.MCTY.TL.ZS,5.9729960683931
Burkina Faso,BFA,1990,Population in urban agglomerations of more than 1 million (% of total population),EN.URB.MCTY.TL.ZS,5.86767235600407
Burkina Faso,BFA,1989,Population in urban agglomerations of more than 1 million (% of total population),EN.URB.MCTY.TL.ZS,5.76989017702264
Burkina Faso,BFA,1988,Population in urban agglomerations of more than 1 million (% of total population),EN.URB.MCTY.TL.ZS,5.67523095136827
Burkina Faso,BFA,1987,Population in urban agglomerations of more than 1 million (% of total population),EN.URB.MCTY.TL.ZS,5.58324363562064
Burkina Faso,BFA,1986,Population in urban agglomerations of more than 1 million (% of total population),EN.URB.MCTY.TL.ZS,5.4957638658247
Burkina Faso,BFA,1985,Population in urban agglomerations of more than 1 million (% of total population),EN.URB.MCTY.TL.ZS,5.29425551582607
Burkina Faso,BFA,1984,Population in urban agglomerations of more than 1 million (% of total population),EN.URB.MCTY.TL.ZS,4.96279329965457
Burkina Faso,BFA,1983,Population in urban agglomerations of more than 1 million (% of total population),EN.URB.MCTY.TL.ZS,4.65082771066419
Burkina Faso,BFA,1982,Population in urban agglomerations of more than 1 million (% of total population),EN.URB.MCTY.TL.ZS,4.35672230595446
Burkina Faso,BFA,1981,Population in urban agglomerations of more than 1 million (% of total population),EN.URB.MCTY.TL.ZS,4.07829058588953
Burkina Faso,BFA,1980,Population in urban agglomerations of more than 1 million (% of total population),EN.URB.MCTY.TL.ZS,3.8169806704184
Burkina Faso,BFA,1979,Population in urban agglomerations of more than 1 million (% of total population),EN.URB.MCTY.TL.ZS,3.56981760383021
Burkina Faso,BFA,1978,Population in urban agglomerations of more than 1 million (% of total population),EN.URB.MCTY.TL.ZS,3.33593587846671
Burkina Faso,BFA,1977,Population in urban agglomerations of more than 1 million (% of total population),EN.URB.MCTY.TL.ZS,3.11436124126461
Burkina Faso,BFA,1976,Population in urban agglomerations of more than 1 million (% of total population),EN.URB.MCTY.TL.ZS,2.90316186181811
Burkina Faso,BFA,1975,Population in urban agglomerations of more than 1 million (% of total population),EN.URB.MCTY.TL.ZS,2.72237692655422
Burkina Faso,BFA,1974,Population in urban agglomerations of more than 1 million (% of total population),EN.URB.MCTY.TL.ZS,2.5786468962825
Burkina Faso,BFA,1973,Population in urban agglomerations of more than 1 million (% of total population),EN.URB.MCTY.TL.ZS,2.43952606316012
Burkina Faso,BFA,1972,Population in urban agglomerations of more than 1 million (% of total population),EN.URB.MCTY.TL.ZS,2.30569320953831
Burkina Faso,BFA,1971,Population in urban agglomerations of more than 1 million (% of total population),EN.URB.MCTY.TL.ZS,2.17736548307034
Burkina Faso,BFA,1970,Population in urban agglomerations of more than 1 million (% of total population),EN.URB.MCTY.TL.ZS,2.05646610237164
Burkina Faso,BFA,1969,Population in urban agglomerations of more than 1 million (% of total population),EN.URB.MCTY.TL.ZS,1.94265484311496
Burkina Faso,BFA,1968,Population in urban agglomerations of more than 1 million (% of total population),EN.URB.MCTY.TL.ZS,1.83503474300951
Burkina Faso,BFA,1967,Population in urban agglomerations of more than 1 million (% of total population),EN.URB.MCTY.TL.ZS,1.74922855209611
Burkina Faso,BFA,1966,Population in urban agglomerations of more than 1 million (% of total population),EN.URB.MCTY.TL.ZS,1.66685980901245
Burkina Faso,BFA,1965,Population in urban agglomerations of more than 1 million (% of total population),EN.URB.MCTY.TL.ZS,1.58778675730419
Burkina Faso,BFA,1964,Population in urban agglomerations of more than 1 million (% of total population),EN.URB.MCTY.TL.ZS,1.51203876763595
Burkina Faso,BFA,1963,Population in urban agglomerations of more than 1 million (% of total population),EN.URB.MCTY.TL.ZS,1.43873496257126
Burkina Faso,BFA,1962,Population in urban agglomerations of more than 1 million (% of total population),EN.URB.MCTY.TL.ZS,1.36848554131251
Burkina Faso,BFA,1961,Population in urban agglomerations of more than 1 million (% of total population),EN.URB.MCTY.TL.ZS,1.30130126000779
Burkina Faso,BFA,1960,Population in urban agglomerations of more than 1 million (% of total population),EN.URB.MCTY.TL.ZS,1.23730256071783
Burkina Faso,BFA,2022,"Annual freshwater withdrawals, total (billion cubic meters)",ER.H2O.FWTL.K3,0.818
Burkina Faso,BFA,2021,"Annual freshwater withdrawals, total (billion cubic meters)",ER.H2O.FWTL.K3,0.818
Burkina Faso,BFA,2020,"Annual freshwater withdrawals, total (billion cubic meters)",ER.H2O.FWTL.K3,0.818
Burkina Faso,BFA,2019,"Annual freshwater withdrawals, total (billion cubic meters)",ER.H2O.FWTL.K3,0.818
Burkina Faso,BFA,2018,"Annual freshwater withdrawals, total (billion cubic meters)",ER.H2O.FWTL.K3,0.818
Burkina Faso,BFA,2017,"Annual freshwater withdrawals, total (billion cubic meters)",ER.H2O.FWTL.K3,0.818
Burkina Faso,BFA,2016,"Annual freshwater withdrawals, total (billion cubic meters)",ER.H2O.FWTL.K3,0.818
Burkina Faso,BFA,2015,"Annual freshwater withdrawals, total (billion cubic meters)",ER.H2O.FWTL.K3,0.818
Burkina Faso,BFA,2014,"Annual freshwater withdrawals, total (billion cubic meters)",ER.H2O.FWTL.K3,0.818
Burkina Faso,BFA,2013,"Annual freshwater withdrawals, total (billion cubic meters)",ER.H2O.FWTL.K3,0.818
Burkina Faso,BFA,2012,"Annual freshwater withdrawals, total (billion cubic meters)",ER.H2O.FWTL.K3,0.818
Burkina Faso,BFA,2011,"Annual freshwater withdrawals, total (billion cubic meters)",ER.H2O.FWTL.K3,0.818
Burkina Faso,BFA,2010,"Annual freshwater withdrawals, total (billion cubic meters)",ER.H2O.FWTL.K3,0.818
Burkina Faso,BFA,2009,"Annual freshwater withdrawals, total (billion cubic meters)",ER.H2O.FWTL.K3,0.818
Burkina Faso,BFA,2008,"Annual freshwater withdrawals, total (billion cubic meters)",ER.H2O.FWTL.K3,0.818
Burkina Faso,BFA,2007,"Annual freshwater withdrawals, total (billion cubic meters)",ER.H2O.FWTL.K3,0.818
Burkina Faso,BFA,2006,"Annual freshwater withdrawals, total (billion cubic meters)",ER.H2O.FWTL.K3,0.818
Burkina Faso,BFA,2005,"Annual freshwater withdrawals, total (billion cubic meters)",ER.H2O.FWTL.K3,0.818
Burkina Faso,BFA,2004,"Annual freshwater withdrawals, total (billion cubic meters)",ER.H2O.FWTL.K3,0.784
Burkina Faso,BFA,2003,"Annual freshwater withdrawals, total (billion cubic meters)",ER.H2O.FWTL.K3,0.75
Burkina Faso,BFA,2002,"Annual freshwater withdrawals, total (billion cubic meters)",ER.H2O.FWTL.K3,0.716
Burkina Faso,BFA,2001,"Annual freshwater withdrawals, total (billion cubic meters)",ER.H2O.FWTL.K3,0.682
Burkina Faso,BFA,2000,"Annual freshwater withdrawals, total (billion cubic meters)",ER.H2O.FWTL.K3,0.648
Burkina Faso,BFA,1999,"Annual freshwater withdrawals, total (billion cubic meters)",ER.H2O.FWTL.K3,0.614
Burkina Faso,BFA,1998,"Annual freshwater withdrawals, total (billion cubic meters)",ER.H2O.FWTL.K3,0.58
Burkina Faso,BFA,1997,"Annual freshwater withdrawals, total (billion cubic meters)",ER.H2O.FWTL.K3,0.472222222
Burkina Faso,BFA,1996,"Annual freshwater withdrawals, total (billion cubic meters)",ER.H2O.FWTL.K3,0.452977778
Burkina Faso,BFA,1995,"Annual freshwater withdrawals, total (billion cubic meters)",ER.H2O.FWTL.K3,0.433733333
Burkina Faso,BFA,1994,"Annual freshwater withdrawals, total (billion cubic meters)",ER.H2O.FWTL.K3,0.414488889
Burkina Faso,BFA,1993,"Annual freshwater withdrawals, total (billion cubic meters)",ER.H2O.FWTL.K3,0.395244444
Burkina Faso,BFA,1992,"Annual freshwater withdrawals, total (billion cubic meters)",ER.H2O.FWTL.K3,0.376
Burkina Faso,BFA,1991,"Annual freshwater withdrawals, total (billion cubic meters)",ER.H2O.FWTL.K3,0.3637
Burkina Faso,BFA,1990,"Annual freshwater withdrawals, total (billion cubic meters)",ER.H2O.FWTL.K3,0.3514
Burkina Faso,BFA,1989,"Annual freshwater withdrawals, total (billion cubic meters)",ER.H2O.FWTL.K3,0.33912
Burkina Faso,BFA,1988,"Annual freshwater withdrawals, total (billion cubic meters)",ER.H2O.FWTL.K3,0.32684
Burkina Faso,BFA,1987,"Annual freshwater withdrawals, total (billion cubic meters)",ER.H2O.FWTL.K3,0.31456
Burkina Faso,BFA,1986,"Annual freshwater withdrawals, total (billion cubic meters)",ER.H2O.FWTL.K3,0.30228
Burkina Faso,BFA,1985,"Annual freshwater withdrawals, total (billion cubic meters)",ER.H2O.FWTL.K3,0.29
Burkina Faso,BFA,2022,"Annual freshwater withdrawals, total (% of internal resources)",ER.H2O.FWTL.ZS,6.544
Burkina Faso,BFA,2021,"Annual freshwater withdrawals, total (% of internal resources)",ER.H2O.FWTL.ZS,6.544
Burkina Faso,BFA,2020,"Annual freshwater withdrawals, total (% of internal resources)",ER.H2O.FWTL.ZS,6.544
Burkina Faso,BFA,2019,"Annual freshwater withdrawals, total (% of internal resources)",ER.H2O.FWTL.ZS,6.544
Burkina Faso,BFA,2018,"Annual freshwater withdrawals, total (% of internal resources)",ER.H2O.FWTL.ZS,6.544
Burkina Faso,BFA,2017,"Annual freshwater withdrawals, total (% of internal resources)",ER.H2O.FWTL.ZS,6.544
Burkina Faso,BFA,2016,"Annual freshwater withdrawals, total (% of internal resources)",ER.H2O.FWTL.ZS,6.544
Burkina Faso,BFA,2015,"Annual freshwater withdrawals, total (% of internal resources)",ER.H2O.FWTL.ZS,6.544
Burkina Faso,BFA,2014,"Annual freshwater withdrawals, total (% of internal resources)",ER.H2O.FWTL.ZS,6.544
Burkina Faso,BFA,2013,"Annual freshwater withdrawals, total (% of internal resources)",ER.H2O.FWTL.ZS,6.544
Burkina Faso,BFA,2012,"Annual freshwater withdrawals, total (% of internal resources)",ER.H2O.FWTL.ZS,6.544
Burkina Faso,BFA,2011,"Annual freshwater withdrawals, total (% of internal resources)",ER.H2O.FWTL.ZS,6.544
Burkina Faso,BFA,2010,"Annual freshwater withdrawals, total (% of internal resources)",ER.H2O.FWTL.ZS,6.544
Burkina Faso,BFA,2009,"Annual freshwater withdrawals, total (% of internal resources)",ER.H2O.FWTL.ZS,6.544
Burkina Faso,BFA,2008,"Annual freshwater withdrawals, total (% of internal resources)",ER.H2O.FWTL.ZS,6.544
Burkina Faso,BFA,2007,"Annual freshwater withdrawals, total (% of internal resources)",ER.H2O.FWTL.ZS,6.544
Burkina Faso,BFA,2006,"Annual freshwater withdrawals, total (% of internal resources)",ER.H2O.FWTL.ZS,6.544
Burkina Faso,BFA,2005,"Annual freshwater withdrawals, total (% of internal resources)",ER.H2O.FWTL.ZS,6.544
Burkina Faso,BFA,2004,"Annual freshwater withdrawals, total (% of internal resources)",ER.H2O.FWTL.ZS,6.272
Burkina Faso,BFA,2003,"Annual freshwater withdrawals, total (% of internal resources)",ER.H2O.FWTL.ZS,6
Burkina Faso,BFA,2002,"Annual freshwater withdrawals, total (% of internal resources)",ER.H2O.FWTL.ZS,5.728
Burkina Faso,BFA,2001,"Annual freshwater withdrawals, total (% of internal resources)",ER.H2O.FWTL.ZS,5.456
Burkina Faso,BFA,2000,"Annual freshwater withdrawals, total (% of internal resources)",ER.H2O.FWTL.ZS,5.184
Burkina Faso,BFA,1999,"Annual freshwater withdrawals, total (% of internal resources)",ER.H2O.FWTL.ZS,4.912
Burkina Faso,BFA,1998,"Annual freshwater withdrawals, total (% of internal resources)",ER.H2O.FWTL.ZS,4.64
Burkina Faso,BFA,1997,"Annual freshwater withdrawals, total (% of internal resources)",ER.H2O.FWTL.ZS,3.777777776
Burkina Faso,BFA,1996,"Annual freshwater withdrawals, total (% of internal resources)",ER.H2O.FWTL.ZS,3.623822224
Burkina Faso,BFA,1995,"Annual freshwater withdrawals, total (% of internal resources)",ER.H2O.FWTL.ZS,3.469866664
Burkina Faso,BFA,1994,"Annual freshwater withdrawals, total (% of internal resources)",ER.H2O.FWTL.ZS,3.315911112
Burkina Faso,BFA,1993,"Annual freshwater withdrawals, total (% of internal resources)",ER.H2O.FWTL.ZS,3.161955552
Burkina Faso,BFA,1992,"Annual freshwater withdrawals, total (% of internal resources)",ER.H2O.FWTL.ZS,3.008
Burkina Faso,BFA,1991,"Annual freshwater withdrawals, total (% of internal resources)",ER.H2O.FWTL.ZS,2.9096
Burkina Faso,BFA,1990,"Annual freshwater withdrawals, total (% of internal resources)",ER.H2O.FWTL.ZS,2.8112
Burkina Faso,BFA,1989,"Annual freshwater withdrawals, total (% of internal resources)",ER.H2O.FWTL.ZS,2.71296
Burkina Faso,BFA,1988,"Annual freshwater withdrawals, total (% of internal resources)",ER.H2O.FWTL.ZS,2.61472
Burkina Faso,BFA,1987,"Annual freshwater withdrawals, total (% of internal resources)",ER.H2O.FWTL.ZS,2.51648
Burkina Faso,BFA,1986,"Annual freshwater withdrawals, total (% of internal resources)",ER.H2O.FWTL.ZS,2.41824
Burkina Faso,BFA,1985,"Annual freshwater withdrawals, total (% of internal resources)",ER.H2O.FWTL.ZS,2.32
Burkina Faso,BFA,2025,Terrestrial protected areas (% of total land area),ER.LND.PTLD.ZS,16.8
Burkina Faso,BFA,2024,Terrestrial protected areas (% of total land area),ER.LND.PTLD.ZS,16.5
Burkina Faso,BFA,2023,Terrestrial protected areas (% of total land area),ER.LND.PTLD.ZS,16.4
Burkina Faso,BFA,2022,Terrestrial protected areas (% of total land area),ER.LND.PTLD.ZS,16.4
Burkina Faso,BFA,2021,Terrestrial protected areas (% of total land area),ER.LND.PTLD.ZS,16.4
Burkina Faso,BFA,2020,Terrestrial protected areas (% of total land area),ER.LND.PTLD.ZS,16.4
Burkina Faso,BFA,2019,Terrestrial protected areas (% of total land area),ER.LND.PTLD.ZS,14.9
Burkina Faso,BFA,2018,Terrestrial protected areas (% of total land area),ER.LND.PTLD.ZS,14.9
Burkina Faso,BFA,2017,Terrestrial protected areas (% of total land area),ER.LND.PTLD.ZS,14.9
Burkina Faso,BFA,2016,Terrestrial protected areas (% of total land area),ER.LND.PTLD.ZS,15.1
Burkina Faso,BFA,2015,Terrestrial protected areas (% of total land area),ER.LND.PTLD.ZS,15.8
Burkina Faso,BFA,2014,Terrestrial protected areas (% of total land area),ER.LND.PTLD.ZS,15.8
Burkina Faso,BFA,2013,Terrestrial protected areas (% of total land area),ER.LND.PTLD.ZS,15.8
Burkina Faso,BFA,2025,Terrestrial and marine protected areas (% of total territorial area),ER.PTD.TOTL.ZS,16.8
Burkina Faso,BFA,2024,Terrestrial and marine protected areas (% of total territorial area),ER.PTD.TOTL.ZS,16.5
Burkina Faso,BFA,2023,Terrestrial and marine protected areas (% of total territorial area),ER.PTD.TOTL.ZS,16.4
Burkina Faso,BFA,2022,Terrestrial and marine protected areas (% of total territorial area),ER.PTD.TOTL.ZS,16.4
Burkina Faso,BFA,2021,Terrestrial and marine protected areas (% of total territorial area),ER.PTD.TOTL.ZS,16.4
Burkina Faso,BFA,2020,Terrestrial and marine protected areas (% of total territorial area),ER.PTD.TOTL.ZS,16.4
Burkina Faso,BFA,2019,Terrestrial and marine protected areas (% of total territorial area),ER.PTD.TOTL.ZS,14.9
Burkina Faso,BFA,2018,Terrestrial and marine protected areas (% of total territorial area),ER.PTD.TOTL.ZS,14.9
Burkina Faso,BFA,2017,Terrestrial and marine protected areas (% of total territorial area),ER.PTD.TOTL.ZS,14.9
Burkina Faso,BFA,2016,Terrestrial and marine protected areas (% of total territorial area),ER.PTD.TOTL.ZS,15.1
Burkina Faso,BFA,2015,Terrestrial and marine protected areas (% of total territorial area),ER.PTD.TOTL.ZS,15.8
Burkina Faso,BFA,2014,Terrestrial and marine protected areas (% of total territorial area),ER.PTD.TOTL.ZS,15.8
Burkina Faso,BFA,2013,Terrestrial and marine protected areas (% of total territorial area),ER.PTD.TOTL.ZS,15.8
Burkina Faso,BFA,2024,CPIA public sector management and institutions cluster average (1=low to 6=high),IQ.CPA.PUBS.XQ,3.1
Burkina Faso,BFA,2023,CPIA public sector management and institutions cluster average (1=low to 6=high),IQ.CPA.PUBS.XQ,3.2
Burkina Faso,BFA,2022,CPIA public sector management and institutions cluster average (1=low to 6=high),IQ.CPA.PUBS.XQ,3.2
Burkina Faso,BFA,2021,CPIA public sector management and institutions cluster average (1=low to 6=high),IQ.CPA.PUBS.XQ,3.4
Burkina Faso,BFA,2020,CPIA public sector management and institutions cluster average (1=low to 6=high),IQ.CPA.PUBS.XQ,3.4
Burkina Faso,BFA,2019,CPIA public sector management and institutions cluster average (1=low to 6=high),IQ.CPA.PUBS.XQ,3.2
Burkina Faso,BFA,2018,CPIA public sector management and institutions cluster average (1=low to 6=high),IQ.CPA.PUBS.XQ,3.4
Burkina Faso,BFA,2017,CPIA public sector management and institutions cluster average (1=low to 6=high),IQ.CPA.PUBS.XQ,3.4
Burkina Faso,BFA,2016,CPIA public sector management and institutions cluster average (1=low to 6=high),IQ.CPA.PUBS.XQ,3.5
Burkina Faso,BFA,2015,CPIA public sector management and institutions cluster average (1=low to 6=high),IQ.CPA.PUBS.XQ,3.5
Burkina Faso,BFA,2014,CPIA public sector management and institutions cluster average (1=low to 6=high),IQ.CPA.PUBS.XQ,3.5
Burkina Faso,BFA,2013,CPIA public sector management and institutions cluster average (1=low to 6=high),IQ.CPA.PUBS.XQ,3.7
Burkina Faso,BFA,2012,CPIA public sector management and institutions cluster average (1=low to 6=high),IQ.CPA.PUBS.XQ,3.7
Burkina Faso,BFA,2011,CPIA public sector management and institutions cluster average (1=low to 6=high),IQ.CPA.PUBS.XQ,3.7
Burkina Faso,BFA,2010,CPIA public sector management and institutions cluster average (1=low to 6=high),IQ.CPA.PUBS.XQ,3.7
Burkina Faso,BFA,2009,CPIA public sector management and institutions cluster average (1=low to 6=high),IQ.CPA.PUBS.XQ,3.7
Burkina Faso,BFA,2008,CPIA public sector management and institutions cluster average (1=low to 6=high),IQ.CPA.PUBS.XQ,3.5
Burkina Faso,BFA,2007,CPIA public sector management and institutions cluster average (1=low to 6=high),IQ.CPA.PUBS.XQ,3.5
Burkina Faso,BFA,2006,CPIA public sector management and institutions cluster average (1=low to 6=high),IQ.CPA.PUBS.XQ,3.5
Burkina Faso,BFA,2005,CPIA public sector management and institutions cluster average (1=low to 6=high),IQ.CPA.PUBS.XQ,3.6
Burkina Faso,BFA,2024,"Agriculture, forestry, and fishing, value added (% of GDP)",NV.AGR.TOTL.ZS,20.9326147949123
Burkina Faso,BFA,2023,"Agriculture, forestry, and fishing, value added (% of GDP)",NV.AGR.TOTL.ZS,19.00655933992
Burkina Faso,BFA,2022,"Agriculture, forestry, and fishing, value added (% of GDP)",NV.AGR.TOTL.ZS,20.6297606481805
Burkina Faso,BFA,2021,"Agriculture, forestry, and fishing, value added (% of GDP)",NV.AGR.TOTL.ZS,17.2902157538449
Burkina Faso,BFA,2020,"Agriculture, forestry, and fishing, value added (% of GDP)",NV.AGR.TOTL.ZS,17.9151635677562
Burkina Faso,BFA,2019,"Agriculture, forestry, and fishing, value added (% of GDP)",NV.AGR.TOTL.ZS,18.2205245524421
Burkina Faso,BFA,2018,"Agriculture, forestry, and fishing, value added (% of GDP)",NV.AGR.TOTL.ZS,20.9974732840091
Burkina Faso,BFA,2017,"Agriculture, forestry, and fishing, value added (% of GDP)",NV.AGR.TOTL.ZS,20.5855872188282
Burkina Faso,BFA,2016,"Agriculture, forestry, and fishing, value added (% of GDP)",NV.AGR.TOTL.ZS,21.7147178290213
Burkina Faso,BFA,2015,"Agriculture, forestry, and fishing, value added (% of GDP)",NV.AGR.TOTL.ZS,22.6464984902029
Burkina Faso,BFA,2014,"Agriculture, forestry, and fishing, value added (% of GDP)",NV.AGR.TOTL.ZS,23.6937727725999
Burkina Faso,BFA,2013,"Agriculture, forestry, and fishing, value added (% of GDP)",NV.AGR.TOTL.ZS,23.6410927919708
Burkina Faso,BFA,2012,"Agriculture, forestry, and fishing, value added (% of GDP)",NV.AGR.TOTL.ZS,23.7560050181575
Burkina Faso,BFA,2011,"Agriculture, forestry, and fishing, value added (% of GDP)",NV.AGR.TOTL.ZS,23.043650452489
Burkina Faso,BFA,2010,"Agriculture, forestry, and fishing, value added (% of GDP)",NV.AGR.TOTL.ZS,24.1433866229434
Burkina Faso,BFA,2009,"Agriculture, forestry, and fishing, value added (% of GDP)",NV.AGR.TOTL.ZS,23.2048471286094
Burkina Faso,BFA,2008,"Agriculture, forestry, and fishing, value added (% of GDP)",NV.AGR.TOTL.ZS,27.314280245881
Burkina Faso,BFA,2007,"Agriculture, forestry, and fishing, value added (% of GDP)",NV.AGR.TOTL.ZS,21.8394874058463
Burkina Faso,BFA,2006,"Agriculture, forestry, and fishing, value added (% of GDP)",NV.AGR.TOTL.ZS,25.2289761645165
Burkina Faso,BFA,2005,"Agriculture, forestry, and fishing, value added (% of GDP)",NV.AGR.TOTL.ZS,26.7709190270281
Burkina Faso,BFA,2004,"Agriculture, forestry, and fishing, value added (% of GDP)",NV.AGR.TOTL.ZS,23.3814384513092
Burkina Faso,BFA,2003,"Agriculture, forestry, and fishing, value added (% of GDP)",NV.AGR.TOTL.ZS,25.9609768246545
Burkina Faso,BFA,2002,"Agriculture, forestry, and fishing, value added (% of GDP)",NV.AGR.TOTL.ZS,26.3724484751209
Burkina Faso,BFA,2001,"Agriculture, forestry, and fishing, value added (% of GDP)",NV.AGR.TOTL.ZS,26.9204304323679
Burkina Faso,BFA,2000,"Agriculture, forestry, and fishing, value added (% of GDP)",NV.AGR.TOTL.ZS,24.9140364618327
Burkina Faso,BFA,1999,"Agriculture, forestry, and fishing, value added (% of GDP)",NV.AGR.TOTL.ZS,27.2522866567535
Burkina Faso,BFA,1998,"Agriculture, forestry, and fishing, value added (% of GDP)",NV.AGR.TOTL.ZS,36.5635560806964
Burkina Faso,BFA,1997,"Agriculture, forestry, and fishing, value added (% of GDP)",NV.AGR.TOTL.ZS,33.7387786954986
Burkina Faso,BFA,1996,"Agriculture, forestry, and fishing, value added (% of GDP)",NV.AGR.TOTL.ZS,36.3791732658042
Burkina Faso,BFA,1995,"Agriculture, forestry, and fishing, value added (% of GDP)",NV.AGR.TOTL.ZS,33.2172170930601
Burkina Faso,BFA,1994,"Agriculture, forestry, and fishing, value added (% of GDP)",NV.AGR.TOTL.ZS,32.9477702743622
Burkina Faso,BFA,1993,"Agriculture, forestry, and fishing, value added (% of GDP)",NV.AGR.TOTL.ZS,30.2310515664871
Burkina Faso,BFA,1992,"Agriculture, forestry, and fishing, value added (% of GDP)",NV.AGR.TOTL.ZS,28.8098112792292
Burkina Faso,BFA,1991,"Agriculture, forestry, and fishing, value added (% of GDP)",NV.AGR.TOTL.ZS,29.793265328148
Burkina Faso,BFA,1990,"Agriculture, forestry, and fishing, value added (% of GDP)",NV.AGR.TOTL.ZS,27.9500222744042
Burkina Faso,BFA,1989,"Agriculture, forestry, and fishing, value added (% of GDP)",NV.AGR.TOTL.ZS,27.6277083164397
Burkina Faso,BFA,1988,"Agriculture, forestry, and fishing, value added (% of GDP)",NV.AGR.TOTL.ZS,28.5466961309047
Burkina Faso,BFA,1987,"Agriculture, forestry, and fishing, value added (% of GDP)",NV.AGR.TOTL.ZS,27.8163251717463
Burkina Faso,BFA,1986,"Agriculture, forestry, and fishing, value added (% of GDP)",NV.AGR.TOTL.ZS,29.3604276148032
Burkina Faso,BFA,1985,"Agriculture, forestry, and fishing, value added (% of GDP)",NV.AGR.TOTL.ZS,33.9041678089027
Burkina Faso,BFA,1984,"Agriculture, forestry, and fishing, value added (% of GDP)",NV.AGR.TOTL.ZS,28.498839800914
Burkina Faso,BFA,1983,"Agriculture, forestry, and fishing, value added (% of GDP)",NV.AGR.TOTL.ZS,27.614830855479
Burkina Faso,BFA,1982,"Agriculture, forestry, and fishing, value added (% of GDP)",NV.AGR.TOTL.ZS,27.5193113010989
Burkina Faso,BFA,1981,"Agriculture, forestry, and fishing, value added (% of GDP)",NV.AGR.TOTL.ZS,29.8039802853452
Burkina Faso,BFA,1980,"Agriculture, forestry, and fishing, value added (% of GDP)",NV.AGR.TOTL.ZS,28.4463449795614
Burkina Faso,BFA,1979,"Agriculture, forestry, and fishing, value added (% of GDP)",NV.AGR.TOTL.ZS,29.3799509159701
Burkina Faso,BFA,1978,"Agriculture, forestry, and fishing, value added (% of GDP)",NV.AGR.TOTL.ZS,30.1205951406855
Burkina Faso,BFA,1977,"Agriculture, forestry, and fishing, value added (% of GDP)",NV.AGR.TOTL.ZS,28.4224865122019
Burkina Faso,BFA,1976,"Agriculture, forestry, and fishing, value added (% of GDP)",NV.AGR.TOTL.ZS,29.0154648732085
Burkina Faso,BFA,1975,"Agriculture, forestry, and fishing, value added (% of GDP)",NV.AGR.TOTL.ZS,28.8661589240903
Burkina Faso,BFA,1974,"Agriculture, forestry, and fishing, value added (% of GDP)",NV.AGR.TOTL.ZS,30.8246234459247
Burkina Faso,BFA,1973,"Agriculture, forestry, and fishing, value added (% of GDP)",NV.AGR.TOTL.ZS,29.3985209203471
Burkina Faso,BFA,1972,"Agriculture, forestry, and fishing, value added (% of GDP)",NV.AGR.TOTL.ZS,31.9021036655741
Burkina Faso,BFA,1971,"Agriculture, forestry, and fishing, value added (% of GDP)",NV.AGR.TOTL.ZS,30.5994111277863
Burkina Faso,BFA,1970,"Agriculture, forestry, and fishing, value added (% of GDP)",NV.AGR.TOTL.ZS,30.5118697875711
Burkina Faso,BFA,1969,"Agriculture, forestry, and fishing, value added (% of GDP)",NV.AGR.TOTL.ZS,32.0176636526134
Burkina Faso,BFA,1968,"Agriculture, forestry, and fishing, value added (% of GDP)",NV.AGR.TOTL.ZS,31.5939326737211
Burkina Faso,BFA,1967,"Agriculture, forestry, and fishing, value added (% of GDP)",NV.AGR.TOTL.ZS,33.4119811530932
Burkina Faso,BFA,1966,"Agriculture, forestry, and fishing, value added (% of GDP)",NV.AGR.TOTL.ZS,36.2671973724948
Burkina Faso,BFA,1965,"Agriculture, forestry, and fishing, value added (% of GDP)",NV.AGR.TOTL.ZS,35.4147844310128
Burkina Faso,BFA,1964,"Agriculture, forestry, and fishing, value added (% of GDP)",NV.AGR.TOTL.ZS,38.6811102601106
Burkina Faso,BFA,1963,"Agriculture, forestry, and fishing, value added (% of GDP)",NV.AGR.TOTL.ZS,38.4936340831014
Burkina Faso,BFA,1962,"Agriculture, forestry, and fishing, value added (% of GDP)",NV.AGR.TOTL.ZS,37.8587829243045
Burkina Faso,BFA,1961,"Agriculture, forestry, and fishing, value added (% of GDP)",NV.AGR.TOTL.ZS,38.3070083278146
Burkina Faso,BFA,1960,"Agriculture, forestry, and fishing, value added (% of GDP)",NV.AGR.TOTL.ZS,38.4845333396091
Burkina Faso,BFA,2021,"School enrollment, primary and secondary (gross), gender parity index (GPI)",SE.ENR.PRSC.FM.ZS,1.04399132728577
Burkina Faso,BFA,2020,"School enrollment, primary and secondary (gross), gender parity index (GPI)",SE.ENR.PRSC.FM.ZS,1.0248099565506
Burkina Faso,BFA,2019,"School enrollment, primary and secondary (gross), gender parity index (GPI)",SE.ENR.PRSC.FM.ZS,1.00651001930237
Burkina Faso,BFA,2018,"School enrollment, primary and secondary (gross), gender parity index (GPI)",SE.ENR.PRSC.FM.ZS,0.989130020141602
Burkina Faso,BFA,2017,"School enrollment, primary and secondary (gross), gender parity index (GPI)",SE.ENR.PRSC.FM.ZS,0.982140004634857
Burkina Faso,BFA,2016,"School enrollment, primary and secondary (gross), gender parity index (GPI)",SE.ENR.PRSC.FM.ZS,0.971310019493103
Burkina Faso,BFA,2015,"School enrollment, primary and secondary (gross), gender parity index (GPI)",SE.ENR.PRSC.FM.ZS,0.960349977016449
Burkina Faso,BFA,2014,"School enrollment, primary and secondary (gross), gender parity index (GPI)",SE.ENR.PRSC.FM.ZS,0.948300004005432
Burkina Faso,BFA,2013,"School enrollment, primary and secondary (gross), gender parity index (GPI)",SE.ENR.PRSC.FM.ZS,0.936890006065369
Burkina Faso,BFA,2012,"School enrollment, primary and secondary (gross), gender parity index (GPI)",SE.ENR.PRSC.FM.ZS,0.914619982242584
Burkina Faso,BFA,2011,"School enrollment, primary and secondary (gross), gender parity index (GPI)",SE.ENR.PRSC.FM.ZS,0.89341002702713
Burkina Faso,BFA,2010,"School enrollment, primary and secondary (gross), gender parity index (GPI)",SE.ENR.PRSC.FM.ZS,0.877110004425049
Burkina Faso,BFA,2009,"School enrollment, primary and secondary (gross), gender parity index (GPI)",SE.ENR.PRSC.FM.ZS,0.856069982051849
Burkina Faso,BFA,2008,"School enrollment, primary and secondary (gross), gender parity index (GPI)",SE.ENR.PRSC.FM.ZS,0.839980006217957
Burkina Faso,BFA,2007,"School enrollment, primary and secondary (gross), gender parity index (GPI)",SE.ENR.PRSC.FM.ZS,0.817929983139038
Burkina Faso,BFA,2006,"School enrollment, primary and secondary (gross), gender parity index (GPI)",SE.ENR.PRSC.FM.ZS,0.799489974975586
Burkina Faso,BFA,2005,"School enrollment, primary and secondary (gross), gender parity index (GPI)",SE.ENR.PRSC.FM.ZS,0.782329976558685
Burkina Faso,BFA,2004,"School enrollment, primary and secondary (gross), gender parity index (GPI)",SE.ENR.PRSC.FM.ZS,0.766600012779236
Burkina Faso,BFA,2003,"School enrollment, primary and secondary (gross), gender parity index (GPI)",SE.ENR.PRSC.FM.ZS,0.737219989299774
Burkina Faso,BFA,2001,"School enrollment, primary and secondary (gross), gender parity index (GPI)",SE.ENR.PRSC.FM.ZS,0.712759971618652
Burkina Faso,BFA,2000,"School enrollment, primary and secondary (gross), gender parity index (GPI)",SE.ENR.PRSC.FM.ZS,0.700230002403259
Burkina Faso,BFA,1999,"School enrollment, primary and secondary (gross), gender parity index (GPI)",SE.ENR.PRSC.FM.ZS,0.6841099858284
Burkina Faso,BFA,1994,"School enrollment, primary and secondary (gross), gender parity index (GPI)",SE.ENR.PRSC.FM.ZS,0.638949990272522
Burkina Faso,BFA,1986,"School enrollment, primary and secondary (gross), gender parity index (GPI)",SE.ENR.PRSC.FM.ZS,0.589219987392426
Burkina Faso,BFA,1985,"School enrollment, primary and secondary (gross), gender parity index (GPI)",SE.ENR.PRSC.FM.ZS,0.591040015220642
Burkina Faso,BFA,1984,"School enrollment, primary and secondary (gross), gender parity index (GPI)",SE.ENR.PRSC.FM.ZS,0.588490009307861
Burkina Faso,BFA,1983,"School enrollment, primary and secondary (gross), gender parity index (GPI)",SE.ENR.PRSC.FM.ZS,0.588440001010895
Burkina Faso,BFA,1982,"School enrollment, primary and secondary (gross), gender parity index (GPI)",SE.ENR.PRSC.FM.ZS,0.592469990253448
Burkina Faso,BFA,1981,"School enrollment, primary and secondary (gross), gender parity index (GPI)",SE.ENR.PRSC.FM.ZS,0.589290022850037
Burkina Faso,BFA,1980,"School enrollment, primary and secondary (gross), gender parity index (GPI)",SE.ENR.PRSC.FM.ZS,0.600679993629456
Burkina Faso,BFA,1979,"School enrollment, primary and secondary (gross), gender parity index (GPI)",SE.ENR.PRSC.FM.ZS,0.586889982223511
Burkina Faso,BFA,1977,"School enrollment, primary and secondary (gross), gender parity index (GPI)",SE.ENR.PRSC.FM.ZS,0.577040016651154
Burkina Faso,BFA,1976,"School enrollment, primary and secondary (gross), gender parity index (GPI)",SE.ENR.PRSC.FM.ZS,0.589559972286224
Burkina Faso,BFA,1975,"School enrollment, primary and secondary (gross), gender parity index (GPI)",SE.ENR.PRSC.FM.ZS,0.595619976520538
Burkina Faso,BFA,1974,"School enrollment, primary and secondary (gross), gender parity index (GPI)",SE.ENR.PRSC.FM.ZS,0.589640021324158
Burkina Faso,BFA,1973,"School enrollment, primary and secondary (gross), gender parity index (GPI)",SE.ENR.PRSC.FM.ZS,0.585629999637604
Burkina Faso,BFA,1972,"School enrollment, primary and secondary (gross), gender parity index (GPI)",SE.ENR.PRSC.FM.ZS,0.578840017318726
Burkina Faso,BFA,1971,"School enrollment, primary and secondary (gross), gender parity index (GPI)",SE.ENR.PRSC.FM.ZS,0.568300008773804
Burkina Faso,BFA,2024,"Primary completion rate, total (% of relevant age group)",SE.PRM.CMPT.ZS,51.9892903102133
Burkina Faso,BFA,2023,"Primary completion rate, total (% of relevant age group)",SE.PRM.CMPT.ZS,51.6947761170006
Burkina Faso,BFA,2022,"Primary completion rate, total (% of relevant age group)",SE.PRM.CMPT.ZS,58.291190218396
Burkina Faso,BFA,2021,"Primary completion rate, total (% of relevant age group)",SE.PRM.CMPT.ZS,63.7436352801156
Burkina Faso,BFA,2020,"Primary completion rate, total (% of relevant age group)",SE.PRM.CMPT.ZS,61.8698150998586
Burkina Faso,BFA,2019,"Primary completion rate, total (% of relevant age group)",SE.PRM.CMPT.ZS,61.6091078457616
Burkina Faso,BFA,2018,"Primary completion rate, total (% of relevant age group)",SE.PRM.CMPT.ZS,62.608203204783
Burkina Faso,BFA,2017,"Primary completion rate, total (% of relevant age group)",SE.PRM.CMPT.ZS,61.5863350030506
Burkina Faso,BFA,2016,"Primary completion rate, total (% of relevant age group)",SE.PRM.CMPT.ZS,60.1264533975278
Burkina Faso,BFA,2015,"Primary completion rate, total (% of relevant age group)",SE.PRM.CMPT.ZS,60.3448419249273
Burkina Faso,BFA,2014,"Primary completion rate, total (% of relevant age group)",SE.PRM.CMPT.ZS,59.5950909640897
Burkina Faso,BFA,2013,"Primary completion rate, total (% of relevant age group)",SE.PRM.CMPT.ZS,60.8494277141905
Burkina Faso,BFA,2012,"Primary completion rate, total (% of relevant age group)",SE.PRM.CMPT.ZS,55.8972269217297
Burkina Faso,BFA,2010,"Primary completion rate, total (% of relevant age group)",SE.PRM.CMPT.ZS,45.96010978957
Burkina Faso,BFA,2009,"Primary completion rate, total (% of relevant age group)",SE.PRM.CMPT.ZS,42.5357513427734
Burkina Faso,BFA,2008,"Primary completion rate, total (% of relevant age group)",SE.PRM.CMPT.ZS,37.6760787963867
Burkina Faso,BFA,2007,"Primary completion rate, total (% of relevant age group)",SE.PRM.CMPT.ZS,33.9733009338379
Burkina Faso,BFA,2006,"Primary completion rate, total (% of relevant age group)",SE.PRM.CMPT.ZS,31.8527793884277
Burkina Faso,BFA,2005,"Primary completion rate, total (% of relevant age group)",SE.PRM.CMPT.ZS,30.4755191802979
Burkina Faso,BFA,2004,"Primary completion rate, total (% of relevant age group)",SE.PRM.CMPT.ZS,28.8950691223144
Burkina Faso,BFA,2003,"Primary completion rate, total (% of relevant age group)",SE.PRM.CMPT.ZS,27.5287399291992
Burkina Faso,BFA,2002,"Primary completion rate, total (% of relevant age group)",SE.PRM.CMPT.ZS,25.9655895233154
Burkina Faso,BFA,2001,"Primary completion rate, total (% of relevant age group)",SE.PRM.CMPT.ZS,25.1767692565918
Burkina Faso,BFA,2000,"Primary completion rate, total (% of relevant age group)",SE.PRM.CMPT.ZS,23.8220405578613
Burkina Faso,BFA,1999,"Primary completion rate, total (% of relevant age group)",SE.PRM.CMPT.ZS,21.8901290893555
Burkina Faso,BFA,1996,"Primary completion rate, total (% of relevant age group)",SE.PRM.CMPT.ZS,21.6455402374268
Burkina Faso,BFA,1995,"Primary completion rate, total (% of relevant age group)",SE.PRM.CMPT.ZS,17.8037395477295
Burkina Faso,BFA,1994,"Primary completion rate, total (% of relevant age group)",SE.PRM.CMPT.ZS,25.8173198699951
Burkina Faso,BFA,1993,"Primary completion rate, total (% of relevant age group)",SE.PRM.CMPT.ZS,25.01828956604
Burkina Faso,BFA,1992,"Primary completion rate, total (% of relevant age group)",SE.PRM.CMPT.ZS,25.5605506896973
Burkina Faso,BFA,1991,"Primary completion rate, total (% of relevant age group)",SE.PRM.CMPT.ZS,19.3267192840576
Burkina Faso,BFA,1990,"Primary completion rate, total (% of relevant age group)",SE.PRM.CMPT.ZS,19.0216102600098
Burkina Faso,BFA,1989,"Primary completion rate, total (% of relevant age group)",SE.PRM.CMPT.ZS,16.2367401123047
Burkina Faso,BFA,1988,"Primary completion rate, total (% of relevant age group)",SE.PRM.CMPT.ZS,16.5390701293945
Burkina Faso,BFA,1987,"Primary completion rate, total (% of relevant age group)",SE.PRM.CMPT.ZS,15.528730392456
Burkina Faso,BFA,1985,"Primary completion rate, total (% of relevant age group)",SE.PRM.CMPT.ZS,13.7962102890015
Burkina Faso,BFA,1984,"Primary completion rate, total (% of relevant age group)",SE.PRM.CMPT.ZS,12.214280128479
Burkina Faso,BFA,1983,"Primary completion rate, total (% of relevant age group)",SE.PRM.CMPT.ZS,11.2317304611206
Burkina Faso,BFA,1982,"Primary completion rate, total (% of relevant age group)",SE.PRM.CMPT.ZS,10.5514097213745
Burkina Faso,BFA,1981,"Primary completion rate, total (% of relevant age group)",SE.PRM.CMPT.ZS,10.3736200332642
Burkina Faso,BFA,1980,"Primary completion rate, total (% of relevant age group)",SE.PRM.CMPT.ZS,9.36571025848389
Burkina Faso,BFA,1979,"Primary completion rate, total (% of relevant age group)",SE.PRM.CMPT.ZS,9.54446029663086
Burkina Faso,BFA,1978,"Primary completion rate, total (% of relevant age group)",SE.PRM.CMPT.ZS,8.7224702835083
Burkina Faso,BFA,1977,"Primary completion rate, total (% of relevant age group)",SE.PRM.CMPT.ZS,8.57522010803223
Burkina Faso,BFA,1976,"Primary completion rate, total (% of relevant age group)",SE.PRM.CMPT.ZS,7.64448022842407
Burkina Faso,BFA,1975,"Primary completion rate, total (% of relevant age group)",SE.PRM.CMPT.ZS,7.71567010879517
Burkina Faso,BFA,1974,"Primary completion rate, total (% of relevant age group)",SE.PRM.CMPT.ZS,6.87375020980835
Burkina Faso,BFA,1973,"Primary completion rate, total (% of relevant age group)",SE.PRM.CMPT.ZS,7.14769983291626
Burkina Faso,BFA,1972,"Primary completion rate, total (% of relevant age group)",SE.PRM.CMPT.ZS,6.96433019638062
Burkina Faso,BFA,1971,"Primary completion rate, total (% of relevant age group)",SE.PRM.CMPT.ZS,7.47655010223389
Burkina Faso,BFA,2024,"Mortality rate, under-5 (per 1,000 live births)",SH.DYN.MORT,74.9
Burkina Faso,BFA,2023,"Mortality rate, under-5 (per 1,000 live births)",SH.DYN.MORT,77.4
Burkina Faso,BFA,2022,"Mortality rate, under-5 (per 1,000 live births)",SH.DYN.MORT,79.8
Burkina Faso,BFA,2021,"Mortality rate, under-5 (per 1,000 live births)",SH.DYN.MORT,82.4
Burkina Faso,BFA,2020,"Mortality rate, under-5 (per 1,000 live births)",SH.DYN.MORT,85.1
Burkina Faso,BFA,2019,"Mortality rate, under-5 (per 1,000 live births)",SH.DYN.MORT,88.1
Burkina Faso,BFA,2018,"Mortality rate, under-5 (per 1,000 live births)",SH.DYN.MORT,91
Burkina Faso,BFA,2017,"Mortality rate, under-5 (per 1,000 live births)",SH.DYN.MORT,94.1
Burkina Faso,BFA,2016,"Mortality rate, under-5 (per 1,000 live births)",SH.DYN.MORT,97.4
Burkina Faso,BFA,2015,"Mortality rate, under-5 (per 1,000 live births)",SH.DYN.MORT,100.8
Burkina Faso,BFA,2014,"Mortality rate, under-5 (per 1,000 live births)",SH.DYN.MORT,104.3
Burkina Faso,BFA,2013,"Mortality rate, under-5 (per 1,000 live births)",SH.DYN.MORT,108.2
Burkina Faso,BFA,2012,"Mortality rate, under-5 (per 1,000 live births)",SH.DYN.MORT,112.3
Burkina Faso,BFA,2011,"Mortality rate, under-5 (per 1,000 live births)",SH.DYN.MORT,116.6
Burkina Faso,BFA,2010,"Mortality rate, under-5 (per 1,000 live births)",SH.DYN.MORT,121.3
Burkina Faso,BFA,2009,"Mortality rate, under-5 (per 1,000 live births)",SH.DYN.MORT,126.5
Burkina Faso,BFA,2008,"Mortality rate, under-5 (per 1,000 live births)",SH.DYN.MORT,132.1
Burkina Faso,BFA,2007,"Mortality rate, under-5 (per 1,000 live births)",SH.DYN.MORT,138.1
Burkina Faso,BFA,2006,"Mortality rate, under-5 (per 1,000 live births)",SH.DYN.MORT,144.4
Burkina Faso,BFA,2005,"Mortality rate, under-5 (per 1,000 live births)",SH.DYN.MORT,150.8
Burkina Faso,BFA,2004,"Mortality rate, under-5 (per 1,000 live births)",SH.DYN.MORT,156.8
Burkina Faso,BFA,2003,"Mortality rate, under-5 (per 1,000 live births)",SH.DYN.MORT,162.3
Burkina Faso,BFA,2002,"Mortality rate, under-5 (per 1,000 live births)",SH.DYN.MORT,167.3
Burkina Faso,BFA,2001,"Mortality rate, under-5 (per 1,000 live births)",SH.DYN.MORT,171.9
Burkina Faso,BFA,2000,"Mortality rate, under-5 (per 1,000 live births)",SH.DYN.MORT,176
Burkina Faso,BFA,1999,"Mortality rate, under-5 (per 1,000 live births)",SH.DYN.MORT,179.8
Burkina Faso,BFA,1998,"Mortality rate, under-5 (per 1,000 live births)",SH.DYN.MORT,183.4
Burkina Faso,BFA,1997,"Mortality rate, under-5 (per 1,000 live births)",SH.DYN.MORT,186.7
Burkina Faso,BFA,1996,"Mortality rate, under-5 (per 1,000 live births)",SH.DYN.MORT,189.6
Burkina Faso,BFA,1995,"Mortality rate, under-5 (per 1,000 live births)",SH.DYN.MORT,192
Burkina Faso,BFA,1994,"Mortality rate, under-5 (per 1,000 live births)",SH.DYN.MORT,193.7
Burkina Faso,BFA,1993,"Mortality rate, under-5 (per 1,000 live births)",SH.DYN.MORT,194.6
Burkina Faso,BFA,1992,"Mortality rate, under-5 (per 1,000 live births)",SH.DYN.MORT,195.3
Burkina Faso,BFA,1991,"Mortality rate, under-5 (per 1,000 live births)",SH.DYN.MORT,195.7
Burkina Faso,BFA,1990,"Mortality rate, under-5 (per 1,000 live births)",SH.DYN.MORT,196.6
Burkina Faso,BFA,1989,"Mortality rate, under-5 (per 1,000 live births)",SH.DYN.MORT,198.1
Burkina Faso,BFA,1988,"Mortality rate, under-5 (per 1,000 live births)",SH.DYN.MORT,200.5
Burkina Faso,BFA,1987,"Mortality rate, under-5 (per 1,000 live births)",SH.DYN.MORT,203.8
Burkina Faso,BFA,1986,"Mortality rate, under-5 (per 1,000 live births)",SH.DYN.MORT,207.9
Burkina Faso,BFA,1985,"Mortality rate, under-5 (per 1,000 live births)",SH.DYN.MORT,212.2
Burkina Faso,BFA,1984,"Mortality rate, under-5 (per 1,000 live births)",SH.DYN.MORT,216.7
Burkina Faso,BFA,1983,"Mortality rate, under-5 (per 1,000 live births)",SH.DYN.MORT,221.2
Burkina Faso,BFA,1982,"Mortality rate, under-5 (per 1,000 live births)",SH.DYN.MORT,225.8
Burkina Faso,BFA,1981,"Mortality rate, under-5 (per 1,000 live births)",SH.DYN.MORT,230.9
Burkina Faso,BFA,1980,"Mortality rate, under-5 (per 1,000 live births)",SH.DYN.MORT,236.7
Burkina Faso,BFA,1979,"Mortality rate, under-5 (per 1,000 live births)",SH.DYN.MORT,243.6
Burkina Faso,BFA,1978,"Mortality rate, under-5 (per 1,000 live births)",SH.DYN.MORT,251.5
Burkina Faso,BFA,1977,"Mortality rate, under-5 (per 1,000 live births)",SH.DYN.MORT,260.5
Burkina Faso,BFA,1976,"Mortality rate, under-5 (per 1,000 live births)",SH.DYN.MORT,270.1
Burkina Faso,BFA,1975,"Mortality rate, under-5 (per 1,000 live births)",SH.DYN.MORT,280.1
Burkina Faso,BFA,1974,"Mortality rate, under-5 (per 1,000 live births)",SH.DYN.MORT,289.2
Burkina Faso,BFA,1973,"Mortality rate, under-5 (per 1,000 live births)",SH.DYN.MORT,296.9
Burkina Faso,BFA,1972,"Mortality rate, under-5 (per 1,000 live births)",SH.DYN.MORT,303
Burkina Faso,BFA,1971,"Mortality rate, under-5 (per 1,000 live births)",SH.DYN.MORT,307.8
Burkina Faso,BFA,1970,"Mortality rate, under-5 (per 1,000 live births)",SH.DYN.MORT,311.4
Burkina Faso,BFA,1969,"Mortality rate, under-5 (per 1,000 live births)",SH.DYN.MORT,314.5
Burkina Faso,BFA,1968,"Mortality rate, under-5 (per 1,000 live births)",SH.DYN.MORT,317.5
Burkina Faso,BFA,1967,"Mortality rate, under-5 (per 1,000 live births)",SH.DYN.MORT,320.1
Burkina Faso,BFA,1966,"Mortality rate, under-5 (per 1,000 live births)",SH.DYN.MORT,322.7
Burkina Faso,BFA,1965,"Mortality rate, under-5 (per 1,000 live births)",SH.DYN.MORT,325.7
Burkina Faso,BFA,1964,"Mortality rate, under-5 (per 1,000 live births)",SH.DYN.MORT,328.7
Burkina Faso,BFA,1963,"Mortality rate, under-5 (per 1,000 live births)",SH.DYN.MORT,332.1
Burkina Faso,BFA,1962,"Mortality rate, under-5 (per 1,000 live births)",SH.DYN.MORT,335.5
Burkina Faso,BFA,1961,"Mortality rate, under-5 (per 1,000 live births)",SH.DYN.MORT,339.1
Burkina Faso,BFA,1960,"Mortality rate, under-5 (per 1,000 live births)",SH.DYN.MORT,343.1
Burkina Faso,BFA,2012,"Community health workers (per 1,000 people)",SH.MED.CMHW.P3,0.127
Burkina Faso,BFA,2010,"Community health workers (per 1,000 people)",SH.MED.CMHW.P3,0.126
Burkina Faso,BFA,2006,"Community health workers (per 1,000 people)",SH.MED.CMHW.P3,0.091
Burkina Faso,BFA,2004,"Community health workers (per 1,000 people)",SH.MED.CMHW.P3,0.092
Burkina Faso,BFA,2021,"Prevalence of underweight, weight for age (% of children under 5)",SH.STA.MALN.ZS,16.9
Burkina Faso,BFA,2020,"Prevalence of underweight, weight for age (% of children under 5)",SH.STA.MALN.ZS,12.7
Burkina Faso,BFA,2019,"Prevalence of underweight, weight for age (% of children under 5)",SH.STA.MALN.ZS,16.4
Burkina Faso,BFA,2018,"Prevalence of underweight, weight for age (% of children under 5)",SH.STA.MALN.ZS,17.7
Burkina Faso,BFA,2017,"Prevalence of underweight, weight for age (% of children under 5)",SH.STA.MALN.ZS,16.2
Burkina Faso,BFA,2016,"Prevalence of underweight, weight for age (% of children under 5)",SH.STA.MALN.ZS,18.9
Burkina Faso,BFA,2015,"Prevalence of underweight, weight for age (% of children under 5)",SH.STA.MALN.ZS,22.8
Burkina Faso,BFA,2014,"Prevalence of underweight, weight for age (% of children under 5)",SH.STA.MALN.ZS,20
Burkina Faso,BFA,2013,"Prevalence of underweight, weight for age (% of children under 5)",SH.STA.MALN.ZS,20.9
Burkina Faso,BFA,2012,"Prevalence of underweight, weight for age (% of children under 5)",SH.STA.MALN.ZS,24.3
Burkina Faso,BFA,2011,"Prevalence of underweight, weight for age (% of children under 5)",SH.STA.MALN.ZS,25.1
Burkina Faso,BFA,2010,"Prevalence of underweight, weight for age (% of children under 5)",SH.STA.MALN.ZS,25.2
Burkina Faso,BFA,2009,"Prevalence of underweight, weight for age (% of children under 5)",SH.STA.MALN.ZS,26
Burkina Faso,BFA,1999,"Prevalence of underweight, weight for age (% of children under 5)",SH.STA.MALN.ZS,30.9
Burkina Faso,BFA,1993,"Prevalence of underweight, weight for age (% of children under 5)",SH.STA.MALN.ZS,28.7
Burkina Faso,BFA,2021,Poverty headcount ratio at $3.00 a day (2021 PPP) (% of population),SI.POV.DDAY,42.1
Burkina Faso,BFA,2018,Poverty headcount ratio at $3.00 a day (2021 PPP) (% of population),SI.POV.DDAY,47.7
Burkina Faso,BFA,2014,Poverty headcount ratio at $3.00 a day (2021 PPP) (% of population),SI.POV.DDAY,58.7
Burkina Faso,BFA,2009,Poverty headcount ratio at $3.00 a day (2021 PPP) (% of population),SI.POV.DDAY,67.2
Burkina Faso,BFA,2003,Poverty headcount ratio at $3.00 a day (2021 PPP) (% of population),SI.POV.DDAY,69.6
Burkina Faso,BFA,1998,Poverty headcount ratio at $3.00 a day (2021 PPP) (% of population),SI.POV.DDAY,86.4
Burkina Faso,BFA,1994,Poverty headcount ratio at $3.00 a day (2021 PPP) (% of population),SI.POV.DDAY,87.6
Burkina Faso,BFA,2024,Population growth (annual %),SP.POP.GROW,2.24597728439097
Burkina Faso,BFA,2023,Population growth (annual %),SP.POP.GROW,2.26973666268599
Burkina Faso,BFA,2022,Population growth (annual %),SP.POP.GROW,2.30907147387783
Burkina Faso,BFA,2021,Population growth (annual %),SP.POP.GROW,2.37649218888363
Burkina Faso,BFA,2020,Population growth (annual %),SP.POP.GROW,2.43522959287393
Burkina Faso,BFA,2019,Population growth (annual %),SP.POP.GROW,2.52989803984158
Burkina Faso,BFA,2018,Population growth (annual %),SP.POP.GROW,2.69713675384815
Burkina Faso,BFA,2017,Population growth (annual %),SP.POP.GROW,2.85291595529266
Burkina Faso,BFA,2016,Population growth (annual %),SP.POP.GROW,2.92508251378454
Burkina Faso,BFA,2015,Population growth (annual %),SP.POP.GROW,2.96196306547686
Burkina Faso,BFA,2014,Population growth (annual %),SP.POP.GROW,2.9733794200807
Burkina Faso,BFA,2013,Population growth (annual %),SP.POP.GROW,3.00083639274971
Burkina Faso,BFA,2012,Population growth (annual %),SP.POP.GROW,3.0171707485343
Burkina Faso,BFA,2011,Population growth (annual %),SP.POP.GROW,2.95657078370668
Burkina Faso,BFA,2010,Population growth (annual %),SP.POP.GROW,2.92577947499021
Burkina Faso,BFA,2009,Population growth (annual %),SP.POP.GROW,2.91916025918168
Burkina Faso,BFA,2008,Population growth (annual %),SP.POP.GROW,2.93816522811728
Burkina Faso,BFA,2007,Population growth (annual %),SP.POP.GROW,3.03277637197036
Burkina Faso,BFA,2006,Population growth (annual %),SP.POP.GROW,3.12034537509581
Burkina Faso,BFA,2005,Population growth (annual %),SP.POP.GROW,3.14680149143287
Burkina Faso,BFA,2004,Population growth (annual %),SP.POP.GROW,3.14512608695879
Burkina Faso,BFA,2003,Population growth (annual %),SP.POP.GROW,3.11812174449527
Burkina Faso,BFA,2002,Population growth (annual %),SP.POP.GROW,3.09039308299234
Burkina Faso,BFA,2001,Population growth (annual %),SP.POP.GROW,3.05099351122556
Burkina Faso,BFA,2000,Population growth (annual %),SP.POP.GROW,2.98414422391968
Burkina Faso,BFA,1999,Population growth (annual %),SP.POP.GROW,2.9303462196778
Burkina Faso,BFA,1998,Population growth (annual %),SP.POP.GROW,2.76403220911076
Burkina Faso,BFA,1997,Population growth (annual %),SP.POP.GROW,2.57799245224128
Burkina Faso,BFA,1996,Population growth (annual %),SP.POP.GROW,2.55894111772828
Burkina Faso,BFA,1995,Population growth (annual %),SP.POP.GROW,2.56393697670826
Burkina Faso,BFA,1994,Population growth (annual %),SP.POP.GROW,2.52154952786592
Burkina Faso,BFA,1993,Population growth (annual %),SP.POP.GROW,2.48654572072589
Burkina Faso,BFA,1992,Population growth (annual %),SP.POP.GROW,2.46694750828756
Burkina Faso,BFA,1991,Population growth (annual %),SP.POP.GROW,2.53625917894951
Burkina Faso,BFA,1990,Population growth (annual %),SP.POP.GROW,2.6348206163474
Burkina Faso,BFA,1989,Population growth (annual %),SP.POP.GROW,2.65499355256176
Burkina Faso,BFA,1988,Population growth (annual %),SP.POP.GROW,2.68703394002769
Burkina Faso,BFA,1987,Population growth (annual %),SP.POP.GROW,2.73614817791528
Burkina Faso,BFA,1986,Population growth (annual %),SP.POP.GROW,2.8212491022274
Burkina Faso,BFA,1985,Population growth (annual %),SP.POP.GROW,2.88729469195998
Burkina Faso,BFA,1984,Population growth (annual %),SP.POP.GROW,2.88633812219102
Burkina Faso,BFA,1983,Population growth (annual %),SP.POP.GROW,2.83314070020022
Burkina Faso,BFA,1982,Population growth (annual %),SP.POP.GROW,2.76149506900293
Burkina Faso,BFA,1981,Population growth (annual %),SP.POP.GROW,2.73112751689755
Burkina Faso,BFA,1980,Population growth (annual %),SP.POP.GROW,2.68393653376526
Burkina Faso,BFA,1979,Population growth (annual %),SP.POP.GROW,2.5897435791745
Burkina Faso,BFA,1978,Population growth (annual %),SP.POP.GROW,2.49250252307762
Burkina Faso,BFA,1977,Population growth (annual %),SP.POP.GROW,2.33065392660895
Burkina Faso,BFA,1976,Population growth (annual %),SP.POP.GROW,2.1414370897999
Burkina Faso,BFA,1975,Population growth (annual %),SP.POP.GROW,2.01551734802293
Burkina Faso,BFA,1974,Population growth (annual %),SP.POP.GROW,1.89297098374055
Burkina Faso,BFA,1973,Population growth (annual %),SP.POP.GROW,1.78674540301221
Burkina Faso,BFA,1972,Population growth (annual %),SP.POP.GROW,1.72358573504286
Burkina Faso,BFA,1971,Population growth (annual %),SP.POP.GROW,1.72636174071191
Burkina Faso,BFA,1970,Population growth (annual %),SP.POP.GROW,1.74638619911466
Burkina Faso,BFA,1969,Population growth (annual %),SP.POP.GROW,1.72954453752505
Burkina Faso,BFA,1968,Population growth (annual %),SP.POP.GROW,1.71797745488774
Burkina Faso,BFA,1967,Population growth (annual %),SP.POP.GROW,1.67388702374135
Burkina Faso,BFA,1966,Population growth (annual %),SP.POP.GROW,1.63802943469703
Burkina Faso,BFA,1965,Population growth (annual %),SP.POP.GROW,1.60019189327262
Burkina Faso,BFA,1964,Population growth (annual %),SP.POP.GROW,1.53830431630421
Burkina Faso,BFA,1963,Population growth (annual %),SP.POP.GROW,1.4919836804088
Burkina Faso,BFA,1962,Population growth (annual %),SP.POP.GROW,1.46294092951544
Burkina Faso,BFA,1961,Population growth (annual %),SP.POP.GROW,1.44604411628792
Burkina Faso,BFA,2024,"Population, total",SP.POP.TOTL,23548781
Burkina Faso,BFA,2023,"Population, total",SP.POP.TOTL,23025776
Burkina Faso,BFA,2022,"Population, total",SP.POP.TOTL,22509038
Burkina Faso,BFA,2021,"Population, total",SP.POP.TOTL,21995243
Burkina Faso,BFA,2020,"Population, total",SP.POP.TOTL,21478690
Burkina Faso,BFA,2019,"Population, total",SP.POP.TOTL,20961952
Burkina Faso,BFA,2018,"Population, total",SP.POP.TOTL,20438288
Burkina Faso,BFA,2017,"Population, total",SP.POP.TOTL,19894407
Burkina Faso,BFA,2016,"Population, total",SP.POP.TOTL,19334856
Burkina Faso,BFA,2015,"Population, total",SP.POP.TOTL,18777487
Burkina Faso,BFA,2014,"Population, total",SP.POP.TOTL,18229461
Burkina Faso,BFA,2013,"Population, total",SP.POP.TOTL,17695409
Burkina Faso,BFA,2012,"Population, total",SP.POP.TOTL,17172287
Burkina Faso,BFA,2011,"Population, total",SP.POP.TOTL,16661908
Burkina Faso,BFA,2010,"Population, total",SP.POP.TOTL,16176498
Burkina Faso,BFA,2009,"Population, total",SP.POP.TOTL,15710066
Burkina Faso,BFA,2008,"Population, total",SP.POP.TOTL,15258093
Burkina Faso,BFA,2007,"Population, total",SP.POP.TOTL,14816307
Burkina Faso,BFA,2006,"Population, total",SP.POP.TOTL,14373707
Burkina Faso,BFA,2005,"Population, total",SP.POP.TOTL,13932123
Burkina Faso,BFA,2004,"Population, total",SP.POP.TOTL,13500533
Burkina Faso,BFA,2003,"Population, total",SP.POP.TOTL,13082532
Burkina Faso,BFA,2002,"Population, total",SP.POP.TOTL,12680897
Burkina Faso,BFA,2001,"Population, total",SP.POP.TOTL,12295001
Burkina Faso,BFA,2000,"Population, total",SP.POP.TOTL,11925546
Burkina Faso,BFA,1999,"Population, total",SP.POP.TOTL,11574928
Burkina Faso,BFA,1998,"Population, total",SP.POP.TOTL,11240664
Burkina Faso,BFA,1997,"Population, total",SP.POP.TOTL,10934223
Burkina Faso,BFA,1996,"Population, total",SP.POP.TOTL,10655942
Burkina Faso,BFA,1995,"Population, total",SP.POP.TOTL,10386722
Burkina Faso,BFA,1994,"Population, total",SP.POP.TOTL,10123798
Burkina Faso,BFA,1993,"Population, total",SP.POP.TOTL,9871713
Burkina Faso,BFA,1992,"Population, total",SP.POP.TOTL,9629275
Burkina Faso,BFA,1991,"Population, total",SP.POP.TOTL,9394632
Burkina Faso,BFA,1990,"Population, total",SP.POP.TOTL,9159356
Burkina Faso,BFA,1989,"Population, total",SP.POP.TOTL,8921175
Burkina Faso,BFA,1988,"Population, total",SP.POP.TOTL,8687435
Burkina Faso,BFA,1987,"Population, total",SP.POP.TOTL,8457109
Burkina Faso,BFA,1986,"Population, total",SP.POP.TOTL,8228847
Burkina Faso,BFA,1985,"Population, total",SP.POP.TOTL,7999935
Burkina Faso,BFA,1984,"Population, total",SP.POP.TOTL,7772256
Burkina Faso,BFA,1983,"Population, total",SP.POP.TOTL,7551129
Burkina Faso,BFA,1982,"Population, total",SP.POP.TOTL,7340197
Burkina Faso,BFA,1981,"Population, total",SP.POP.TOTL,7140271
Burkina Faso,BFA,1980,"Population, total",SP.POP.TOTL,6947900
Burkina Faso,BFA,1979,"Population, total",SP.POP.TOTL,6763903
Burkina Faso,BFA,1978,"Population, total",SP.POP.TOTL,6590984
Burkina Faso,BFA,1977,"Population, total",SP.POP.TOTL,6428734
Burkina Faso,BFA,1976,"Population, total",SP.POP.TOTL,6280635
Burkina Faso,BFA,1975,"Population, total",SP.POP.TOTL,6147569
Burkina Faso,BFA,1974,"Population, total",SP.POP.TOTL,6024904
Burkina Faso,BFA,1973,"Population, total",SP.POP.TOTL,5911927
Burkina Faso,BFA,1972,"Population, total",SP.POP.TOTL,5807234
Burkina Faso,BFA,1971,"Population, total",SP.POP.TOTL,5707999
Burkina Faso,BFA,1970,"Population, total",SP.POP.TOTL,5610304
Burkina Faso,BFA,1969,"Population, total",SP.POP.TOTL,5513177
Burkina Faso,BFA,1968,"Population, total",SP.POP.TOTL,5418644
Burkina Faso,BFA,1967,"Population, total",SP.POP.TOTL,5326348
Burkina Faso,BFA,1966,"Population, total",SP.POP.TOTL,5237933
Burkina Faso,BFA,1965,"Population, total",SP.POP.TOTL,5152833
Burkina Faso,BFA,1964,"Population, total",SP.POP.TOTL,5071034
Burkina Faso,BFA,1963,"Population, total",SP.POP.TOTL,4993623
Burkina Faso,BFA,1962,"Population, total",SP.POP.TOTL,4919672
Burkina Faso,BFA,1961,"Population, total",SP.POP.TOTL,4848224
Burkina Faso,BFA,1960,"Population, total",SP.POP.TOTL,4778621
Burkina Faso,BFA,2024,Urban population growth (annual %),SP.URB.GROW,4.19892549480939
Burkina Faso,BFA,2023,Urban population growth (annual %),SP.URB.GROW,4.115235532906
Burkina Faso,BFA,2022,Urban population growth (annual %),SP.URB.GROW,4.03846027131982
Burkina Faso,BFA,2021,Urban population growth (annual %),SP.URB.GROW,4.08275479819578
Burkina Faso,BFA,2020,Urban population growth (annual %),SP.URB.GROW,3.34653648375742
Burkina Faso,BFA,2019,Urban population growth (annual %),SP.URB.GROW,2.66592775967332
Burkina Faso,BFA,2018,Urban population growth (annual %),SP.URB.GROW,3.10525103527391
Burkina Faso,BFA,2017,Urban population growth (annual %),SP.URB.GROW,3.453237263364
Burkina Faso,BFA,2016,Urban population growth (annual %),SP.URB.GROW,3.70295599634333
Burkina Faso,BFA,2015,Urban population growth (annual %),SP.URB.GROW,3.90316251357792
Burkina Faso,BFA,2014,Urban population growth (annual %),SP.URB.GROW,4.06394733568158
Burkina Faso,BFA,2013,Urban population growth (annual %),SP.URB.GROW,4.22685053238766
Burkina Faso,BFA,2012,Urban population growth (annual %),SP.URB.GROW,4.36448216727922
Burkina Faso,BFA,2011,Urban population growth (annual %),SP.URB.GROW,4.41061818413126
Burkina Faso,BFA,2010,Urban population growth (annual %),SP.URB.GROW,4.47137126154822
Burkina Faso,BFA,2009,Urban population growth (annual %),SP.URB.GROW,4.54039680545131
Burkina Faso,BFA,2008,Urban population growth (annual %),SP.URB.GROW,4.61804701256379
Burkina Faso,BFA,2007,Urban population growth (annual %),SP.URB.GROW,4.88377868131355
Burkina Faso,BFA,2006,Urban population growth (annual %),SP.URB.GROW,5.5204727764138
Burkina Faso,BFA,2005,Urban population growth (annual %),SP.URB.GROW,6.27808469740722
Burkina Faso,BFA,2004,Urban population growth (annual %),SP.URB.GROW,6.84884950664997
Burkina Faso,BFA,2003,Urban population growth (annual %),SP.URB.GROW,7.28008333746817
Burkina Faso,BFA,2002,Urban population growth (annual %),SP.URB.GROW,7.5795709254613
Burkina Faso,BFA,2001,Urban population growth (annual %),SP.URB.GROW,7.7116655529497
Burkina Faso,BFA,2000,Urban population growth (annual %),SP.URB.GROW,7.62879177550086
Burkina Faso,BFA,1999,Urban population growth (annual %),SP.URB.GROW,7.33425800837402
Burkina Faso,BFA,1998,Urban population growth (annual %),SP.URB.GROW,6.66422162469726
Burkina Faso,BFA,1997,Urban population growth (annual %),SP.URB.GROW,5.75804029706507
Burkina Faso,BFA,1996,Urban population growth (annual %),SP.URB.GROW,5.36969419235934
Burkina Faso,BFA,1995,Urban population growth (annual %),SP.URB.GROW,5.15799239376985
Burkina Faso,BFA,1994,Urban population growth (annual %),SP.URB.GROW,4.94208069683721
Burkina Faso,BFA,1993,Urban population growth (annual %),SP.URB.GROW,4.78842394139431
Burkina Faso,BFA,1992,Urban population growth (annual %),SP.URB.GROW,4.71157843654025
Burkina Faso,BFA,1991,Urban population growth (annual %),SP.URB.GROW,4.79120000869306
Burkina Faso,BFA,1990,Urban population growth (annual %),SP.URB.GROW,4.97407851859942
Burkina Faso,BFA,1989,Urban population growth (annual %),SP.URB.GROW,5.1597069193446
Burkina Faso,BFA,1988,Urban population growth (annual %),SP.URB.GROW,5.44684809367723
Burkina Faso,BFA,1987,Urban population growth (annual %),SP.URB.GROW,5.85194133176668
Burkina Faso,BFA,1986,Urban population growth (annual %),SP.URB.GROW,6.5151371192635
Burkina Faso,BFA,1985,Urban population growth (annual %),SP.URB.GROW,7.45373896415739
Burkina Faso,BFA,1984,Urban population growth (annual %),SP.URB.GROW,8.44932984558467
Burkina Faso,BFA,1983,Urban population growth (annual %),SP.URB.GROW,9.19616542230178
Burkina Faso,BFA,1982,Urban population growth (annual %),SP.URB.GROW,9.74562746183439
Burkina Faso,BFA,1981,Urban population growth (annual %),SP.URB.GROW,10.0990389174417
Burkina Faso,BFA,1980,Urban population growth (annual %),SP.URB.GROW,10.1154111962177
Burkina Faso,BFA,1979,Urban population growth (annual %),SP.URB.GROW,9.65670615574006
Burkina Faso,BFA,1978,Urban population growth (annual %),SP.URB.GROW,8.64638646581089
Burkina Faso,BFA,1977,Urban population growth (annual %),SP.URB.GROW,6.91931520426999
Burkina Faso,BFA,1976,Urban population growth (annual %),SP.URB.GROW,4.55667350016643
Burkina Faso,BFA,1975,Urban population growth (annual %),SP.URB.GROW,3.411589408362
Burkina Faso,BFA,1974,Urban population growth (annual %),SP.URB.GROW,3.48676944132912
Burkina Faso,BFA,1973,Urban population growth (annual %),SP.URB.GROW,3.38118330996347
Burkina Faso,BFA,1972,Urban population growth (annual %),SP.URB.GROW,3.31747374874177
Burkina Faso,BFA,1971,Urban population growth (annual %),SP.URB.GROW,3.32049553586746
Burkina Faso,BFA,1970,Urban population growth (annual %),SP.URB.GROW,3.34026650564339
Burkina Faso,BFA,1969,Urban population growth (annual %),SP.URB.GROW,3.32400063139164
Burkina Faso,BFA,1968,Urban population growth (annual %),SP.URB.GROW,3.31217240511145
Burkina Faso,BFA,1967,Urban population growth (annual %),SP.URB.GROW,3.26772300679211
Burkina Faso,BFA,1966,Urban population growth (annual %),SP.URB.GROW,3.23211300985182
Burkina Faso,BFA,1965,Urban population growth (annual %),SP.URB.GROW,3.19484571810366
Burkina Faso,BFA,1964,Urban population growth (annual %),SP.URB.GROW,3.13221204202032
Burkina Faso,BFA,1963,Urban population growth (annual %),SP.URB.GROW,3.08599216611525
Burkina Faso,BFA,1962,Urban population growth (annual %),SP.URB.GROW,3.05720339946805
Burkina Faso,BFA,1961,Urban population growth (annual %),SP.URB.GROW,3.04011102344667
Burkina Faso,BFA,2024,Urban population,SP.URB.TOTL,6672606
Burkina Faso,BFA,2023,Urban population,SP.URB.TOTL,6398229
Burkina Faso,BFA,2022,Urban population,SP.URB.TOTL,6140271
Burkina Faso,BFA,2021,Urban population,SP.URB.TOTL,5897239
Burkina Faso,BFA,2020,Urban population,SP.URB.TOTL,5661318
Burkina Faso,BFA,2019,Urban population,SP.URB.TOTL,5474995
Burkina Faso,BFA,2018,Urban population,SP.URB.TOTL,5330964
Burkina Faso,BFA,2017,Urban population,SP.URB.TOTL,5167968
Burkina Faso,BFA,2016,Urban population,SP.URB.TOTL,4992552
Burkina Faso,BFA,2015,Urban population,SP.URB.TOTL,4811061
Burkina Faso,BFA,2014,Urban population,SP.URB.TOTL,4626895
Burkina Faso,BFA,2013,Urban population,SP.URB.TOTL,4442630
Burkina Faso,BFA,2012,Urban population,SP.URB.TOTL,4258760
Burkina Faso,BFA,2011,Urban population,SP.URB.TOTL,4076885
Burkina Faso,BFA,2010,Urban population,SP.URB.TOTL,3900977
Burkina Faso,BFA,2009,Urban population,SP.URB.TOTL,3730392
Burkina Faso,BFA,2008,Urban population,SP.URB.TOTL,3564805
Burkina Faso,BFA,2007,Urban population,SP.URB.TOTL,3403924
Burkina Faso,BFA,2006,Urban population,SP.URB.TOTL,3241678
Burkina Faso,BFA,2005,Urban population,SP.URB.TOTL,3067572
Burkina Faso,BFA,2004,Urban population,SP.URB.TOTL,2880908
Burkina Faso,BFA,2003,Urban population,SP.URB.TOTL,2690204
Burkina Faso,BFA,2002,Urban population,SP.URB.TOTL,2501314
Burkina Faso,BFA,2001,Urban population,SP.URB.TOTL,2318732
Burkina Faso,BFA,2000,Urban population,SP.URB.TOTL,2146640
Burkina Faso,BFA,1999,Urban population,SP.URB.TOTL,1988968
Burkina Faso,BFA,1998,Urban population,SP.URB.TOTL,1848313
Burkina Faso,BFA,1997,Urban population,SP.URB.TOTL,1729152
Burkina Faso,BFA,1996,Urban population,SP.URB.TOTL,1632399
Burkina Faso,BFA,1995,Urban population,SP.URB.TOTL,1547056
Burkina Faso,BFA,1994,Urban population,SP.URB.TOTL,1469282
Burkina Faso,BFA,1993,Urban population,SP.URB.TOTL,1398434
Burkina Faso,BFA,1992,Urban population,SP.URB.TOTL,1333049
Burkina Faso,BFA,1991,Urban population,SP.URB.TOTL,1271698
Burkina Faso,BFA,1990,Urban population,SP.URB.TOTL,1212205
Burkina Faso,BFA,1989,Urban population,SP.URB.TOTL,1153384
Burkina Faso,BFA,1988,Urban population,SP.URB.TOTL,1095382
Burkina Faso,BFA,1987,Urban population,SP.URB.TOTL,1037314
Burkina Faso,BFA,1986,Urban population,SP.URB.TOTL,978353
Burkina Faso,BFA,1985,Urban population,SP.URB.TOTL,916644
Burkina Faso,BFA,1984,Urban population,SP.URB.TOTL,850804
Burkina Faso,BFA,1983,Urban population,SP.URB.TOTL,781870
Burkina Faso,BFA,1982,Urban population,SP.URB.TOTL,713175
Burkina Faso,BFA,1981,Urban population,SP.URB.TOTL,646951
Burkina Faso,BFA,1980,Urban population,SP.URB.TOTL,584806
Burkina Faso,BFA,1979,Urban population,SP.URB.TOTL,528544
Burkina Faso,BFA,1978,Urban population,SP.URB.TOTL,479891
Burkina Faso,BFA,1977,Urban population,SP.URB.TOTL,440141
Burkina Faso,BFA,1976,Urban population,SP.URB.TOTL,410716
Burkina Faso,BFA,1975,Urban population,SP.URB.TOTL,392421
Burkina Faso,BFA,1974,Urban population,SP.URB.TOTL,379259
Burkina Faso,BFA,1973,Urban population,SP.URB.TOTL,366263
Burkina Faso,BFA,1972,Urban population,SP.URB.TOTL,354086
Burkina Faso,BFA,1971,Urban population,SP.URB.TOTL,342532
Burkina Faso,BFA,1970,Urban population,SP.URB.TOTL,331345
Burkina Faso,BFA,1969,Urban population,SP.URB.TOTL,320460
Burkina Faso,BFA,1968,Urban population,SP.URB.TOTL,309983
Burkina Faso,BFA,1967,Urban population,SP.URB.TOTL,299884
Burkina Faso,BFA,1966,Urban population,SP.URB.TOTL,290243
Burkina Faso,BFA,1965,Urban population,SP.URB.TOTL,281012
Burkina Faso,BFA,1964,Urban population,SP.URB.TOTL,272176
Burkina Faso,BFA,1963,Urban population,SP.URB.TOTL,263783
Burkina Faso,BFA,1962,Urban population,SP.URB.TOTL,255767
Burkina Faso,BFA,1961,Urban population,SP.URB.TOTL,248066
Burkina Faso,BFA,1960,Urban population,SP.URB.TOTL,240638
Burkina Faso,BFA,2024,Urban population (% of total population),SP.URB.TOTL.IN.ZS,28.3352514896662
Burkina Faso,BFA,2023,Urban population (% of total population),SP.URB.TOTL.IN.ZS,27.7872478365158
Burkina Faso,BFA,2022,Urban population (% of total population),SP.URB.TOTL.IN.ZS,27.2791369742712
Burkina Faso,BFA,2021,Urban population (% of total population),SP.URB.TOTL.IN.ZS,26.8114307743017
Burkina Faso,BFA,2020,Urban population (% of total population),SP.URB.TOTL.IN.ZS,26.3578373628627
Burkina Faso,BFA,2019,Urban population (% of total population),SP.URB.TOTL.IN.ZS,26.1187254401157
Burkina Faso,BFA,2018,Urban population (% of total population),SP.URB.TOTL.IN.ZS,26.0832202154822
Burkina Faso,BFA,2017,Urban population (% of total population),SP.URB.TOTL.IN.ZS,25.9769918665632
Burkina Faso,BFA,2016,Urban population (% of total population),SP.URB.TOTL.IN.ZS,25.821510372001
Burkina Faso,BFA,2015,Urban population (% of total population),SP.URB.TOTL.IN.ZS,25.621432645225
Burkina Faso,BFA,2014,Urban population (% of total population),SP.URB.TOTL.IN.ZS,25.3814155996643
Burkina Faso,BFA,2013,Urban population (% of total population),SP.URB.TOTL.IN.ZS,25.106116148748
Burkina Faso,BFA,2012,Urban population (% of total population),SP.URB.TOTL.IN.ZS,24.8001912059054
Burkina Faso,BFA,2011,Urban population (% of total population),SP.URB.TOTL.IN.ZS,24.4682976845657
Burkina Faso,BFA,2010,Urban population (% of total population),SP.URB.TOTL.IN.ZS,24.115092498158
Burkina Faso,BFA,2009,Urban population (% of total population),SP.URB.TOTL.IN.ZS,23.7452325601116
Burkina Faso,BFA,2008,Urban population (% of total population),SP.URB.TOTL.IN.ZS,23.3633747838557
Burkina Faso,BFA,2007,Urban population (% of total population),SP.URB.TOTL.IN.ZS,22.9741760828193
Burkina Faso,BFA,2006,Urban population (% of total population),SP.URB.TOTL.IN.ZS,22.5528306908743
Burkina Faso,BFA,2005,Urban population (% of total population),SP.URB.TOTL.IN.ZS,22.0179778440204
Burkina Faso,BFA,2004,Urban population (% of total population),SP.URB.TOTL.IN.ZS,21.3392180754924
Burkina Faso,BFA,2003,Urban population (% of total population),SP.URB.TOTL.IN.ZS,20.563327262892
Burkina Faso,BFA,2002,Urban population (% of total population),SP.URB.TOTL.IN.ZS,19.725053583448
Burkina Faso,BFA,2001,Urban population (% of total population),SP.URB.TOTL.IN.ZS,18.8591452143893
Burkina Faso,BFA,2000,Urban population (% of total population),SP.URB.TOTL.IN.ZS,18.0003503329444
Burkina Faso,BFA,1999,Urban population (% of total population),SP.URB.TOTL.IN.ZS,17.1834171163423
Burkina Faso,BFA,1998,Urban population (% of total population),SP.URB.TOTL.IN.ZS,16.4430937418116
Burkina Faso,BFA,1997,Urban population (% of total population),SP.URB.TOTL.IN.ZS,15.8141283865811
Burkina Faso,BFA,1996,Urban population (% of total population),SP.URB.TOTL.IN.ZS,15.3191448028844
Burkina Faso,BFA,1995,Urban population (% of total population),SP.URB.TOTL.IN.ZS,14.8945565719465
Burkina Faso,BFA,1994,Urban population (% of total population),SP.URB.TOTL.IN.ZS,14.5131483144658
Burkina Faso,BFA,1993,Urban population (% of total population),SP.URB.TOTL.IN.ZS,14.1660760040858
Burkina Faso,BFA,1992,Urban population (% of total population),SP.URB.TOTL.IN.ZS,13.8437126999438
Burkina Faso,BFA,1991,Urban population (% of total population),SP.URB.TOTL.IN.ZS,13.5364314611772
Burkina Faso,BFA,1990,Urban population (% of total population),SP.URB.TOTL.IN.ZS,13.2346053469232
Burkina Faso,BFA,1989,Urban population (% of total population),SP.URB.TOTL.IN.ZS,12.9286074163191
Burkina Faso,BFA,1988,Urban population (% of total population),SP.URB.TOTL.IN.ZS,12.6088107285023
Burkina Faso,BFA,1987,Urban population (% of total population),SP.URB.TOTL.IN.ZS,12.26558834261
Burkina Faso,BFA,1986,Urban population (% of total population),SP.URB.TOTL.IN.ZS,11.8893133177795
Burkina Faso,BFA,1985,Urban population (% of total population),SP.URB.TOTL.IN.ZS,11.4581473159859
Burkina Faso,BFA,1984,Urban population (% of total population),SP.URB.TOTL.IN.ZS,10.9466819609318
Burkina Faso,BFA,1983,Urban population (% of total population),SP.URB.TOTL.IN.ZS,10.3543482734807
Burkina Faso,BFA,1982,Urban population (% of total population),SP.URB.TOTL.IN.ZS,9.71601327606543
Burkina Faso,BFA,1981,Urban population (% of total population),SP.URB.TOTL.IN.ZS,9.0605953160846
Burkina Faso,BFA,1980,Urban population (% of total population),SP.URB.TOTL.IN.ZS,8.41701274093687
Burkina Faso,BFA,1979,Urban population (% of total population),SP.URB.TOTL.IN.ZS,7.81418389802092
Burkina Faso,BFA,1978,Urban population (% of total population),SP.URB.TOTL.IN.ZS,7.28102713473539
Burkina Faso,BFA,1977,Urban population (% of total population),SP.URB.TOTL.IN.ZS,6.84646079847896
Burkina Faso,BFA,1976,Urban population (% of total population),SP.URB.TOTL.IN.ZS,6.53940323665028
Burkina Faso,BFA,1975,Urban population (% of total population),SP.URB.TOTL.IN.ZS,6.38334765393346
Burkina Faso,BFA,1974,Urban population (% of total population),SP.URB.TOTL.IN.ZS,6.29485940933228
Burkina Faso,BFA,1973,Urban population (% of total population),SP.URB.TOTL.IN.ZS,6.19532108306885
Burkina Faso,BFA,1972,Urban population (% of total population),SP.URB.TOTL.IN.ZS,6.097327709198
Burkina Faso,BFA,1971,Urban population (% of total population),SP.URB.TOTL.IN.ZS,6.00090456008911
Burkina Faso,BFA,1970,Urban population (% of total population),SP.URB.TOTL.IN.ZS,5.90600919723511
Burkina Faso,BFA,1969,Urban population (% of total population),SP.URB.TOTL.IN.ZS,5.81261157989502
Burkina Faso,BFA,1968,Urban population (% of total population),SP.URB.TOTL.IN.ZS,5.72066736221313
Burkina Faso,BFA,1967,Urban population (% of total population),SP.URB.TOTL.IN.ZS,5.63020658493042
Burkina Faso,BFA,1966,Urban population (% of total population),SP.URB.TOTL.IN.ZS,5.54116725921631
Burkina Faso,BFA,1965,Urban population (% of total population),SP.URB.TOTL.IN.ZS,5.453537940979
Burkina Faso,BFA,1964,Urban population (% of total population),SP.URB.TOTL.IN.ZS,5.36727714538574
Burkina Faso,BFA,1963,Urban population (% of total population),SP.URB.TOTL.IN.ZS,5.28240346908569
Burkina Faso,BFA,1962,Urban population (% of total population),SP.URB.TOTL.IN.ZS,5.19885778427124
Burkina Faso,BFA,1961,Urban population (% of total population),SP.URB.TOTL.IN.ZS,5.11663722991943
Burkina Faso,BFA,1960,Urban population (% of total population),SP.URB.TOTL.IN.ZS,5.03571128845215
Burkina Faso,BFA,2004,"Roads, paved (% of total roads)",IS.ROD.PAVE.ZS,4.17000007629395
Burkina Faso,BFA,1999,"Roads, paved (% of total roads)",IS.ROD.PAVE.ZS,16
Burkina Faso,BFA,1998,"Roads, paved (% of total roads)",IS.ROD.PAVE.ZS,16
Burkina Faso,BFA,1997,"Roads, paved (% of total roads)",IS.ROD.PAVE.ZS,16
Burkina Faso,BFA,1996,"Roads, paved (% of total roads)",IS.ROD.PAVE.ZS,16
Burkina Faso,BFA,1995,"Roads, paved (% of total roads)",IS.ROD.PAVE.ZS,16
Burkina Faso,BFA,1994,"Roads, paved (% of total roads)",IS.ROD.PAVE.ZS,18.7000007629395
Burkina Faso,BFA,1993,"Roads, paved (% of total roads)",IS.ROD.PAVE.ZS,18.2000007629395
Burkina Faso,BFA,1992,"Roads, paved (% of total roads)",IS.ROD.PAVE.ZS,17.6000003814697
Burkina Faso,BFA,1991,"Roads, paved (% of total roads)",IS.ROD.PAVE.ZS,17.1000003814697
Burkina Faso,BFA,1990,"Roads, paved (% of total roads)",IS.ROD.PAVE.ZS,16.6000003814697
